<?xml version="1.0" encoding="UTF-8"?>
<!DOCTYPE generatorConfiguration
  PUBLIC "-//mybatis.org//DTD MyBatis Generator Configuration 1.0//EN"
  "http://mybatis.org/dtd/mybatis-generator-config_1_0.dtd">
<generatorConfiguration>
    <!--数据库驱动-->
    <classPathEntry    location="D:\eclipse\workspace\MybatisGeneratorTool\lib\db2jcc.jar"/>
	<classPathEntry location="D:\eclipse\workspace\MybatisGeneratorTool\lib\db2jcc_license_cu.jar" />
    <classPathEntry location="D:\eclipse\workspace\MybatisGeneratorTool\lib\db2jcc4.jar" />
    <classPathEntry location="D:\eclipse\workspace\MybatisGeneratorTool\lib\db2java.jar" /> 
	<classPathEntry location="D:\eclipse\workspace\MybatisGeneratorTool\lib\db2jcc_license_cisuz.jar" /> 	
    <context id="DB2Tables"    targetRuntime="MyBatis3">
        <commentGenerator>
            <property name="suppressDate" value="true"/>
            <property name="suppressAllComments" value="true"/>
        </commentGenerator>
        <!--数据库链接地址账号密码-->
        <jdbcConnection driverClass="com.ibm.db2.jcc.DB2Driver" connectionURL="jdbc:db2://mvss.mul.ie.ibm.com/SPCDB2D" userId="" password="">
        </jdbcConnection>
        <javaTypeResolver>
            <property name="forceBigDecimals" value="false"/>
        </javaTypeResolver>
        <!--生成Model类存放位置-->
        <javaModelGenerator targetPackage="com.ibm.dk.alr.zscm.scrt.storing.mybatis.model" targetProject="src">
            <property name="enableSubPackages" value="true"/>
            <property name="trimStrings" value="true"/>
        </javaModelGenerator>
        <!--生成映射文件存放位置-->
        <sqlMapGenerator targetPackage="com.ibm.dk.alr.zscm.scrt.storing.mybatis.data" targetProject="src">
            <property name="enableSubPackages" value="true"/>
        </sqlMapGenerator>
        <!--生成Dao类存放位置-->
        <javaClientGenerator type="XMLMAPPER" targetPackage="com.ibm.dk.alr.zscm.scrt.storing.mybatis.data" targetProject="src">
            <property name="enableSubPackages" value="true"/>
        </javaClientGenerator>
        <!--生成对应表及类名-->
        <table tableName="WLMDPR" domainObjectName="WLMDPR" enableCountByExample="false" enableUpdateByExample="false" enableDeleteByExample="false" enableSelectByExample="false" selectByExampleQueryId="false"></table>
        <table tableName="WLMDCS" domainObjectName="WLMDCS" enableCountByExample="true" enableUpdateByExample="false" enableDeleteByExample="false" enableSelectByExample="false" selectByExampleQueryId="false"></table>
        <table tableName="WLMDSF" domainObjectName="WLMDSF" enableCountByExample="false" enableUpdateByExample="false" enableDeleteByExample="false" enableSelectByExample="false" selectByExampleQueryId="false"></table>

                                        
    </context>
</generatorConfiguration>