<?xml version="1.0" encoding="UTF-8"?>
<!DOCTYPE mapper PUBLIC "-//mybatis.org//DTD Mapper 3.0//EN" "http://mybatis.org/dtd/mybatis-3-mapper.dtd">
<mapper namespace="com.ibm.dk.alr.zscm.scrt.storing.mybatis.data.SCRACUMapper">
  <resultMap id="BaseResultMap" type="com.ibm.dk.alr.zscm.scrt.storing.mybatis.model.SCRACU">
    <id column="ISUBRID" jdbcType="CHAR" property="isubrid" />
    <id column="ISUBREP" jdbcType="INTEGER" property="isubrep" />
    <id column="ICPSSID" jdbcType="CHAR" property="icpssid" />
    <result column="DPERPER" jdbcType="CHAR" property="dperper" />
    <result column="IACUCID" jdbcType="CHAR" property="iacucid" />
    <result column="NCPSNAM" jdbcType="CHAR" property="ncpsnam" />
    <result column="QACUMSU" jdbcType="INTEGER" property="qacumsu" />
    <result column="QACUTMC" jdbcType="INTEGER" property="qacutmc" />
    <result column="DACUAUT" jdbcType="TIMESTAMP" property="dacuaut" />
    <result column="SACUAUP" jdbcType="CHAR" property="sacuaup" />
    <result column="SACUAUU" jdbcType="CHAR" property="sacuauu" />
  </resultMap>
  <sql id="Base_Column_List">
    ISUBRID, ISUBREP, ICPSSID, DPERPER, IACUCID, NCPSNAM, QACUMSU, QACUTMC, DACUAUT, 
    SACUAUP, SACUAUU
  </sql>
  <select id="selectByPrimaryKey" parameterType="com.ibm.dk.alr.zscm.scrt.storing.mybatis.model.SCRACUKey" resultMap="BaseResultMap">
    select 
    <include refid="Base_Column_List" />
    from SCRACU
    where ISUBRID = #{isubrid,jdbcType=CHAR}
      and ISUBREP = #{isubrep,jdbcType=INTEGER}
      and ICPSSID = #{icpssid,jdbcType=CHAR}
  </select>
  <delete id="deleteByPrimaryKey" parameterType="com.ibm.dk.alr.zscm.scrt.storing.mybatis.model.SCRACUKey">
    delete from SCRACU
    where ISUBRID = #{isubrid,jdbcType=CHAR}
      and ISUBREP = #{isubrep,jdbcType=INTEGER}
      and ICPSSID = #{icpssid,jdbcType=CHAR}
  </delete>
  <insert id="insert" parameterType="com.ibm.dk.alr.zscm.scrt.storing.mybatis.model.SCRACU">
    insert into SCRACU (ISUBRID, ISUBREP, ICPSSID, 
      DPERPER, IACUCID, NCPSNAM, QACUMSU, 
      QACUTMC, DACUAUT, SACUAUP, 
      SACUAUU)
    values (#{isubrid,jdbcType=CHAR}, #{isubrep,jdbcType=INTEGER}, #{icpssid,jdbcType=CHAR}, 
      #{dperper,jdbcType=CHAR}, #{iacucid,jdbcType=CHAR}, #{ncpsnam,jdbcType=CHAR}, #{qacumsu,jdbcType=INTEGER}, 
      #{qacutmc,jdbcType=INTEGER}, #{dacuaut,jdbcType=TIMESTAMP}, #{sacuaup,jdbcType=CHAR}, 
      #{sacuauu,jdbcType=CHAR})
  </insert>
  <insert id="insertSelective" parameterType="com.ibm.dk.alr.zscm.scrt.storing.mybatis.model.SCRACU">
    insert into SCRACU
    <trim prefix="(" suffix=")" suffixOverrides=",">
      <if test="isubrid != null">
        ISUBRID,
      </if>
      <if test="isubrep != null">
        ISUBREP,
      </if>
      <if test="icpssid != null">
        ICPSSID,
      </if>
      <if test="dperper != null">
        DPERPER,
      </if>
      <if test="iacucid != null">
        IACUCID,
      </if>
      <if test="ncpsnam != null">
        NCPSNAM,
      </if>
      <if test="qacumsu != null">
        QACUMSU,
      </if>
      <if test="qacutmc != null">
        QACUTMC,
      </if>
      <if test="dacuaut != null">
        DACUAUT,
      </if>
      <if test="sacuaup != null">
        SACUAUP,
      </if>
      <if test="sacuauu != null">
        SACUAUU,
      </if>
    </trim>
    <trim prefix="values (" suffix=")" suffixOverrides=",">
      <if test="isubrid != null">
        #{isubrid,jdbcType=CHAR},
      </if>
      <if test="isubrep != null">
        #{isubrep,jdbcType=INTEGER},
      </if>
      <if test="icpssid != null">
        #{icpssid,jdbcType=CHAR},
      </if>
      <if test="dperper != null">
        #{dperper,jdbcType=CHAR},
      </if>
      <if test="iacucid != null">
        #{iacucid,jdbcType=CHAR},
      </if>
      <if test="ncpsnam != null">
        #{ncpsnam,jdbcType=CHAR},
      </if>
      <if test="qacumsu != null">
        #{qacumsu,jdbcType=INTEGER},
      </if>
      <if test="qacutmc != null">
        #{qacutmc,jdbcType=INTEGER},
      </if>
      <if test="dacuaut != null">
        #{dacuaut,jdbcType=TIMESTAMP},
      </if>
      <if test="sacuaup != null">
        #{sacuaup,jdbcType=CHAR},
      </if>
      <if test="sacuauu != null">
        #{sacuauu,jdbcType=CHAR},
      </if>
    </trim>
  </insert>
  <update id="updateByPrimaryKeySelective" parameterType="com.ibm.dk.alr.zscm.scrt.storing.mybatis.model.SCRACU">
    update SCRACU
    <set>
      <if test="dperper != null">
        DPERPER = #{dperper,jdbcType=CHAR},
      </if>
      <if test="iacucid != null">
        IACUCID = #{iacucid,jdbcType=CHAR},
      </if>
      <if test="ncpsnam != null">
        NCPSNAM = #{ncpsnam,jdbcType=CHAR},
      </if>
      <if test="qacumsu != null">
        QACUMSU = #{qacumsu,jdbcType=INTEGER},
      </if>
      <if test="qacutmc != null">
        QACUTMC = #{qacutmc,jdbcType=INTEGER},
      </if>
      <if test="dacuaut != null">
        DACUAUT = #{dacuaut,jdbcType=TIMESTAMP},
      </if>
      <if test="sacuaup != null">
        SACUAUP = #{sacuaup,jdbcType=CHAR},
      </if>
      <if test="sacuauu != null">
        SACUAUU = #{sacuauu,jdbcType=CHAR},
      </if>
    </set>
    where ISUBRID = #{isubrid,jdbcType=CHAR}
      and ISUBREP = #{isubrep,jdbcType=INTEGER}
      and ICPSSID = #{icpssid,jdbcType=CHAR}
  </update>
  <update id="updateByPrimaryKey" parameterType="com.ibm.dk.alr.zscm.scrt.storing.mybatis.model.SCRACU">
    update SCRACU
    set DPERPER = #{dperper,jdbcType=CHAR},
      IACUCID = #{iacucid,jdbcType=CHAR},
      NCPSNAM = #{ncpsnam,jdbcType=CHAR},
      QACUMSU = #{qacumsu,jdbcType=INTEGER},
      QACUTMC = #{qacutmc,jdbcType=INTEGER},
      DACUAUT = #{dacuaut,jdbcType=TIMESTAMP},
      SACUAUP = #{sacuaup,jdbcType=CHAR},
      SACUAUU = #{sacuauu,jdbcType=CHAR}
    where ISUBRID = #{isubrid,jdbcType=CHAR}
      and ISUBREP = #{isubrep,jdbcType=INTEGER}
      and ICPSSID = #{icpssid,jdbcType=CHAR}
  </update>
  <resultMap id="BaseResultMap" type="com.ibm.dk.alr.zscm.scrt.storing.mybatis.model.SCRACU">
    <id column="ISUBRID" jdbcType="CHAR" property="isubrid" />
    <id column="ISUBREP" jdbcType="INTEGER" property="isubrep" />
    <id column="ICPSSID" jdbcType="CHAR" property="icpssid" />
    <result column="DPERPER" jdbcType="CHAR" property="dperper" />
    <result column="IACUCID" jdbcType="CHAR" property="iacucid" />
    <result column="NCPSNAM" jdbcType="CHAR" property="ncpsnam" />
    <result column="QACUMSU" jdbcType="INTEGER" property="qacumsu" />
    <result column="QACUTMC" jdbcType="INTEGER" property="qacutmc" />
    <result column="DACUAUT" jdbcType="TIMESTAMP" property="dacuaut" />
    <result column="SACUAUP" jdbcType="CHAR" property="sacuaup" />
    <result column="SACUAUU" jdbcType="CHAR" property="sacuauu" />
  </resultMap>
  <sql id="Base_Column_List">
    ISUBRID, ISUBREP, ICPSSID, DPERPER, IACUCID, NCPSNAM, QACUMSU, QACUTMC, DACUAUT, 
    SACUAUP, SACUAUU
  </sql>
  <select id="selectByPrimaryKey" parameterType="com.ibm.dk.alr.zscm.scrt.storing.mybatis.model.SCRACUKey" resultMap="BaseResultMap">
    select 
    <include refid="Base_Column_List" />
    from SCRACU
    where ISUBRID = #{isubrid,jdbcType=CHAR}
      and ISUBREP = #{isubrep,jdbcType=INTEGER}
      and ICPSSID = #{icpssid,jdbcType=CHAR}
  </select>
  <delete id="deleteByPrimaryKey" parameterType="com.ibm.dk.alr.zscm.scrt.storing.mybatis.model.SCRACUKey">
    delete from SCRACU
    where ISUBRID = #{isubrid,jdbcType=CHAR}
      and ISUBREP = #{isubrep,jdbcType=INTEGER}
      and ICPSSID = #{icpssid,jdbcType=CHAR}
  </delete>
  <insert id="insert" parameterType="com.ibm.dk.alr.zscm.scrt.storing.mybatis.model.SCRACU">
    insert into SCRACU (ISUBRID, ISUBREP, ICPSSID, 
      DPERPER, IACUCID, NCPSNAM, QACUMSU, 
      QACUTMC, DACUAUT, SACUAUP, 
      SACUAUU)
    values (#{isubrid,jdbcType=CHAR}, #{isubrep,jdbcType=INTEGER}, #{icpssid,jdbcType=CHAR}, 
      #{dperper,jdbcType=CHAR}, #{iacucid,jdbcType=CHAR}, #{ncpsnam,jdbcType=CHAR}, #{qacumsu,jdbcType=INTEGER}, 
      #{qacutmc,jdbcType=INTEGER}, #{dacuaut,jdbcType=TIMESTAMP}, #{sacuaup,jdbcType=CHAR}, 
      #{sacuauu,jdbcType=CHAR})
  </insert>
  <insert id="insertSelective" parameterType="com.ibm.dk.alr.zscm.scrt.storing.mybatis.model.SCRACU">
    insert into SCRACU
    <trim prefix="(" suffix=")" suffixOverrides=",">
      <if test="isubrid != null">
        ISUBRID,
      </if>
      <if test="isubrep != null">
        ISUBREP,
      </if>
      <if test="icpssid != null">
        ICPSSID,
      </if>
      <if test="dperper != null">
        DPERPER,
      </if>
      <if test="iacucid != null">
        IACUCID,
      </if>
      <if test="ncpsnam != null">
        NCPSNAM,
      </if>
      <if test="qacumsu != null">
        QACUMSU,
      </if>
      <if test="qacutmc != null">
        QACUTMC,
      </if>
      <if test="dacuaut != null">
        DACUAUT,
      </if>
      <if test="sacuaup != null">
        SACUAUP,
      </if>
      <if test="sacuauu != null">
        SACUAUU,
      </if>
    </trim>
    <trim prefix="values (" suffix=")" suffixOverrides=",">
      <if test="isubrid != null">
        #{isubrid,jdbcType=CHAR},
      </if>
      <if test="isubrep != null">
        #{isubrep,jdbcType=INTEGER},
      </if>
      <if test="icpssid != null">
        #{icpssid,jdbcType=CHAR},
      </if>
      <if test="dperper != null">
        #{dperper,jdbcType=CHAR},
      </if>
      <if test="iacucid != null">
        #{iacucid,jdbcType=CHAR},
      </if>
      <if test="ncpsnam != null">
        #{ncpsnam,jdbcType=CHAR},
      </if>
      <if test="qacumsu != null">
        #{qacumsu,jdbcType=INTEGER},
      </if>
      <if test="qacutmc != null">
        #{qacutmc,jdbcType=INTEGER},
      </if>
      <if test="dacuaut != null">
        #{dacuaut,jdbcType=TIMESTAMP},
      </if>
      <if test="sacuaup != null">
        #{sacuaup,jdbcType=CHAR},
      </if>
      <if test="sacuauu != null">
        #{sacuauu,jdbcType=CHAR},
      </if>
    </trim>
  </insert>
  <update id="updateByPrimaryKeySelective" parameterType="com.ibm.dk.alr.zscm.scrt.storing.mybatis.model.SCRACU">
    update SCRACU
    <set>
      <if test="dperper != null">
        DPERPER = #{dperper,jdbcType=CHAR},
      </if>
      <if test="iacucid != null">
        IACUCID = #{iacucid,jdbcType=CHAR},
      </if>
      <if test="ncpsnam != null">
        NCPSNAM = #{ncpsnam,jdbcType=CHAR},
      </if>
      <if test="qacumsu != null">
        QACUMSU = #{qacumsu,jdbcType=INTEGER},
      </if>
      <if test="qacutmc != null">
        QACUTMC = #{qacutmc,jdbcType=INTEGER},
      </if>
      <if test="dacuaut != null">
        DACUAUT = #{dacuaut,jdbcType=TIMESTAMP},
      </if>
      <if test="sacuaup != null">
        SACUAUP = #{sacuaup,jdbcType=CHAR},
      </if>
      <if test="sacuauu != null">
        SACUAUU = #{sacuauu,jdbcType=CHAR},
      </if>
    </set>
    where ISUBRID = #{isubrid,jdbcType=CHAR}
      and ISUBREP = #{isubrep,jdbcType=INTEGER}
      and ICPSSID = #{icpssid,jdbcType=CHAR}
  </update>
  <update id="updateByPrimaryKey" parameterType="com.ibm.dk.alr.zscm.scrt.storing.mybatis.model.SCRACU">
    update SCRACU
    set DPERPER = #{dperper,jdbcType=CHAR},
      IACUCID = #{iacucid,jdbcType=CHAR},
      NCPSNAM = #{ncpsnam,jdbcType=CHAR},
      QACUMSU = #{qacumsu,jdbcType=INTEGER},
      QACUTMC = #{qacutmc,jdbcType=INTEGER},
      DACUAUT = #{dacuaut,jdbcType=TIMESTAMP},
      SACUAUP = #{sacuaup,jdbcType=CHAR},
      SACUAUU = #{sacuauu,jdbcType=CHAR}
    where ISUBRID = #{isubrid,jdbcType=CHAR}
      and ISUBREP = #{isubrep,jdbcType=INTEGER}
      and ICPSSID = #{icpssid,jdbcType=CHAR}
  </update>
  <resultMap id="BaseResultMap" type="com.ibm.dk.alr.zscm.scrt.storing.mybatis.model.SCRACU">
    <id column="ISUBRID" jdbcType="CHAR" property="isubrid" />
    <id column="ISUBREP" jdbcType="INTEGER" property="isubrep" />
    <id column="ICPSSID" jdbcType="CHAR" property="icpssid" />
    <result column="DPERPER" jdbcType="CHAR" property="dperper" />
    <result column="IACUCID" jdbcType="CHAR" property="iacucid" />
    <result column="NCPSNAM" jdbcType="CHAR" property="ncpsnam" />
    <result column="QACUMSU" jdbcType="INTEGER" property="qacumsu" />
    <result column="QACUTMC" jdbcType="INTEGER" property="qacutmc" />
    <result column="DACUAUT" jdbcType="TIMESTAMP" property="dacuaut" />
    <result column="SACUAUP" jdbcType="CHAR" property="sacuaup" />
    <result column="SACUAUU" jdbcType="CHAR" property="sacuauu" />
  </resultMap>
  <sql id="Base_Column_List">
    ISUBRID, ISUBREP, ICPSSID, DPERPER, IACUCID, NCPSNAM, QACUMSU, QACUTMC, DACUAUT, 
    SACUAUP, SACUAUU
  </sql>
  <select id="selectByPrimaryKey" parameterType="com.ibm.dk.alr.zscm.scrt.storing.mybatis.model.SCRACUKey" resultMap="BaseResultMap">
    select 
    <include refid="Base_Column_List" />
    from SCRACU
    where ISUBRID = #{isubrid,jdbcType=CHAR}
      and ISUBREP = #{isubrep,jdbcType=INTEGER}
      and ICPSSID = #{icpssid,jdbcType=CHAR}
  </select>
  <delete id="deleteByPrimaryKey" parameterType="com.ibm.dk.alr.zscm.scrt.storing.mybatis.model.SCRACUKey">
    delete from SCRACU
    where ISUBRID = #{isubrid,jdbcType=CHAR}
      and ISUBREP = #{isubrep,jdbcType=INTEGER}
      and ICPSSID = #{icpssid,jdbcType=CHAR}
  </delete>
  <insert id="insert" parameterType="com.ibm.dk.alr.zscm.scrt.storing.mybatis.model.SCRACU">
    insert into SCRACU (ISUBRID, ISUBREP, ICPSSID, 
      DPERPER, IACUCID, NCPSNAM, QACUMSU, 
      QACUTMC, DACUAUT, SACUAUP, 
      SACUAUU)
    values (#{isubrid,jdbcType=CHAR}, #{isubrep,jdbcType=INTEGER}, #{icpssid,jdbcType=CHAR}, 
      #{dperper,jdbcType=CHAR}, #{iacucid,jdbcType=CHAR}, #{ncpsnam,jdbcType=CHAR}, #{qacumsu,jdbcType=INTEGER}, 
      #{qacutmc,jdbcType=INTEGER}, #{dacuaut,jdbcType=TIMESTAMP}, #{sacuaup,jdbcType=CHAR}, 
      #{sacuauu,jdbcType=CHAR})
  </insert>
  <insert id="insertSelective" parameterType="com.ibm.dk.alr.zscm.scrt.storing.mybatis.model.SCRACU">
    insert into SCRACU
    <trim prefix="(" suffix=")" suffixOverrides=",">
      <if test="isubrid != null">
        ISUBRID,
      </if>
      <if test="isubrep != null">
        ISUBREP,
      </if>
      <if test="icpssid != null">
        ICPSSID,
      </if>
      <if test="dperper != null">
        DPERPER,
      </if>
      <if test="iacucid != null">
        IACUCID,
      </if>
      <if test="ncpsnam != null">
        NCPSNAM,
      </if>
      <if test="qacumsu != null">
        QACUMSU,
      </if>
      <if test="qacutmc != null">
        QACUTMC,
      </if>
      <if test="dacuaut != null">
        DACUAUT,
      </if>
      <if test="sacuaup != null">
        SACUAUP,
      </if>
      <if test="sacuauu != null">
        SACUAUU,
      </if>
    </trim>
    <trim prefix="values (" suffix=")" suffixOverrides=",">
      <if test="isubrid != null">
        #{isubrid,jdbcType=CHAR},
      </if>
      <if test="isubrep != null">
        #{isubrep,jdbcType=INTEGER},
      </if>
      <if test="icpssid != null">
        #{icpssid,jdbcType=CHAR},
      </if>
      <if test="dperper != null">
        #{dperper,jdbcType=CHAR},
      </if>
      <if test="iacucid != null">
        #{iacucid,jdbcType=CHAR},
      </if>
      <if test="ncpsnam != null">
        #{ncpsnam,jdbcType=CHAR},
      </if>
      <if test="qacumsu != null">
        #{qacumsu,jdbcType=INTEGER},
      </if>
      <if test="qacutmc != null">
        #{qacutmc,jdbcType=INTEGER},
      </if>
      <if test="dacuaut != null">
        #{dacuaut,jdbcType=TIMESTAMP},
      </if>
      <if test="sacuaup != null">
        #{sacuaup,jdbcType=CHAR},
      </if>
      <if test="sacuauu != null">
        #{sacuauu,jdbcType=CHAR},
      </if>
    </trim>
  </insert>
  <update id="updateByPrimaryKeySelective" parameterType="com.ibm.dk.alr.zscm.scrt.storing.mybatis.model.SCRACU">
    update SCRACU
    <set>
      <if test="dperper != null">
        DPERPER = #{dperper,jdbcType=CHAR},
      </if>
      <if test="iacucid != null">
        IACUCID = #{iacucid,jdbcType=CHAR},
      </if>
      <if test="ncpsnam != null">
        NCPSNAM = #{ncpsnam,jdbcType=CHAR},
      </if>
      <if test="qacumsu != null">
        QACUMSU = #{qacumsu,jdbcType=INTEGER},
      </if>
      <if test="qacutmc != null">
        QACUTMC = #{qacutmc,jdbcType=INTEGER},
      </if>
      <if test="dacuaut != null">
        DACUAUT = #{dacuaut,jdbcType=TIMESTAMP},
      </if>
      <if test="sacuaup != null">
        SACUAUP = #{sacuaup,jdbcType=CHAR},
      </if>
      <if test="sacuauu != null">
        SACUAUU = #{sacuauu,jdbcType=CHAR},
      </if>
    </set>
    where ISUBRID = #{isubrid,jdbcType=CHAR}
      and ISUBREP = #{isubrep,jdbcType=INTEGER}
      and ICPSSID = #{icpssid,jdbcType=CHAR}
  </update>
  <update id="updateByPrimaryKey" parameterType="com.ibm.dk.alr.zscm.scrt.storing.mybatis.model.SCRACU">
    update SCRACU
    set DPERPER = #{dperper,jdbcType=CHAR},
      IACUCID = #{iacucid,jdbcType=CHAR},
      NCPSNAM = #{ncpsnam,jdbcType=CHAR},
      QACUMSU = #{qacumsu,jdbcType=INTEGER},
      QACUTMC = #{qacutmc,jdbcType=INTEGER},
      DACUAUT = #{dacuaut,jdbcType=TIMESTAMP},
      SACUAUP = #{sacuaup,jdbcType=CHAR},
      SACUAUU = #{sacuauu,jdbcType=CHAR}
    where ISUBRID = #{isubrid,jdbcType=CHAR}
      and ISUBREP = #{isubrep,jdbcType=INTEGER}
      and ICPSSID = #{icpssid,jdbcType=CHAR}
  </update>
</mapper>