<?xml version="1.0" encoding="UTF-8"?>
<!DOCTYPE mapper PUBLIC "-//mybatis.org//DTD Mapper 3.0//EN" "http://mybatis.org/dtd/mybatis-3-mapper.dtd">
<mapper namespace="com.ibm.dk.alr.zscm.scrt.storing.mybatis.data.SCREPUMapper">
  <resultMap id="BaseResultMap" type="com.ibm.dk.alr.zscm.scrt.storing.mybatis.model.SCREPU">
    <id column="ISUBRID" jdbcType="CHAR" property="isubrid" />
    <id column="ISUBREP" jdbcType="INTEGER" property="isubrep" />
    <id column="NEPUOPN" jdbcType="CHAR" property="nepuopn" />
    <id column="IPGMNBR" jdbcType="CHAR" property="ipgmnbr" />
    <result column="NPRDNBR" jdbcType="CHAR" property="nprdnbr" />
    <result column="QEPUEPU" jdbcType="INTEGER" property="qepuepu" />
    <result column="QEPUMPU" jdbcType="INTEGER" property="qepumpu" />
    <result column="DEPUDAT" jdbcType="CHAR" property="depudat" />
    <result column="DEPUAUT" jdbcType="TIMESTAMP" property="depuaut" />
    <result column="SEPUAUU" jdbcType="CHAR" property="sepuauu" />
    <result column="SEPUAUP" jdbcType="CHAR" property="sepuaup" />
  </resultMap>
  <sql id="Base_Column_List">
    ISUBRID, ISUBREP, NEPUOPN, IPGMNBR, NPRDNBR, QEPUEPU, QEPUMPU, DEPUDAT, DEPUAUT, 
    SEPUAUU, SEPUAUP
  </sql>
  <select id="selectByPrimaryKey" parameterType="com.ibm.dk.alr.zscm.scrt.storing.mybatis.model.SCREPUKey" resultMap="BaseResultMap">
    select 
    <include refid="Base_Column_List" />
    from SCREPU
    where ISUBRID = #{isubrid,jdbcType=CHAR}
      and ISUBREP = #{isubrep,jdbcType=INTEGER}
      and NEPUOPN = #{nepuopn,jdbcType=CHAR}
      and IPGMNBR = #{ipgmnbr,jdbcType=CHAR}
  </select>
  <delete id="deleteByPrimaryKey" parameterType="com.ibm.dk.alr.zscm.scrt.storing.mybatis.model.SCREPUKey">
    delete from SCREPU
    where ISUBRID = #{isubrid,jdbcType=CHAR}
      and ISUBREP = #{isubrep,jdbcType=INTEGER}
      and NEPUOPN = #{nepuopn,jdbcType=CHAR}
      and IPGMNBR = #{ipgmnbr,jdbcType=CHAR}
  </delete>
  <insert id="insert" parameterType="com.ibm.dk.alr.zscm.scrt.storing.mybatis.model.SCREPU">
    insert into SCREPU (ISUBRID, ISUBREP, NEPUOPN, 
      IPGMNBR, NPRDNBR, QEPUEPU, 
      QEPUMPU, DEPUDAT, DEPUAUT, 
      SEPUAUU, SEPUAUP)
    values (#{isubrid,jdbcType=CHAR}, #{isubrep,jdbcType=INTEGER}, #{nepuopn,jdbcType=CHAR}, 
      #{ipgmnbr,jdbcType=CHAR}, #{nprdnbr,jdbcType=CHAR}, #{qepuepu,jdbcType=INTEGER}, 
      #{qepumpu,jdbcType=INTEGER}, #{depudat,jdbcType=CHAR}, #{depuaut,jdbcType=TIMESTAMP}, 
      #{sepuauu,jdbcType=CHAR}, #{sepuaup,jdbcType=CHAR})
  </insert>
  <insert id="insertSelective" parameterType="com.ibm.dk.alr.zscm.scrt.storing.mybatis.model.SCREPU">
    insert into SCREPU
    <trim prefix="(" suffix=")" suffixOverrides=",">
      <if test="isubrid != null">
        ISUBRID,
      </if>
      <if test="isubrep != null">
        ISUBREP,
      </if>
      <if test="nepuopn != null">
        NEPUOPN,
      </if>
      <if test="ipgmnbr != null">
        IPGMNBR,
      </if>
      <if test="nprdnbr != null">
        NPRDNBR,
      </if>
      <if test="qepuepu != null">
        QEPUEPU,
      </if>
      <if test="qepumpu != null">
        QEPUMPU,
      </if>
      <if test="depudat != null">
        DEPUDAT,
      </if>
      <if test="depuaut != null">
        DEPUAUT,
      </if>
      <if test="sepuauu != null">
        SEPUAUU,
      </if>
      <if test="sepuaup != null">
        SEPUAUP,
      </if>
    </trim>
    <trim prefix="values (" suffix=")" suffixOverrides=",">
      <if test="isubrid != null">
        #{isubrid,jdbcType=CHAR},
      </if>
      <if test="isubrep != null">
        #{isubrep,jdbcType=INTEGER},
      </if>
      <if test="nepuopn != null">
        #{nepuopn,jdbcType=CHAR},
      </if>
      <if test="ipgmnbr != null">
        #{ipgmnbr,jdbcType=CHAR},
      </if>
      <if test="nprdnbr != null">
        #{nprdnbr,jdbcType=CHAR},
      </if>
      <if test="qepuepu != null">
        #{qepuepu,jdbcType=INTEGER},
      </if>
      <if test="qepumpu != null">
        #{qepumpu,jdbcType=INTEGER},
      </if>
      <if test="depudat != null">
        #{depudat,jdbcType=CHAR},
      </if>
      <if test="depuaut != null">
        #{depuaut,jdbcType=TIMESTAMP},
      </if>
      <if test="sepuauu != null">
        #{sepuauu,jdbcType=CHAR},
      </if>
      <if test="sepuaup != null">
        #{sepuaup,jdbcType=CHAR},
      </if>
    </trim>
  </insert>
  <update id="updateByPrimaryKeySelective" parameterType="com.ibm.dk.alr.zscm.scrt.storing.mybatis.model.SCREPU">
    update SCREPU
    <set>
      <if test="nprdnbr != null">
        NPRDNBR = #{nprdnbr,jdbcType=CHAR},
      </if>
      <if test="qepuepu != null">
        QEPUEPU = #{qepuepu,jdbcType=INTEGER},
      </if>
      <if test="qepumpu != null">
        QEPUMPU = #{qepumpu,jdbcType=INTEGER},
      </if>
      <if test="depudat != null">
        DEPUDAT = #{depudat,jdbcType=CHAR},
      </if>
      <if test="depuaut != null">
        DEPUAUT = #{depuaut,jdbcType=TIMESTAMP},
      </if>
      <if test="sepuauu != null">
        SEPUAUU = #{sepuauu,jdbcType=CHAR},
      </if>
      <if test="sepuaup != null">
        SEPUAUP = #{sepuaup,jdbcType=CHAR},
      </if>
    </set>
    where ISUBRID = #{isubrid,jdbcType=CHAR}
      and ISUBREP = #{isubrep,jdbcType=INTEGER}
      and NEPUOPN = #{nepuopn,jdbcType=CHAR}
      and IPGMNBR = #{ipgmnbr,jdbcType=CHAR}
  </update>
  <update id="updateByPrimaryKey" parameterType="com.ibm.dk.alr.zscm.scrt.storing.mybatis.model.SCREPU">
    update SCREPU
    set NPRDNBR = #{nprdnbr,jdbcType=CHAR},
      QEPUEPU = #{qepuepu,jdbcType=INTEGER},
      QEPUMPU = #{qepumpu,jdbcType=INTEGER},
      DEPUDAT = #{depudat,jdbcType=CHAR},
      DEPUAUT = #{depuaut,jdbcType=TIMESTAMP},
      SEPUAUU = #{sepuauu,jdbcType=CHAR},
      SEPUAUP = #{sepuaup,jdbcType=CHAR}
    where ISUBRID = #{isubrid,jdbcType=CHAR}
      and ISUBREP = #{isubrep,jdbcType=INTEGER}
      and NEPUOPN = #{nepuopn,jdbcType=CHAR}
      and IPGMNBR = #{ipgmnbr,jdbcType=CHAR}
  </update>
  <resultMap id="BaseResultMap" type="com.ibm.dk.alr.zscm.scrt.storing.mybatis.model.SCREPU">
    <id column="ISUBRID" jdbcType="CHAR" property="isubrid" />
    <id column="ISUBREP" jdbcType="INTEGER" property="isubrep" />
    <id column="NEPUOPN" jdbcType="CHAR" property="nepuopn" />
    <id column="IPGMNBR" jdbcType="CHAR" property="ipgmnbr" />
    <result column="NPRDNBR" jdbcType="CHAR" property="nprdnbr" />
    <result column="QEPUEPU" jdbcType="INTEGER" property="qepuepu" />
    <result column="QEPUMPU" jdbcType="INTEGER" property="qepumpu" />
    <result column="DEPUDAT" jdbcType="CHAR" property="depudat" />
    <result column="DEPUAUT" jdbcType="TIMESTAMP" property="depuaut" />
    <result column="SEPUAUU" jdbcType="CHAR" property="sepuauu" />
    <result column="SEPUAUP" jdbcType="CHAR" property="sepuaup" />
  </resultMap>
  <sql id="Base_Column_List">
    ISUBRID, ISUBREP, NEPUOPN, IPGMNBR, NPRDNBR, QEPUEPU, QEPUMPU, DEPUDAT, DEPUAUT, 
    SEPUAUU, SEPUAUP
  </sql>
  <select id="selectByPrimaryKey" parameterType="com.ibm.dk.alr.zscm.scrt.storing.mybatis.model.SCREPUKey" resultMap="BaseResultMap">
    select 
    <include refid="Base_Column_List" />
    from SCREPU
    where ISUBRID = #{isubrid,jdbcType=CHAR}
      and ISUBREP = #{isubrep,jdbcType=INTEGER}
      and NEPUOPN = #{nepuopn,jdbcType=CHAR}
      and IPGMNBR = #{ipgmnbr,jdbcType=CHAR}
  </select>
  <delete id="deleteByPrimaryKey" parameterType="com.ibm.dk.alr.zscm.scrt.storing.mybatis.model.SCREPUKey">
    delete from SCREPU
    where ISUBRID = #{isubrid,jdbcType=CHAR}
      and ISUBREP = #{isubrep,jdbcType=INTEGER}
      and NEPUOPN = #{nepuopn,jdbcType=CHAR}
      and IPGMNBR = #{ipgmnbr,jdbcType=CHAR}
  </delete>
  <insert id="insert" parameterType="com.ibm.dk.alr.zscm.scrt.storing.mybatis.model.SCREPU">
    insert into SCREPU (ISUBRID, ISUBREP, NEPUOPN, 
      IPGMNBR, NPRDNBR, QEPUEPU, 
      QEPUMPU, DEPUDAT, DEPUAUT, 
      SEPUAUU, SEPUAUP)
    values (#{isubrid,jdbcType=CHAR}, #{isubrep,jdbcType=INTEGER}, #{nepuopn,jdbcType=CHAR}, 
      #{ipgmnbr,jdbcType=CHAR}, #{nprdnbr,jdbcType=CHAR}, #{qepuepu,jdbcType=INTEGER}, 
      #{qepumpu,jdbcType=INTEGER}, #{depudat,jdbcType=CHAR}, #{depuaut,jdbcType=TIMESTAMP}, 
      #{sepuauu,jdbcType=CHAR}, #{sepuaup,jdbcType=CHAR})
  </insert>
  <insert id="insertSelective" parameterType="com.ibm.dk.alr.zscm.scrt.storing.mybatis.model.SCREPU">
    insert into SCREPU
    <trim prefix="(" suffix=")" suffixOverrides=",">
      <if test="isubrid != null">
        ISUBRID,
      </if>
      <if test="isubrep != null">
        ISUBREP,
      </if>
      <if test="nepuopn != null">
        NEPUOPN,
      </if>
      <if test="ipgmnbr != null">
        IPGMNBR,
      </if>
      <if test="nprdnbr != null">
        NPRDNBR,
      </if>
      <if test="qepuepu != null">
        QEPUEPU,
      </if>
      <if test="qepumpu != null">
        QEPUMPU,
      </if>
      <if test="depudat != null">
        DEPUDAT,
      </if>
      <if test="depuaut != null">
        DEPUAUT,
      </if>
      <if test="sepuauu != null">
        SEPUAUU,
      </if>
      <if test="sepuaup != null">
        SEPUAUP,
      </if>
    </trim>
    <trim prefix="values (" suffix=")" suffixOverrides=",">
      <if test="isubrid != null">
        #{isubrid,jdbcType=CHAR},
      </if>
      <if test="isubrep != null">
        #{isubrep,jdbcType=INTEGER},
      </if>
      <if test="nepuopn != null">
        #{nepuopn,jdbcType=CHAR},
      </if>
      <if test="ipgmnbr != null">
        #{ipgmnbr,jdbcType=CHAR},
      </if>
      <if test="nprdnbr != null">
        #{nprdnbr,jdbcType=CHAR},
      </if>
      <if test="qepuepu != null">
        #{qepuepu,jdbcType=INTEGER},
      </if>
      <if test="qepumpu != null">
        #{qepumpu,jdbcType=INTEGER},
      </if>
      <if test="depudat != null">
        #{depudat,jdbcType=CHAR},
      </if>
      <if test="depuaut != null">
        #{depuaut,jdbcType=TIMESTAMP},
      </if>
      <if test="sepuauu != null">
        #{sepuauu,jdbcType=CHAR},
      </if>
      <if test="sepuaup != null">
        #{sepuaup,jdbcType=CHAR},
      </if>
    </trim>
  </insert>
  <update id="updateByPrimaryKeySelective" parameterType="com.ibm.dk.alr.zscm.scrt.storing.mybatis.model.SCREPU">
    update SCREPU
    <set>
      <if test="nprdnbr != null">
        NPRDNBR = #{nprdnbr,jdbcType=CHAR},
      </if>
      <if test="qepuepu != null">
        QEPUEPU = #{qepuepu,jdbcType=INTEGER},
      </if>
      <if test="qepumpu != null">
        QEPUMPU = #{qepumpu,jdbcType=INTEGER},
      </if>
      <if test="depudat != null">
        DEPUDAT = #{depudat,jdbcType=CHAR},
      </if>
      <if test="depuaut != null">
        DEPUAUT = #{depuaut,jdbcType=TIMESTAMP},
      </if>
      <if test="sepuauu != null">
        SEPUAUU = #{sepuauu,jdbcType=CHAR},
      </if>
      <if test="sepuaup != null">
        SEPUAUP = #{sepuaup,jdbcType=CHAR},
      </if>
    </set>
    where ISUBRID = #{isubrid,jdbcType=CHAR}
      and ISUBREP = #{isubrep,jdbcType=INTEGER}
      and NEPUOPN = #{nepuopn,jdbcType=CHAR}
      and IPGMNBR = #{ipgmnbr,jdbcType=CHAR}
  </update>
  <update id="updateByPrimaryKey" parameterType="com.ibm.dk.alr.zscm.scrt.storing.mybatis.model.SCREPU">
    update SCREPU
    set NPRDNBR = #{nprdnbr,jdbcType=CHAR},
      QEPUEPU = #{qepuepu,jdbcType=INTEGER},
      QEPUMPU = #{qepumpu,jdbcType=INTEGER},
      DEPUDAT = #{depudat,jdbcType=CHAR},
      DEPUAUT = #{depuaut,jdbcType=TIMESTAMP},
      SEPUAUU = #{sepuauu,jdbcType=CHAR},
      SEPUAUP = #{sepuaup,jdbcType=CHAR}
    where ISUBRID = #{isubrid,jdbcType=CHAR}
      and ISUBREP = #{isubrep,jdbcType=INTEGER}
      and NEPUOPN = #{nepuopn,jdbcType=CHAR}
      and IPGMNBR = #{ipgmnbr,jdbcType=CHAR}
  </update>
  <resultMap id="BaseResultMap" type="com.ibm.dk.alr.zscm.scrt.storing.mybatis.model.SCREPU">
    <id column="ISUBRID" jdbcType="CHAR" property="isubrid" />
    <id column="ISUBREP" jdbcType="INTEGER" property="isubrep" />
    <id column="NEPUOPN" jdbcType="CHAR" property="nepuopn" />
    <id column="IPGMNBR" jdbcType="CHAR" property="ipgmnbr" />
    <result column="NPRDNBR" jdbcType="CHAR" property="nprdnbr" />
    <result column="QEPUEPU" jdbcType="INTEGER" property="qepuepu" />
    <result column="QEPUMPU" jdbcType="INTEGER" property="qepumpu" />
    <result column="DEPUDAT" jdbcType="CHAR" property="depudat" />
    <result column="DEPUAUT" jdbcType="TIMESTAMP" property="depuaut" />
    <result column="SEPUAUU" jdbcType="CHAR" property="sepuauu" />
    <result column="SEPUAUP" jdbcType="CHAR" property="sepuaup" />
  </resultMap>
  <sql id="Base_Column_List">
    ISUBRID, ISUBREP, NEPUOPN, IPGMNBR, NPRDNBR, QEPUEPU, QEPUMPU, DEPUDAT, DEPUAUT, 
    SEPUAUU, SEPUAUP
  </sql>
  <select id="selectByPrimaryKey" parameterType="com.ibm.dk.alr.zscm.scrt.storing.mybatis.model.SCREPUKey" resultMap="BaseResultMap">
    select 
    <include refid="Base_Column_List" />
    from SCREPU
    where ISUBRID = #{isubrid,jdbcType=CHAR}
      and ISUBREP = #{isubrep,jdbcType=INTEGER}
      and NEPUOPN = #{nepuopn,jdbcType=CHAR}
      and IPGMNBR = #{ipgmnbr,jdbcType=CHAR}
  </select>
  <delete id="deleteByPrimaryKey" parameterType="com.ibm.dk.alr.zscm.scrt.storing.mybatis.model.SCREPUKey">
    delete from SCREPU
    where ISUBRID = #{isubrid,jdbcType=CHAR}
      and ISUBREP = #{isubrep,jdbcType=INTEGER}
      and NEPUOPN = #{nepuopn,jdbcType=CHAR}
      and IPGMNBR = #{ipgmnbr,jdbcType=CHAR}
  </delete>
  <insert id="insert" parameterType="com.ibm.dk.alr.zscm.scrt.storing.mybatis.model.SCREPU">
    insert into SCREPU (ISUBRID, ISUBREP, NEPUOPN, 
      IPGMNBR, NPRDNBR, QEPUEPU, 
      QEPUMPU, DEPUDAT, DEPUAUT, 
      SEPUAUU, SEPUAUP)
    values (#{isubrid,jdbcType=CHAR}, #{isubrep,jdbcType=INTEGER}, #{nepuopn,jdbcType=CHAR}, 
      #{ipgmnbr,jdbcType=CHAR}, #{nprdnbr,jdbcType=CHAR}, #{qepuepu,jdbcType=INTEGER}, 
      #{qepumpu,jdbcType=INTEGER}, #{depudat,jdbcType=CHAR}, #{depuaut,jdbcType=TIMESTAMP}, 
      #{sepuauu,jdbcType=CHAR}, #{sepuaup,jdbcType=CHAR})
  </insert>
  <insert id="insertSelective" parameterType="com.ibm.dk.alr.zscm.scrt.storing.mybatis.model.SCREPU">
    insert into SCREPU
    <trim prefix="(" suffix=")" suffixOverrides=",">
      <if test="isubrid != null">
        ISUBRID,
      </if>
      <if test="isubrep != null">
        ISUBREP,
      </if>
      <if test="nepuopn != null">
        NEPUOPN,
      </if>
      <if test="ipgmnbr != null">
        IPGMNBR,
      </if>
      <if test="nprdnbr != null">
        NPRDNBR,
      </if>
      <if test="qepuepu != null">
        QEPUEPU,
      </if>
      <if test="qepumpu != null">
        QEPUMPU,
      </if>
      <if test="depudat != null">
        DEPUDAT,
      </if>
      <if test="depuaut != null">
        DEPUAUT,
      </if>
      <if test="sepuauu != null">
        SEPUAUU,
      </if>
      <if test="sepuaup != null">
        SEPUAUP,
      </if>
    </trim>
    <trim prefix="values (" suffix=")" suffixOverrides=",">
      <if test="isubrid != null">
        #{isubrid,jdbcType=CHAR},
      </if>
      <if test="isubrep != null">
        #{isubrep,jdbcType=INTEGER},
      </if>
      <if test="nepuopn != null">
        #{nepuopn,jdbcType=CHAR},
      </if>
      <if test="ipgmnbr != null">
        #{ipgmnbr,jdbcType=CHAR},
      </if>
      <if test="nprdnbr != null">
        #{nprdnbr,jdbcType=CHAR},
      </if>
      <if test="qepuepu != null">
        #{qepuepu,jdbcType=INTEGER},
      </if>
      <if test="qepumpu != null">
        #{qepumpu,jdbcType=INTEGER},
      </if>
      <if test="depudat != null">
        #{depudat,jdbcType=CHAR},
      </if>
      <if test="depuaut != null">
        #{depuaut,jdbcType=TIMESTAMP},
      </if>
      <if test="sepuauu != null">
        #{sepuauu,jdbcType=CHAR},
      </if>
      <if test="sepuaup != null">
        #{sepuaup,jdbcType=CHAR},
      </if>
    </trim>
  </insert>
  <update id="updateByPrimaryKeySelective" parameterType="com.ibm.dk.alr.zscm.scrt.storing.mybatis.model.SCREPU">
    update SCREPU
    <set>
      <if test="nprdnbr != null">
        NPRDNBR = #{nprdnbr,jdbcType=CHAR},
      </if>
      <if test="qepuepu != null">
        QEPUEPU = #{qepuepu,jdbcType=INTEGER},
      </if>
      <if test="qepumpu != null">
        QEPUMPU = #{qepumpu,jdbcType=INTEGER},
      </if>
      <if test="depudat != null">
        DEPUDAT = #{depudat,jdbcType=CHAR},
      </if>
      <if test="depuaut != null">
        DEPUAUT = #{depuaut,jdbcType=TIMESTAMP},
      </if>
      <if test="sepuauu != null">
        SEPUAUU = #{sepuauu,jdbcType=CHAR},
      </if>
      <if test="sepuaup != null">
        SEPUAUP = #{sepuaup,jdbcType=CHAR},
      </if>
    </set>
    where ISUBRID = #{isubrid,jdbcType=CHAR}
      and ISUBREP = #{isubrep,jdbcType=INTEGER}
      and NEPUOPN = #{nepuopn,jdbcType=CHAR}
      and IPGMNBR = #{ipgmnbr,jdbcType=CHAR}
  </update>
  <update id="updateByPrimaryKey" parameterType="com.ibm.dk.alr.zscm.scrt.storing.mybatis.model.SCREPU">
    update SCREPU
    set NPRDNBR = #{nprdnbr,jdbcType=CHAR},
      QEPUEPU = #{qepuepu,jdbcType=INTEGER},
      QEPUMPU = #{qepumpu,jdbcType=INTEGER},
      DEPUDAT = #{depudat,jdbcType=CHAR},
      DEPUAUT = #{depuaut,jdbcType=TIMESTAMP},
      SEPUAUU = #{sepuauu,jdbcType=CHAR},
      SEPUAUP = #{sepuaup,jdbcType=CHAR}
    where ISUBRID = #{isubrid,jdbcType=CHAR}
      and ISUBREP = #{isubrep,jdbcType=INTEGER}
      and NEPUOPN = #{nepuopn,jdbcType=CHAR}
      and IPGMNBR = #{ipgmnbr,jdbcType=CHAR}
  </update>
</mapper>