<?xml version="1.0" encoding="UTF-8"?>
<!DOCTYPE mapper PUBLIC "-//mybatis.org//DTD Mapper 3.0//EN" "http://mybatis.org/dtd/mybatis-3-mapper.dtd">
<mapper namespace="com.ibm.dk.alr.zscm.scrt.storing.mybatis.data.SCRLPAMapper">
  <resultMap id="BaseResultMap" type="com.ibm.dk.alr.zscm.scrt.storing.mybatis.model.SCRLPA">
    <id column="SLPALPA" jdbcType="INTEGER" property="slpalpa" />
    <result column="ISUBRID" jdbcType="CHAR" property="isubrid" />
    <result column="NLPANAM" jdbcType="CHAR" property="nlpanam" />
    <result column="ILPASYS" jdbcType="CHAR" property="ilpasys" />
    <result column="ISPCMCH" jdbcType="CHAR" property="ispcmch" />
    <result column="DLPASTA" jdbcType="VARCHAR" property="dlpasta" />
    <result column="DLPAEND" jdbcType="VARCHAR" property="dlpaend" />
    <result column="NLPAPCT" jdbcType="CHAR" property="nlpapct" />
    <result column="NLPACCM" jdbcType="CHAR" property="nlpaccm" />
    <result column="DLPAAUT" jdbcType="TIMESTAMP" property="dlpaaut" />
    <result column="NLPAAUU" jdbcType="CHAR" property="nlpaauu" />
    <result column="NLPAAUP" jdbcType="CHAR" property="nlpaaup" />
    <result column="ISUBREP" jdbcType="INTEGER" property="isubrep" />
  </resultMap>
  <sql id="Base_Column_List">
    SLPALPA, ISUBRID, NLPANAM, ILPASYS, ISPCMCH, DLPASTA, DLPAEND, NLPAPCT, NLPACCM, 
    DLPAAUT, NLPAAUU, NLPAAUP, ISUBREP
  </sql>
  <select id="selectByPrimaryKey" parameterType="java.lang.Integer" resultMap="BaseResultMap">
    select 
    <include refid="Base_Column_List" />
    from SCRLPA
    where SLPALPA = #{slpalpa,jdbcType=INTEGER}
  </select>
  <delete id="deleteByPrimaryKey" parameterType="java.lang.Integer">
    delete from SCRLPA
    where SLPALPA = #{slpalpa,jdbcType=INTEGER}
  </delete>
  <insert id="insert" parameterType="com.ibm.dk.alr.zscm.scrt.storing.mybatis.model.SCRLPA">
    insert into SCRLPA (SLPALPA, ISUBRID, NLPANAM, 
      ILPASYS, ISPCMCH, DLPASTA, 
      DLPAEND, NLPAPCT, NLPACCM, 
      DLPAAUT, NLPAAUU, NLPAAUP, 
      ISUBREP)
    values (#{slpalpa,jdbcType=INTEGER}, #{isubrid,jdbcType=CHAR}, #{nlpanam,jdbcType=CHAR}, 
      #{ilpasys,jdbcType=CHAR}, #{ispcmch,jdbcType=CHAR}, #{dlpasta,jdbcType=VARCHAR}, 
      #{dlpaend,jdbcType=VARCHAR}, #{nlpapct,jdbcType=CHAR}, #{nlpaccm,jdbcType=CHAR}, 
      #{dlpaaut,jdbcType=TIMESTAMP}, #{nlpaauu,jdbcType=CHAR}, #{nlpaaup,jdbcType=CHAR}, 
      #{isubrep,jdbcType=INTEGER})
  </insert>
  <insert id="insertSelective" parameterType="com.ibm.dk.alr.zscm.scrt.storing.mybatis.model.SCRLPA">
    insert into SCRLPA
    <trim prefix="(" suffix=")" suffixOverrides=",">
      <if test="slpalpa != null">
        SLPALPA,
      </if>
      <if test="isubrid != null">
        ISUBRID,
      </if>
      <if test="nlpanam != null">
        NLPANAM,
      </if>
      <if test="ilpasys != null">
        ILPASYS,
      </if>
      <if test="ispcmch != null">
        ISPCMCH,
      </if>
      <if test="dlpasta != null">
        DLPASTA,
      </if>
      <if test="dlpaend != null">
        DLPAEND,
      </if>
      <if test="nlpapct != null">
        NLPAPCT,
      </if>
      <if test="nlpaccm != null">
        NLPACCM,
      </if>
      <if test="dlpaaut != null">
        DLPAAUT,
      </if>
      <if test="nlpaauu != null">
        NLPAAUU,
      </if>
      <if test="nlpaaup != null">
        NLPAAUP,
      </if>
      <if test="isubrep != null">
        ISUBREP,
      </if>
    </trim>
    <trim prefix="values (" suffix=")" suffixOverrides=",">
      <if test="slpalpa != null">
        #{slpalpa,jdbcType=INTEGER},
      </if>
      <if test="isubrid != null">
        #{isubrid,jdbcType=CHAR},
      </if>
      <if test="nlpanam != null">
        #{nlpanam,jdbcType=CHAR},
      </if>
      <if test="ilpasys != null">
        #{ilpasys,jdbcType=CHAR},
      </if>
      <if test="ispcmch != null">
        #{ispcmch,jdbcType=CHAR},
      </if>
      <if test="dlpasta != null">
        #{dlpasta,jdbcType=VARCHAR},
      </if>
      <if test="dlpaend != null">
        #{dlpaend,jdbcType=VARCHAR},
      </if>
      <if test="nlpapct != null">
        #{nlpapct,jdbcType=CHAR},
      </if>
      <if test="nlpaccm != null">
        #{nlpaccm,jdbcType=CHAR},
      </if>
      <if test="dlpaaut != null">
        #{dlpaaut,jdbcType=TIMESTAMP},
      </if>
      <if test="nlpaauu != null">
        #{nlpaauu,jdbcType=CHAR},
      </if>
      <if test="nlpaaup != null">
        #{nlpaaup,jdbcType=CHAR},
      </if>
      <if test="isubrep != null">
        #{isubrep,jdbcType=INTEGER},
      </if>
    </trim>
  </insert>
  <update id="updateByPrimaryKeySelective" parameterType="com.ibm.dk.alr.zscm.scrt.storing.mybatis.model.SCRLPA">
    update SCRLPA
    <set>
      <if test="isubrid != null">
        ISUBRID = #{isubrid,jdbcType=CHAR},
      </if>
      <if test="nlpanam != null">
        NLPANAM = #{nlpanam,jdbcType=CHAR},
      </if>
      <if test="ilpasys != null">
        ILPASYS = #{ilpasys,jdbcType=CHAR},
      </if>
      <if test="ispcmch != null">
        ISPCMCH = #{ispcmch,jdbcType=CHAR},
      </if>
      <if test="dlpasta != null">
        DLPASTA = #{dlpasta,jdbcType=VARCHAR},
      </if>
      <if test="dlpaend != null">
        DLPAEND = #{dlpaend,jdbcType=VARCHAR},
      </if>
      <if test="nlpapct != null">
        NLPAPCT = #{nlpapct,jdbcType=CHAR},
      </if>
      <if test="nlpaccm != null">
        NLPACCM = #{nlpaccm,jdbcType=CHAR},
      </if>
      <if test="dlpaaut != null">
        DLPAAUT = #{dlpaaut,jdbcType=TIMESTAMP},
      </if>
      <if test="nlpaauu != null">
        NLPAAUU = #{nlpaauu,jdbcType=CHAR},
      </if>
      <if test="nlpaaup != null">
        NLPAAUP = #{nlpaaup,jdbcType=CHAR},
      </if>
      <if test="isubrep != null">
        ISUBREP = #{isubrep,jdbcType=INTEGER},
      </if>
    </set>
    where SLPALPA = #{slpalpa,jdbcType=INTEGER}
  </update>
  <update id="updateByPrimaryKey" parameterType="com.ibm.dk.alr.zscm.scrt.storing.mybatis.model.SCRLPA">
    update SCRLPA
    set ISUBRID = #{isubrid,jdbcType=CHAR},
      NLPANAM = #{nlpanam,jdbcType=CHAR},
      ILPASYS = #{ilpasys,jdbcType=CHAR},
      ISPCMCH = #{ispcmch,jdbcType=CHAR},
      DLPASTA = #{dlpasta,jdbcType=VARCHAR},
      DLPAEND = #{dlpaend,jdbcType=VARCHAR},
      NLPAPCT = #{nlpapct,jdbcType=CHAR},
      NLPACCM = #{nlpaccm,jdbcType=CHAR},
      DLPAAUT = #{dlpaaut,jdbcType=TIMESTAMP},
      NLPAAUU = #{nlpaauu,jdbcType=CHAR},
      NLPAAUP = #{nlpaaup,jdbcType=CHAR},
      ISUBREP = #{isubrep,jdbcType=INTEGER}
    where SLPALPA = #{slpalpa,jdbcType=INTEGER}
  </update>
  <resultMap id="BaseResultMap" type="com.ibm.dk.alr.zscm.scrt.storing.mybatis.model.SCRLPA">
    <id column="SLPALPA" jdbcType="INTEGER" property="slpalpa" />
    <result column="ISUBRID" jdbcType="CHAR" property="isubrid" />
    <result column="NLPANAM" jdbcType="CHAR" property="nlpanam" />
    <result column="ILPASYS" jdbcType="CHAR" property="ilpasys" />
    <result column="ISPCMCH" jdbcType="CHAR" property="ispcmch" />
    <result column="DLPASTA" jdbcType="VARCHAR" property="dlpasta" />
    <result column="DLPAEND" jdbcType="VARCHAR" property="dlpaend" />
    <result column="NLPAPCT" jdbcType="CHAR" property="nlpapct" />
    <result column="NLPACCM" jdbcType="CHAR" property="nlpaccm" />
    <result column="DLPAAUT" jdbcType="TIMESTAMP" property="dlpaaut" />
    <result column="NLPAAUU" jdbcType="CHAR" property="nlpaauu" />
    <result column="NLPAAUP" jdbcType="CHAR" property="nlpaaup" />
    <result column="ISUBREP" jdbcType="INTEGER" property="isubrep" />
  </resultMap>
  <sql id="Base_Column_List">
    SLPALPA, ISUBRID, NLPANAM, ILPASYS, ISPCMCH, DLPASTA, DLPAEND, NLPAPCT, NLPACCM, 
    DLPAAUT, NLPAAUU, NLPAAUP, ISUBREP
  </sql>
  <select id="selectByPrimaryKey" parameterType="java.lang.Integer" resultMap="BaseResultMap">
    select 
    <include refid="Base_Column_List" />
    from SCRLPA
    where SLPALPA = #{slpalpa,jdbcType=INTEGER}
  </select>
  <delete id="deleteByPrimaryKey" parameterType="java.lang.Integer">
    delete from SCRLPA
    where SLPALPA = #{slpalpa,jdbcType=INTEGER}
  </delete>
  <insert id="insert" parameterType="com.ibm.dk.alr.zscm.scrt.storing.mybatis.model.SCRLPA">
    insert into SCRLPA (SLPALPA, ISUBRID, NLPANAM, 
      ILPASYS, ISPCMCH, DLPASTA, 
      DLPAEND, NLPAPCT, NLPACCM, 
      DLPAAUT, NLPAAUU, NLPAAUP, 
      ISUBREP)
    values (#{slpalpa,jdbcType=INTEGER}, #{isubrid,jdbcType=CHAR}, #{nlpanam,jdbcType=CHAR}, 
      #{ilpasys,jdbcType=CHAR}, #{ispcmch,jdbcType=CHAR}, #{dlpasta,jdbcType=VARCHAR}, 
      #{dlpaend,jdbcType=VARCHAR}, #{nlpapct,jdbcType=CHAR}, #{nlpaccm,jdbcType=CHAR}, 
      #{dlpaaut,jdbcType=TIMESTAMP}, #{nlpaauu,jdbcType=CHAR}, #{nlpaaup,jdbcType=CHAR}, 
      #{isubrep,jdbcType=INTEGER})
  </insert>
  <insert id="insertSelective" parameterType="com.ibm.dk.alr.zscm.scrt.storing.mybatis.model.SCRLPA">
    insert into SCRLPA
    <trim prefix="(" suffix=")" suffixOverrides=",">
      <if test="slpalpa != null">
        SLPALPA,
      </if>
      <if test="isubrid != null">
        ISUBRID,
      </if>
      <if test="nlpanam != null">
        NLPANAM,
      </if>
      <if test="ilpasys != null">
        ILPASYS,
      </if>
      <if test="ispcmch != null">
        ISPCMCH,
      </if>
      <if test="dlpasta != null">
        DLPASTA,
      </if>
      <if test="dlpaend != null">
        DLPAEND,
      </if>
      <if test="nlpapct != null">
        NLPAPCT,
      </if>
      <if test="nlpaccm != null">
        NLPACCM,
      </if>
      <if test="dlpaaut != null">
        DLPAAUT,
      </if>
      <if test="nlpaauu != null">
        NLPAAUU,
      </if>
      <if test="nlpaaup != null">
        NLPAAUP,
      </if>
      <if test="isubrep != null">
        ISUBREP,
      </if>
    </trim>
    <trim prefix="values (" suffix=")" suffixOverrides=",">
      <if test="slpalpa != null">
        #{slpalpa,jdbcType=INTEGER},
      </if>
      <if test="isubrid != null">
        #{isubrid,jdbcType=CHAR},
      </if>
      <if test="nlpanam != null">
        #{nlpanam,jdbcType=CHAR},
      </if>
      <if test="ilpasys != null">
        #{ilpasys,jdbcType=CHAR},
      </if>
      <if test="ispcmch != null">
        #{ispcmch,jdbcType=CHAR},
      </if>
      <if test="dlpasta != null">
        #{dlpasta,jdbcType=VARCHAR},
      </if>
      <if test="dlpaend != null">
        #{dlpaend,jdbcType=VARCHAR},
      </if>
      <if test="nlpapct != null">
        #{nlpapct,jdbcType=CHAR},
      </if>
      <if test="nlpaccm != null">
        #{nlpaccm,jdbcType=CHAR},
      </if>
      <if test="dlpaaut != null">
        #{dlpaaut,jdbcType=TIMESTAMP},
      </if>
      <if test="nlpaauu != null">
        #{nlpaauu,jdbcType=CHAR},
      </if>
      <if test="nlpaaup != null">
        #{nlpaaup,jdbcType=CHAR},
      </if>
      <if test="isubrep != null">
        #{isubrep,jdbcType=INTEGER},
      </if>
    </trim>
  </insert>
  <update id="updateByPrimaryKeySelective" parameterType="com.ibm.dk.alr.zscm.scrt.storing.mybatis.model.SCRLPA">
    update SCRLPA
    <set>
      <if test="isubrid != null">
        ISUBRID = #{isubrid,jdbcType=CHAR},
      </if>
      <if test="nlpanam != null">
        NLPANAM = #{nlpanam,jdbcType=CHAR},
      </if>
      <if test="ilpasys != null">
        ILPASYS = #{ilpasys,jdbcType=CHAR},
      </if>
      <if test="ispcmch != null">
        ISPCMCH = #{ispcmch,jdbcType=CHAR},
      </if>
      <if test="dlpasta != null">
        DLPASTA = #{dlpasta,jdbcType=VARCHAR},
      </if>
      <if test="dlpaend != null">
        DLPAEND = #{dlpaend,jdbcType=VARCHAR},
      </if>
      <if test="nlpapct != null">
        NLPAPCT = #{nlpapct,jdbcType=CHAR},
      </if>
      <if test="nlpaccm != null">
        NLPACCM = #{nlpaccm,jdbcType=CHAR},
      </if>
      <if test="dlpaaut != null">
        DLPAAUT = #{dlpaaut,jdbcType=TIMESTAMP},
      </if>
      <if test="nlpaauu != null">
        NLPAAUU = #{nlpaauu,jdbcType=CHAR},
      </if>
      <if test="nlpaaup != null">
        NLPAAUP = #{nlpaaup,jdbcType=CHAR},
      </if>
      <if test="isubrep != null">
        ISUBREP = #{isubrep,jdbcType=INTEGER},
      </if>
    </set>
    where SLPALPA = #{slpalpa,jdbcType=INTEGER}
  </update>
  <update id="updateByPrimaryKey" parameterType="com.ibm.dk.alr.zscm.scrt.storing.mybatis.model.SCRLPA">
    update SCRLPA
    set ISUBRID = #{isubrid,jdbcType=CHAR},
      NLPANAM = #{nlpanam,jdbcType=CHAR},
      ILPASYS = #{ilpasys,jdbcType=CHAR},
      ISPCMCH = #{ispcmch,jdbcType=CHAR},
      DLPASTA = #{dlpasta,jdbcType=VARCHAR},
      DLPAEND = #{dlpaend,jdbcType=VARCHAR},
      NLPAPCT = #{nlpapct,jdbcType=CHAR},
      NLPACCM = #{nlpaccm,jdbcType=CHAR},
      DLPAAUT = #{dlpaaut,jdbcType=TIMESTAMP},
      NLPAAUU = #{nlpaauu,jdbcType=CHAR},
      NLPAAUP = #{nlpaaup,jdbcType=CHAR},
      ISUBREP = #{isubrep,jdbcType=INTEGER}
    where SLPALPA = #{slpalpa,jdbcType=INTEGER}
  </update>
  <resultMap id="BaseResultMap" type="com.ibm.dk.alr.zscm.scrt.storing.mybatis.model.SCRLPA">
    <id column="SLPALPA" jdbcType="INTEGER" property="slpalpa" />
    <result column="ISUBRID" jdbcType="CHAR" property="isubrid" />
    <result column="NLPANAM" jdbcType="CHAR" property="nlpanam" />
    <result column="ILPASYS" jdbcType="CHAR" property="ilpasys" />
    <result column="ISPCMCH" jdbcType="CHAR" property="ispcmch" />
    <result column="DLPASTA" jdbcType="VARCHAR" property="dlpasta" />
    <result column="DLPAEND" jdbcType="VARCHAR" property="dlpaend" />
    <result column="NLPAPCT" jdbcType="CHAR" property="nlpapct" />
    <result column="NLPACCM" jdbcType="CHAR" property="nlpaccm" />
    <result column="DLPAAUT" jdbcType="TIMESTAMP" property="dlpaaut" />
    <result column="NLPAAUU" jdbcType="CHAR" property="nlpaauu" />
    <result column="NLPAAUP" jdbcType="CHAR" property="nlpaaup" />
    <result column="ISUBREP" jdbcType="INTEGER" property="isubrep" />
  </resultMap>
  <sql id="Base_Column_List">
    SLPALPA, ISUBRID, NLPANAM, ILPASYS, ISPCMCH, DLPASTA, DLPAEND, NLPAPCT, NLPACCM, 
    DLPAAUT, NLPAAUU, NLPAAUP, ISUBREP
  </sql>
  <select id="selectByPrimaryKey" parameterType="java.lang.Integer" resultMap="BaseResultMap">
    select 
    <include refid="Base_Column_List" />
    from SCRLPA
    where SLPALPA = #{slpalpa,jdbcType=INTEGER}
  </select>
  <delete id="deleteByPrimaryKey" parameterType="java.lang.Integer">
    delete from SCRLPA
    where SLPALPA = #{slpalpa,jdbcType=INTEGER}
  </delete>
  <insert id="insert" parameterType="com.ibm.dk.alr.zscm.scrt.storing.mybatis.model.SCRLPA">
    insert into SCRLPA (SLPALPA, ISUBRID, NLPANAM, 
      ILPASYS, ISPCMCH, DLPASTA, 
      DLPAEND, NLPAPCT, NLPACCM, 
      DLPAAUT, NLPAAUU, NLPAAUP, 
      ISUBREP)
    values (#{slpalpa,jdbcType=INTEGER}, #{isubrid,jdbcType=CHAR}, #{nlpanam,jdbcType=CHAR}, 
      #{ilpasys,jdbcType=CHAR}, #{ispcmch,jdbcType=CHAR}, #{dlpasta,jdbcType=VARCHAR}, 
      #{dlpaend,jdbcType=VARCHAR}, #{nlpapct,jdbcType=CHAR}, #{nlpaccm,jdbcType=CHAR}, 
      #{dlpaaut,jdbcType=TIMESTAMP}, #{nlpaauu,jdbcType=CHAR}, #{nlpaaup,jdbcType=CHAR}, 
      #{isubrep,jdbcType=INTEGER})
  </insert>
  <insert id="insertSelective" parameterType="com.ibm.dk.alr.zscm.scrt.storing.mybatis.model.SCRLPA">
    insert into SCRLPA
    <trim prefix="(" suffix=")" suffixOverrides=",">
      <if test="slpalpa != null">
        SLPALPA,
      </if>
      <if test="isubrid != null">
        ISUBRID,
      </if>
      <if test="nlpanam != null">
        NLPANAM,
      </if>
      <if test="ilpasys != null">
        ILPASYS,
      </if>
      <if test="ispcmch != null">
        ISPCMCH,
      </if>
      <if test="dlpasta != null">
        DLPASTA,
      </if>
      <if test="dlpaend != null">
        DLPAEND,
      </if>
      <if test="nlpapct != null">
        NLPAPCT,
      </if>
      <if test="nlpaccm != null">
        NLPACCM,
      </if>
      <if test="dlpaaut != null">
        DLPAAUT,
      </if>
      <if test="nlpaauu != null">
        NLPAAUU,
      </if>
      <if test="nlpaaup != null">
        NLPAAUP,
      </if>
      <if test="isubrep != null">
        ISUBREP,
      </if>
    </trim>
    <trim prefix="values (" suffix=")" suffixOverrides=",">
      <if test="slpalpa != null">
        #{slpalpa,jdbcType=INTEGER},
      </if>
      <if test="isubrid != null">
        #{isubrid,jdbcType=CHAR},
      </if>
      <if test="nlpanam != null">
        #{nlpanam,jdbcType=CHAR},
      </if>
      <if test="ilpasys != null">
        #{ilpasys,jdbcType=CHAR},
      </if>
      <if test="ispcmch != null">
        #{ispcmch,jdbcType=CHAR},
      </if>
      <if test="dlpasta != null">
        #{dlpasta,jdbcType=VARCHAR},
      </if>
      <if test="dlpaend != null">
        #{dlpaend,jdbcType=VARCHAR},
      </if>
      <if test="nlpapct != null">
        #{nlpapct,jdbcType=CHAR},
      </if>
      <if test="nlpaccm != null">
        #{nlpaccm,jdbcType=CHAR},
      </if>
      <if test="dlpaaut != null">
        #{dlpaaut,jdbcType=TIMESTAMP},
      </if>
      <if test="nlpaauu != null">
        #{nlpaauu,jdbcType=CHAR},
      </if>
      <if test="nlpaaup != null">
        #{nlpaaup,jdbcType=CHAR},
      </if>
      <if test="isubrep != null">
        #{isubrep,jdbcType=INTEGER},
      </if>
    </trim>
  </insert>
  <update id="updateByPrimaryKeySelective" parameterType="com.ibm.dk.alr.zscm.scrt.storing.mybatis.model.SCRLPA">
    update SCRLPA
    <set>
      <if test="isubrid != null">
        ISUBRID = #{isubrid,jdbcType=CHAR},
      </if>
      <if test="nlpanam != null">
        NLPANAM = #{nlpanam,jdbcType=CHAR},
      </if>
      <if test="ilpasys != null">
        ILPASYS = #{ilpasys,jdbcType=CHAR},
      </if>
      <if test="ispcmch != null">
        ISPCMCH = #{ispcmch,jdbcType=CHAR},
      </if>
      <if test="dlpasta != null">
        DLPASTA = #{dlpasta,jdbcType=VARCHAR},
      </if>
      <if test="dlpaend != null">
        DLPAEND = #{dlpaend,jdbcType=VARCHAR},
      </if>
      <if test="nlpapct != null">
        NLPAPCT = #{nlpapct,jdbcType=CHAR},
      </if>
      <if test="nlpaccm != null">
        NLPACCM = #{nlpaccm,jdbcType=CHAR},
      </if>
      <if test="dlpaaut != null">
        DLPAAUT = #{dlpaaut,jdbcType=TIMESTAMP},
      </if>
      <if test="nlpaauu != null">
        NLPAAUU = #{nlpaauu,jdbcType=CHAR},
      </if>
      <if test="nlpaaup != null">
        NLPAAUP = #{nlpaaup,jdbcType=CHAR},
      </if>
      <if test="isubrep != null">
        ISUBREP = #{isubrep,jdbcType=INTEGER},
      </if>
    </set>
    where SLPALPA = #{slpalpa,jdbcType=INTEGER}
  </update>
  <update id="updateByPrimaryKey" parameterType="com.ibm.dk.alr.zscm.scrt.storing.mybatis.model.SCRLPA">
    update SCRLPA
    set ISUBRID = #{isubrid,jdbcType=CHAR},
      NLPANAM = #{nlpanam,jdbcType=CHAR},
      ILPASYS = #{ilpasys,jdbcType=CHAR},
      ISPCMCH = #{ispcmch,jdbcType=CHAR},
      DLPASTA = #{dlpasta,jdbcType=VARCHAR},
      DLPAEND = #{dlpaend,jdbcType=VARCHAR},
      NLPAPCT = #{nlpapct,jdbcType=CHAR},
      NLPACCM = #{nlpaccm,jdbcType=CHAR},
      DLPAAUT = #{dlpaaut,jdbcType=TIMESTAMP},
      NLPAAUU = #{nlpaauu,jdbcType=CHAR},
      NLPAAUP = #{nlpaaup,jdbcType=CHAR},
      ISUBREP = #{isubrep,jdbcType=INTEGER}
    where SLPALPA = #{slpalpa,jdbcType=INTEGER}
  </update>
</mapper>