<?xml version="1.0" encoding="UTF-8"?>
<!DOCTYPE mapper PUBLIC "-//mybatis.org//DTD Mapper 3.0//EN" "http://mybatis.org/dtd/mybatis-3-mapper.dtd">
<mapper namespace="com.ibm.dk.alr.zscm.scrt.storing.mybatis.data.SCRMOPMapper">
  <resultMap id="BaseResultMap" type="com.ibm.dk.alr.zscm.scrt.storing.mybatis.model.SCRMOP">
    <id column="ISUBMID" jdbcType="CHAR" property="isubmid" />
    <id column="ISUBREP" jdbcType="INTEGER" property="isubrep" />
    <id column="IPGMNBR" jdbcType="CHAR" property="ipgmnbr" />
    <id column="IMOPSEQ" jdbcType="INTEGER" property="imopseq" />
    <result column="NPRDNBR" jdbcType="CHAR" property="nprdnbr" />
    <result column="IMOPTMU" jdbcType="INTEGER" property="imoptmu" />
    <result column="DMOPTME" jdbcType="CHAR" property="dmoptme" />
    <result column="SVMSKEY" jdbcType="CHAR" property="svmskey" />
    <result column="CMOPTYP" jdbcType="CHAR" property="cmoptyp" />
    <result column="NMOPMPN" jdbcType="CHAR" property="nmopmpn" />
    <result column="DMOPAUT" jdbcType="TIMESTAMP" property="dmopaut" />
    <result column="SMOPAUU" jdbcType="CHAR" property="smopauu" />
    <result column="SMOPAUP" jdbcType="CHAR" property="smopaup" />
  </resultMap>
  <sql id="Base_Column_List">
    ISUBMID, ISUBREP, IPGMNBR, IMOPSEQ, NPRDNBR, IMOPTMU, DMOPTME, SVMSKEY, CMOPTYP, 
    NMOPMPN, DMOPAUT, SMOPAUU, SMOPAUP
  </sql>
  <select id="selectByPrimaryKey" parameterType="com.ibm.dk.alr.zscm.scrt.storing.mybatis.model.SCRMOPKey" resultMap="BaseResultMap">
    select 
    <include refid="Base_Column_List" />
    from SCRMOP
    where ISUBMID = #{isubmid,jdbcType=CHAR}
      and ISUBREP = #{isubrep,jdbcType=INTEGER}
      and IPGMNBR = #{ipgmnbr,jdbcType=CHAR}
      and IMOPSEQ = #{imopseq,jdbcType=INTEGER}
  </select>
  <delete id="deleteByPrimaryKey" parameterType="com.ibm.dk.alr.zscm.scrt.storing.mybatis.model.SCRMOPKey">
    delete from SCRMOP
    where ISUBMID = #{isubmid,jdbcType=CHAR}
      and ISUBREP = #{isubrep,jdbcType=INTEGER}
      and IPGMNBR = #{ipgmnbr,jdbcType=CHAR}
      and IMOPSEQ = #{imopseq,jdbcType=INTEGER}
  </delete>
  <insert id="insert" parameterType="com.ibm.dk.alr.zscm.scrt.storing.mybatis.model.SCRMOP">
    insert into SCRMOP (ISUBMID, ISUBREP, IPGMNBR, 
      IMOPSEQ, NPRDNBR, IMOPTMU, 
      DMOPTME, SVMSKEY, CMOPTYP, NMOPMPN, 
      DMOPAUT, SMOPAUU, SMOPAUP
      )
    values (#{isubmid,jdbcType=CHAR}, #{isubrep,jdbcType=INTEGER}, #{ipgmnbr,jdbcType=CHAR}, 
      #{imopseq,jdbcType=INTEGER}, #{nprdnbr,jdbcType=CHAR}, #{imoptmu,jdbcType=INTEGER}, 
      #{dmoptme,jdbcType=CHAR}, #{svmskey,jdbcType=CHAR}, #{cmoptyp,jdbcType=CHAR}, #{nmopmpn,jdbcType=CHAR}, 
      #{dmopaut,jdbcType=TIMESTAMP}, #{smopauu,jdbcType=CHAR}, #{smopaup,jdbcType=CHAR}
      )
  </insert>
  <insert id="insertSelective" parameterType="com.ibm.dk.alr.zscm.scrt.storing.mybatis.model.SCRMOP">
    insert into SCRMOP
    <trim prefix="(" suffix=")" suffixOverrides=",">
      <if test="isubmid != null">
        ISUBMID,
      </if>
      <if test="isubrep != null">
        ISUBREP,
      </if>
      <if test="ipgmnbr != null">
        IPGMNBR,
      </if>
      <if test="imopseq != null">
        IMOPSEQ,
      </if>
      <if test="nprdnbr != null">
        NPRDNBR,
      </if>
      <if test="imoptmu != null">
        IMOPTMU,
      </if>
      <if test="dmoptme != null">
        DMOPTME,
      </if>
      <if test="svmskey != null">
        SVMSKEY,
      </if>
      <if test="cmoptyp != null">
        CMOPTYP,
      </if>
      <if test="nmopmpn != null">
        NMOPMPN,
      </if>
      <if test="dmopaut != null">
        DMOPAUT,
      </if>
      <if test="smopauu != null">
        SMOPAUU,
      </if>
      <if test="smopaup != null">
        SMOPAUP,
      </if>
    </trim>
    <trim prefix="values (" suffix=")" suffixOverrides=",">
      <if test="isubmid != null">
        #{isubmid,jdbcType=CHAR},
      </if>
      <if test="isubrep != null">
        #{isubrep,jdbcType=INTEGER},
      </if>
      <if test="ipgmnbr != null">
        #{ipgmnbr,jdbcType=CHAR},
      </if>
      <if test="imopseq != null">
        #{imopseq,jdbcType=INTEGER},
      </if>
      <if test="nprdnbr != null">
        #{nprdnbr,jdbcType=CHAR},
      </if>
      <if test="imoptmu != null">
        #{imoptmu,jdbcType=INTEGER},
      </if>
      <if test="dmoptme != null">
        #{dmoptme,jdbcType=CHAR},
      </if>
      <if test="svmskey != null">
        #{svmskey,jdbcType=CHAR},
      </if>
      <if test="cmoptyp != null">
        #{cmoptyp,jdbcType=CHAR},
      </if>
      <if test="nmopmpn != null">
        #{nmopmpn,jdbcType=CHAR},
      </if>
      <if test="dmopaut != null">
        #{dmopaut,jdbcType=TIMESTAMP},
      </if>
      <if test="smopauu != null">
        #{smopauu,jdbcType=CHAR},
      </if>
      <if test="smopaup != null">
        #{smopaup,jdbcType=CHAR},
      </if>
    </trim>
  </insert>
  <update id="updateByPrimaryKeySelective" parameterType="com.ibm.dk.alr.zscm.scrt.storing.mybatis.model.SCRMOP">
    update SCRMOP
    <set>
      <if test="nprdnbr != null">
        NPRDNBR = #{nprdnbr,jdbcType=CHAR},
      </if>
      <if test="imoptmu != null">
        IMOPTMU = #{imoptmu,jdbcType=INTEGER},
      </if>
      <if test="dmoptme != null">
        DMOPTME = #{dmoptme,jdbcType=CHAR},
      </if>
      <if test="svmskey != null">
        SVMSKEY = #{svmskey,jdbcType=CHAR},
      </if>
      <if test="cmoptyp != null">
        CMOPTYP = #{cmoptyp,jdbcType=CHAR},
      </if>
      <if test="nmopmpn != null">
        NMOPMPN = #{nmopmpn,jdbcType=CHAR},
      </if>
      <if test="dmopaut != null">
        DMOPAUT = #{dmopaut,jdbcType=TIMESTAMP},
      </if>
      <if test="smopauu != null">
        SMOPAUU = #{smopauu,jdbcType=CHAR},
      </if>
      <if test="smopaup != null">
        SMOPAUP = #{smopaup,jdbcType=CHAR},
      </if>
    </set>
    where ISUBMID = #{isubmid,jdbcType=CHAR}
      and ISUBREP = #{isubrep,jdbcType=INTEGER}
      and IPGMNBR = #{ipgmnbr,jdbcType=CHAR}
      and IMOPSEQ = #{imopseq,jdbcType=INTEGER}
  </update>
  <update id="updateByPrimaryKey" parameterType="com.ibm.dk.alr.zscm.scrt.storing.mybatis.model.SCRMOP">
    update SCRMOP
    set NPRDNBR = #{nprdnbr,jdbcType=CHAR},
      IMOPTMU = #{imoptmu,jdbcType=INTEGER},
      DMOPTME = #{dmoptme,jdbcType=CHAR},
      SVMSKEY = #{svmskey,jdbcType=CHAR},
      CMOPTYP = #{cmoptyp,jdbcType=CHAR},
      NMOPMPN = #{nmopmpn,jdbcType=CHAR},
      DMOPAUT = #{dmopaut,jdbcType=TIMESTAMP},
      SMOPAUU = #{smopauu,jdbcType=CHAR},
      SMOPAUP = #{smopaup,jdbcType=CHAR}
    where ISUBMID = #{isubmid,jdbcType=CHAR}
      and ISUBREP = #{isubrep,jdbcType=INTEGER}
      and IPGMNBR = #{ipgmnbr,jdbcType=CHAR}
      and IMOPSEQ = #{imopseq,jdbcType=INTEGER}
  </update>
  <resultMap id="BaseResultMap" type="com.ibm.dk.alr.zscm.scrt.storing.mybatis.model.SCRMOP">
    <id column="ISUBMID" jdbcType="CHAR" property="isubmid" />
    <id column="ISUBREP" jdbcType="INTEGER" property="isubrep" />
    <id column="IPGMNBR" jdbcType="CHAR" property="ipgmnbr" />
    <id column="IMOPSEQ" jdbcType="INTEGER" property="imopseq" />
    <result column="NPRDNBR" jdbcType="CHAR" property="nprdnbr" />
    <result column="IMOPTMU" jdbcType="INTEGER" property="imoptmu" />
    <result column="DMOPTME" jdbcType="CHAR" property="dmoptme" />
    <result column="SVMSKEY" jdbcType="CHAR" property="svmskey" />
    <result column="CMOPTYP" jdbcType="CHAR" property="cmoptyp" />
    <result column="NMOPMPN" jdbcType="CHAR" property="nmopmpn" />
    <result column="DMOPAUT" jdbcType="TIMESTAMP" property="dmopaut" />
    <result column="SMOPAUU" jdbcType="CHAR" property="smopauu" />
    <result column="SMOPAUP" jdbcType="CHAR" property="smopaup" />
  </resultMap>
  <sql id="Base_Column_List">
    ISUBMID, ISUBREP, IPGMNBR, IMOPSEQ, NPRDNBR, IMOPTMU, DMOPTME, SVMSKEY, CMOPTYP, 
    NMOPMPN, DMOPAUT, SMOPAUU, SMOPAUP
  </sql>
  <select id="selectByPrimaryKey" parameterType="com.ibm.dk.alr.zscm.scrt.storing.mybatis.model.SCRMOPKey" resultMap="BaseResultMap">
    select 
    <include refid="Base_Column_List" />
    from SCRMOP
    where ISUBMID = #{isubmid,jdbcType=CHAR}
      and ISUBREP = #{isubrep,jdbcType=INTEGER}
      and IPGMNBR = #{ipgmnbr,jdbcType=CHAR}
      and IMOPSEQ = #{imopseq,jdbcType=INTEGER}
  </select>
  <delete id="deleteByPrimaryKey" parameterType="com.ibm.dk.alr.zscm.scrt.storing.mybatis.model.SCRMOPKey">
    delete from SCRMOP
    where ISUBMID = #{isubmid,jdbcType=CHAR}
      and ISUBREP = #{isubrep,jdbcType=INTEGER}
      and IPGMNBR = #{ipgmnbr,jdbcType=CHAR}
      and IMOPSEQ = #{imopseq,jdbcType=INTEGER}
  </delete>
  <insert id="insert" parameterType="com.ibm.dk.alr.zscm.scrt.storing.mybatis.model.SCRMOP">
    insert into SCRMOP (ISUBMID, ISUBREP, IPGMNBR, 
      IMOPSEQ, NPRDNBR, IMOPTMU, 
      DMOPTME, SVMSKEY, CMOPTYP, NMOPMPN, 
      DMOPAUT, SMOPAUU, SMOPAUP
      )
    values (#{isubmid,jdbcType=CHAR}, #{isubrep,jdbcType=INTEGER}, #{ipgmnbr,jdbcType=CHAR}, 
      #{imopseq,jdbcType=INTEGER}, #{nprdnbr,jdbcType=CHAR}, #{imoptmu,jdbcType=INTEGER}, 
      #{dmoptme,jdbcType=CHAR}, #{svmskey,jdbcType=CHAR}, #{cmoptyp,jdbcType=CHAR}, #{nmopmpn,jdbcType=CHAR}, 
      #{dmopaut,jdbcType=TIMESTAMP}, #{smopauu,jdbcType=CHAR}, #{smopaup,jdbcType=CHAR}
      )
  </insert>
  <insert id="insertSelective" parameterType="com.ibm.dk.alr.zscm.scrt.storing.mybatis.model.SCRMOP">
    insert into SCRMOP
    <trim prefix="(" suffix=")" suffixOverrides=",">
      <if test="isubmid != null">
        ISUBMID,
      </if>
      <if test="isubrep != null">
        ISUBREP,
      </if>
      <if test="ipgmnbr != null">
        IPGMNBR,
      </if>
      <if test="imopseq != null">
        IMOPSEQ,
      </if>
      <if test="nprdnbr != null">
        NPRDNBR,
      </if>
      <if test="imoptmu != null">
        IMOPTMU,
      </if>
      <if test="dmoptme != null">
        DMOPTME,
      </if>
      <if test="svmskey != null">
        SVMSKEY,
      </if>
      <if test="cmoptyp != null">
        CMOPTYP,
      </if>
      <if test="nmopmpn != null">
        NMOPMPN,
      </if>
      <if test="dmopaut != null">
        DMOPAUT,
      </if>
      <if test="smopauu != null">
        SMOPAUU,
      </if>
      <if test="smopaup != null">
        SMOPAUP,
      </if>
    </trim>
    <trim prefix="values (" suffix=")" suffixOverrides=",">
      <if test="isubmid != null">
        #{isubmid,jdbcType=CHAR},
      </if>
      <if test="isubrep != null">
        #{isubrep,jdbcType=INTEGER},
      </if>
      <if test="ipgmnbr != null">
        #{ipgmnbr,jdbcType=CHAR},
      </if>
      <if test="imopseq != null">
        #{imopseq,jdbcType=INTEGER},
      </if>
      <if test="nprdnbr != null">
        #{nprdnbr,jdbcType=CHAR},
      </if>
      <if test="imoptmu != null">
        #{imoptmu,jdbcType=INTEGER},
      </if>
      <if test="dmoptme != null">
        #{dmoptme,jdbcType=CHAR},
      </if>
      <if test="svmskey != null">
        #{svmskey,jdbcType=CHAR},
      </if>
      <if test="cmoptyp != null">
        #{cmoptyp,jdbcType=CHAR},
      </if>
      <if test="nmopmpn != null">
        #{nmopmpn,jdbcType=CHAR},
      </if>
      <if test="dmopaut != null">
        #{dmopaut,jdbcType=TIMESTAMP},
      </if>
      <if test="smopauu != null">
        #{smopauu,jdbcType=CHAR},
      </if>
      <if test="smopaup != null">
        #{smopaup,jdbcType=CHAR},
      </if>
    </trim>
  </insert>
  <update id="updateByPrimaryKeySelective" parameterType="com.ibm.dk.alr.zscm.scrt.storing.mybatis.model.SCRMOP">
    update SCRMOP
    <set>
      <if test="nprdnbr != null">
        NPRDNBR = #{nprdnbr,jdbcType=CHAR},
      </if>
      <if test="imoptmu != null">
        IMOPTMU = #{imoptmu,jdbcType=INTEGER},
      </if>
      <if test="dmoptme != null">
        DMOPTME = #{dmoptme,jdbcType=CHAR},
      </if>
      <if test="svmskey != null">
        SVMSKEY = #{svmskey,jdbcType=CHAR},
      </if>
      <if test="cmoptyp != null">
        CMOPTYP = #{cmoptyp,jdbcType=CHAR},
      </if>
      <if test="nmopmpn != null">
        NMOPMPN = #{nmopmpn,jdbcType=CHAR},
      </if>
      <if test="dmopaut != null">
        DMOPAUT = #{dmopaut,jdbcType=TIMESTAMP},
      </if>
      <if test="smopauu != null">
        SMOPAUU = #{smopauu,jdbcType=CHAR},
      </if>
      <if test="smopaup != null">
        SMOPAUP = #{smopaup,jdbcType=CHAR},
      </if>
    </set>
    where ISUBMID = #{isubmid,jdbcType=CHAR}
      and ISUBREP = #{isubrep,jdbcType=INTEGER}
      and IPGMNBR = #{ipgmnbr,jdbcType=CHAR}
      and IMOPSEQ = #{imopseq,jdbcType=INTEGER}
  </update>
  <update id="updateByPrimaryKey" parameterType="com.ibm.dk.alr.zscm.scrt.storing.mybatis.model.SCRMOP">
    update SCRMOP
    set NPRDNBR = #{nprdnbr,jdbcType=CHAR},
      IMOPTMU = #{imoptmu,jdbcType=INTEGER},
      DMOPTME = #{dmoptme,jdbcType=CHAR},
      SVMSKEY = #{svmskey,jdbcType=CHAR},
      CMOPTYP = #{cmoptyp,jdbcType=CHAR},
      NMOPMPN = #{nmopmpn,jdbcType=CHAR},
      DMOPAUT = #{dmopaut,jdbcType=TIMESTAMP},
      SMOPAUU = #{smopauu,jdbcType=CHAR},
      SMOPAUP = #{smopaup,jdbcType=CHAR}
    where ISUBMID = #{isubmid,jdbcType=CHAR}
      and ISUBREP = #{isubrep,jdbcType=INTEGER}
      and IPGMNBR = #{ipgmnbr,jdbcType=CHAR}
      and IMOPSEQ = #{imopseq,jdbcType=INTEGER}
  </update>
  <resultMap id="BaseResultMap" type="com.ibm.dk.alr.zscm.scrt.storing.mybatis.model.SCRMOP">
    <id column="ISUBMID" jdbcType="CHAR" property="isubmid" />
    <id column="ISUBREP" jdbcType="INTEGER" property="isubrep" />
    <id column="IPGMNBR" jdbcType="CHAR" property="ipgmnbr" />
    <id column="IMOPSEQ" jdbcType="INTEGER" property="imopseq" />
    <result column="NPRDNBR" jdbcType="CHAR" property="nprdnbr" />
    <result column="IMOPTMU" jdbcType="INTEGER" property="imoptmu" />
    <result column="DMOPTME" jdbcType="CHAR" property="dmoptme" />
    <result column="SVMSKEY" jdbcType="CHAR" property="svmskey" />
    <result column="CMOPTYP" jdbcType="CHAR" property="cmoptyp" />
    <result column="NMOPMPN" jdbcType="CHAR" property="nmopmpn" />
    <result column="DMOPAUT" jdbcType="TIMESTAMP" property="dmopaut" />
    <result column="SMOPAUU" jdbcType="CHAR" property="smopauu" />
    <result column="SMOPAUP" jdbcType="CHAR" property="smopaup" />
  </resultMap>
  <sql id="Base_Column_List">
    ISUBMID, ISUBREP, IPGMNBR, IMOPSEQ, NPRDNBR, IMOPTMU, DMOPTME, SVMSKEY, CMOPTYP, 
    NMOPMPN, DMOPAUT, SMOPAUU, SMOPAUP
  </sql>
  <select id="selectByPrimaryKey" parameterType="com.ibm.dk.alr.zscm.scrt.storing.mybatis.model.SCRMOPKey" resultMap="BaseResultMap">
    select 
    <include refid="Base_Column_List" />
    from SCRMOP
    where ISUBMID = #{isubmid,jdbcType=CHAR}
      and ISUBREP = #{isubrep,jdbcType=INTEGER}
      and IPGMNBR = #{ipgmnbr,jdbcType=CHAR}
      and IMOPSEQ = #{imopseq,jdbcType=INTEGER}
  </select>
  <delete id="deleteByPrimaryKey" parameterType="com.ibm.dk.alr.zscm.scrt.storing.mybatis.model.SCRMOPKey">
    delete from SCRMOP
    where ISUBMID = #{isubmid,jdbcType=CHAR}
      and ISUBREP = #{isubrep,jdbcType=INTEGER}
      and IPGMNBR = #{ipgmnbr,jdbcType=CHAR}
      and IMOPSEQ = #{imopseq,jdbcType=INTEGER}
  </delete>
  <insert id="insert" parameterType="com.ibm.dk.alr.zscm.scrt.storing.mybatis.model.SCRMOP">
    insert into SCRMOP (ISUBMID, ISUBREP, IPGMNBR, 
      IMOPSEQ, NPRDNBR, IMOPTMU, 
      DMOPTME, SVMSKEY, CMOPTYP, NMOPMPN, 
      DMOPAUT, SMOPAUU, SMOPAUP
      )
    values (#{isubmid,jdbcType=CHAR}, #{isubrep,jdbcType=INTEGER}, #{ipgmnbr,jdbcType=CHAR}, 
      #{imopseq,jdbcType=INTEGER}, #{nprdnbr,jdbcType=CHAR}, #{imoptmu,jdbcType=INTEGER}, 
      #{dmoptme,jdbcType=CHAR}, #{svmskey,jdbcType=CHAR}, #{cmoptyp,jdbcType=CHAR}, #{nmopmpn,jdbcType=CHAR}, 
      #{dmopaut,jdbcType=TIMESTAMP}, #{smopauu,jdbcType=CHAR}, #{smopaup,jdbcType=CHAR}
      )
  </insert>
  <insert id="insertSelective" parameterType="com.ibm.dk.alr.zscm.scrt.storing.mybatis.model.SCRMOP">
    insert into SCRMOP
    <trim prefix="(" suffix=")" suffixOverrides=",">
      <if test="isubmid != null">
        ISUBMID,
      </if>
      <if test="isubrep != null">
        ISUBREP,
      </if>
      <if test="ipgmnbr != null">
        IPGMNBR,
      </if>
      <if test="imopseq != null">
        IMOPSEQ,
      </if>
      <if test="nprdnbr != null">
        NPRDNBR,
      </if>
      <if test="imoptmu != null">
        IMOPTMU,
      </if>
      <if test="dmoptme != null">
        DMOPTME,
      </if>
      <if test="svmskey != null">
        SVMSKEY,
      </if>
      <if test="cmoptyp != null">
        CMOPTYP,
      </if>
      <if test="nmopmpn != null">
        NMOPMPN,
      </if>
      <if test="dmopaut != null">
        DMOPAUT,
      </if>
      <if test="smopauu != null">
        SMOPAUU,
      </if>
      <if test="smopaup != null">
        SMOPAUP,
      </if>
    </trim>
    <trim prefix="values (" suffix=")" suffixOverrides=",">
      <if test="isubmid != null">
        #{isubmid,jdbcType=CHAR},
      </if>
      <if test="isubrep != null">
        #{isubrep,jdbcType=INTEGER},
      </if>
      <if test="ipgmnbr != null">
        #{ipgmnbr,jdbcType=CHAR},
      </if>
      <if test="imopseq != null">
        #{imopseq,jdbcType=INTEGER},
      </if>
      <if test="nprdnbr != null">
        #{nprdnbr,jdbcType=CHAR},
      </if>
      <if test="imoptmu != null">
        #{imoptmu,jdbcType=INTEGER},
      </if>
      <if test="dmoptme != null">
        #{dmoptme,jdbcType=CHAR},
      </if>
      <if test="svmskey != null">
        #{svmskey,jdbcType=CHAR},
      </if>
      <if test="cmoptyp != null">
        #{cmoptyp,jdbcType=CHAR},
      </if>
      <if test="nmopmpn != null">
        #{nmopmpn,jdbcType=CHAR},
      </if>
      <if test="dmopaut != null">
        #{dmopaut,jdbcType=TIMESTAMP},
      </if>
      <if test="smopauu != null">
        #{smopauu,jdbcType=CHAR},
      </if>
      <if test="smopaup != null">
        #{smopaup,jdbcType=CHAR},
      </if>
    </trim>
  </insert>
  <update id="updateByPrimaryKeySelective" parameterType="com.ibm.dk.alr.zscm.scrt.storing.mybatis.model.SCRMOP">
    update SCRMOP
    <set>
      <if test="nprdnbr != null">
        NPRDNBR = #{nprdnbr,jdbcType=CHAR},
      </if>
      <if test="imoptmu != null">
        IMOPTMU = #{imoptmu,jdbcType=INTEGER},
      </if>
      <if test="dmoptme != null">
        DMOPTME = #{dmoptme,jdbcType=CHAR},
      </if>
      <if test="svmskey != null">
        SVMSKEY = #{svmskey,jdbcType=CHAR},
      </if>
      <if test="cmoptyp != null">
        CMOPTYP = #{cmoptyp,jdbcType=CHAR},
      </if>
      <if test="nmopmpn != null">
        NMOPMPN = #{nmopmpn,jdbcType=CHAR},
      </if>
      <if test="dmopaut != null">
        DMOPAUT = #{dmopaut,jdbcType=TIMESTAMP},
      </if>
      <if test="smopauu != null">
        SMOPAUU = #{smopauu,jdbcType=CHAR},
      </if>
      <if test="smopaup != null">
        SMOPAUP = #{smopaup,jdbcType=CHAR},
      </if>
    </set>
    where ISUBMID = #{isubmid,jdbcType=CHAR}
      and ISUBREP = #{isubrep,jdbcType=INTEGER}
      and IPGMNBR = #{ipgmnbr,jdbcType=CHAR}
      and IMOPSEQ = #{imopseq,jdbcType=INTEGER}
  </update>
  <update id="updateByPrimaryKey" parameterType="com.ibm.dk.alr.zscm.scrt.storing.mybatis.model.SCRMOP">
    update SCRMOP
    set NPRDNBR = #{nprdnbr,jdbcType=CHAR},
      IMOPTMU = #{imoptmu,jdbcType=INTEGER},
      DMOPTME = #{dmoptme,jdbcType=CHAR},
      SVMSKEY = #{svmskey,jdbcType=CHAR},
      CMOPTYP = #{cmoptyp,jdbcType=CHAR},
      NMOPMPN = #{nmopmpn,jdbcType=CHAR},
      DMOPAUT = #{dmopaut,jdbcType=TIMESTAMP},
      SMOPAUU = #{smopauu,jdbcType=CHAR},
      SMOPAUP = #{smopaup,jdbcType=CHAR}
    where ISUBMID = #{isubmid,jdbcType=CHAR}
      and ISUBREP = #{isubrep,jdbcType=INTEGER}
      and IPGMNBR = #{ipgmnbr,jdbcType=CHAR}
      and IMOPSEQ = #{imopseq,jdbcType=INTEGER}
  </update>
</mapper>