<?xml version="1.0" encoding="UTF-8"?>
<!DOCTYPE mapper PUBLIC "-//mybatis.org//DTD Mapper 3.0//EN" "http://mybatis.org/dtd/mybatis-3-mapper.dtd">
<mapper namespace="com.ibm.dk.alr.zscm.scrt.storing.mybatis.data.SCRMLPMapper">
  <resultMap id="BaseResultMap" type="com.ibm.dk.alr.zscm.scrt.storing.mybatis.model.SCRMLP">
    <result column="ISUBRID" jdbcType="CHAR" property="isubrid" />
    <result column="ISUBREP" jdbcType="INTEGER" property="isubrep" />
    <result column="IMLPSEC" jdbcType="CHAR" property="imlpsec" />
    <result column="IMLPSEQ" jdbcType="INTEGER" property="imlpseq" />
    <result column="IMLPCO1" jdbcType="CHAR" property="imlpco1" />
    <result column="IMLPCO2" jdbcType="CHAR" property="imlpco2" />
    <result column="IMLPCO3" jdbcType="CHAR" property="imlpco3" />
    <result column="IMLPCO4" jdbcType="VARCHAR" property="imlpco4" />
    <result column="DMLPAUT" jdbcType="TIMESTAMP" property="dmlpaut" />
    <result column="SMLPAUU" jdbcType="CHAR" property="smlpauu" />
    <result column="SMLPAUP" jdbcType="CHAR" property="smlpaup" />
    <result column="QMLPMHR" jdbcType="INTEGER" property="qmlpmhr" />
    <result column="QMLPEPU" jdbcType="CHAR" property="qmlpepu" />
  </resultMap>
  <insert id="insert" parameterType="com.ibm.dk.alr.zscm.scrt.storing.mybatis.model.SCRMLP">
    insert into SCRMLP (ISUBRID, ISUBREP, IMLPSEC, 
      IMLPSEQ, IMLPCO1, IMLPCO2, 
      IMLPCO3, IMLPCO4, DMLPAUT, 
      SMLPAUU, SMLPAUP, QMLPMHR, 
      QMLPEPU)
    values (#{isubrid,jdbcType=CHAR}, #{isubrep,jdbcType=INTEGER}, #{imlpsec,jdbcType=CHAR}, 
      #{imlpseq,jdbcType=INTEGER}, #{imlpco1,jdbcType=CHAR}, #{imlpco2,jdbcType=CHAR}, 
      #{imlpco3,jdbcType=CHAR}, #{imlpco4,jdbcType=VARCHAR}, #{dmlpaut,jdbcType=TIMESTAMP}, 
      #{smlpauu,jdbcType=CHAR}, #{smlpaup,jdbcType=CHAR}, #{qmlpmhr,jdbcType=INTEGER}, 
      #{qmlpepu,jdbcType=CHAR})
  </insert>
  <insert id="insertSelective" parameterType="com.ibm.dk.alr.zscm.scrt.storing.mybatis.model.SCRMLP">
    insert into SCRMLP
    <trim prefix="(" suffix=")" suffixOverrides=",">
      <if test="isubrid != null">
        ISUBRID,
      </if>
      <if test="isubrep != null">
        ISUBREP,
      </if>
      <if test="imlpsec != null">
        IMLPSEC,
      </if>
      <if test="imlpseq != null">
        IMLPSEQ,
      </if>
      <if test="imlpco1 != null">
        IMLPCO1,
      </if>
      <if test="imlpco2 != null">
        IMLPCO2,
      </if>
      <if test="imlpco3 != null">
        IMLPCO3,
      </if>
      <if test="imlpco4 != null">
        IMLPCO4,
      </if>
      <if test="dmlpaut != null">
        DMLPAUT,
      </if>
      <if test="smlpauu != null">
        SMLPAUU,
      </if>
      <if test="smlpaup != null">
        SMLPAUP,
      </if>
      <if test="qmlpmhr != null">
        QMLPMHR,
      </if>
      <if test="qmlpepu != null">
        QMLPEPU,
      </if>
    </trim>
    <trim prefix="values (" suffix=")" suffixOverrides=",">
      <if test="isubrid != null">
        #{isubrid,jdbcType=CHAR},
      </if>
      <if test="isubrep != null">
        #{isubrep,jdbcType=INTEGER},
      </if>
      <if test="imlpsec != null">
        #{imlpsec,jdbcType=CHAR},
      </if>
      <if test="imlpseq != null">
        #{imlpseq,jdbcType=INTEGER},
      </if>
      <if test="imlpco1 != null">
        #{imlpco1,jdbcType=CHAR},
      </if>
      <if test="imlpco2 != null">
        #{imlpco2,jdbcType=CHAR},
      </if>
      <if test="imlpco3 != null">
        #{imlpco3,jdbcType=CHAR},
      </if>
      <if test="imlpco4 != null">
        #{imlpco4,jdbcType=VARCHAR},
      </if>
      <if test="dmlpaut != null">
        #{dmlpaut,jdbcType=TIMESTAMP},
      </if>
      <if test="smlpauu != null">
        #{smlpauu,jdbcType=CHAR},
      </if>
      <if test="smlpaup != null">
        #{smlpaup,jdbcType=CHAR},
      </if>
      <if test="qmlpmhr != null">
        #{qmlpmhr,jdbcType=INTEGER},
      </if>
      <if test="qmlpepu != null">
        #{qmlpepu,jdbcType=CHAR},
      </if>
    </trim>
  </insert>
  <resultMap id="BaseResultMap" type="com.ibm.dk.alr.zscm.scrt.storing.mybatis.model.SCRMLP">
    <result column="ISUBRID" jdbcType="CHAR" property="isubrid" />
    <result column="ISUBREP" jdbcType="INTEGER" property="isubrep" />
    <result column="IMLPSEC" jdbcType="CHAR" property="imlpsec" />
    <result column="IMLPSEQ" jdbcType="INTEGER" property="imlpseq" />
    <result column="IMLPCO1" jdbcType="CHAR" property="imlpco1" />
    <result column="IMLPCO2" jdbcType="CHAR" property="imlpco2" />
    <result column="IMLPCO3" jdbcType="CHAR" property="imlpco3" />
    <result column="IMLPCO4" jdbcType="VARCHAR" property="imlpco4" />
    <result column="DMLPAUT" jdbcType="TIMESTAMP" property="dmlpaut" />
    <result column="SMLPAUU" jdbcType="CHAR" property="smlpauu" />
    <result column="SMLPAUP" jdbcType="CHAR" property="smlpaup" />
    <result column="QMLPMHR" jdbcType="INTEGER" property="qmlpmhr" />
    <result column="QMLPEPU" jdbcType="CHAR" property="qmlpepu" />
  </resultMap>
  <insert id="insert" parameterType="com.ibm.dk.alr.zscm.scrt.storing.mybatis.model.SCRMLP">
    insert into SCRMLP (ISUBRID, ISUBREP, IMLPSEC, 
      IMLPSEQ, IMLPCO1, IMLPCO2, 
      IMLPCO3, IMLPCO4, DMLPAUT, 
      SMLPAUU, SMLPAUP, QMLPMHR, 
      QMLPEPU)
    values (#{isubrid,jdbcType=CHAR}, #{isubrep,jdbcType=INTEGER}, #{imlpsec,jdbcType=CHAR}, 
      #{imlpseq,jdbcType=INTEGER}, #{imlpco1,jdbcType=CHAR}, #{imlpco2,jdbcType=CHAR}, 
      #{imlpco3,jdbcType=CHAR}, #{imlpco4,jdbcType=VARCHAR}, #{dmlpaut,jdbcType=TIMESTAMP}, 
      #{smlpauu,jdbcType=CHAR}, #{smlpaup,jdbcType=CHAR}, #{qmlpmhr,jdbcType=INTEGER}, 
      #{qmlpepu,jdbcType=CHAR})
  </insert>
  <insert id="insertSelective" parameterType="com.ibm.dk.alr.zscm.scrt.storing.mybatis.model.SCRMLP">
    insert into SCRMLP
    <trim prefix="(" suffix=")" suffixOverrides=",">
      <if test="isubrid != null">
        ISUBRID,
      </if>
      <if test="isubrep != null">
        ISUBREP,
      </if>
      <if test="imlpsec != null">
        IMLPSEC,
      </if>
      <if test="imlpseq != null">
        IMLPSEQ,
      </if>
      <if test="imlpco1 != null">
        IMLPCO1,
      </if>
      <if test="imlpco2 != null">
        IMLPCO2,
      </if>
      <if test="imlpco3 != null">
        IMLPCO3,
      </if>
      <if test="imlpco4 != null">
        IMLPCO4,
      </if>
      <if test="dmlpaut != null">
        DMLPAUT,
      </if>
      <if test="smlpauu != null">
        SMLPAUU,
      </if>
      <if test="smlpaup != null">
        SMLPAUP,
      </if>
      <if test="qmlpmhr != null">
        QMLPMHR,
      </if>
      <if test="qmlpepu != null">
        QMLPEPU,
      </if>
    </trim>
    <trim prefix="values (" suffix=")" suffixOverrides=",">
      <if test="isubrid != null">
        #{isubrid,jdbcType=CHAR},
      </if>
      <if test="isubrep != null">
        #{isubrep,jdbcType=INTEGER},
      </if>
      <if test="imlpsec != null">
        #{imlpsec,jdbcType=CHAR},
      </if>
      <if test="imlpseq != null">
        #{imlpseq,jdbcType=INTEGER},
      </if>
      <if test="imlpco1 != null">
        #{imlpco1,jdbcType=CHAR},
      </if>
      <if test="imlpco2 != null">
        #{imlpco2,jdbcType=CHAR},
      </if>
      <if test="imlpco3 != null">
        #{imlpco3,jdbcType=CHAR},
      </if>
      <if test="imlpco4 != null">
        #{imlpco4,jdbcType=VARCHAR},
      </if>
      <if test="dmlpaut != null">
        #{dmlpaut,jdbcType=TIMESTAMP},
      </if>
      <if test="smlpauu != null">
        #{smlpauu,jdbcType=CHAR},
      </if>
      <if test="smlpaup != null">
        #{smlpaup,jdbcType=CHAR},
      </if>
      <if test="qmlpmhr != null">
        #{qmlpmhr,jdbcType=INTEGER},
      </if>
      <if test="qmlpepu != null">
        #{qmlpepu,jdbcType=CHAR},
      </if>
    </trim>
  </insert>
  <resultMap id="BaseResultMap" type="com.ibm.dk.alr.zscm.scrt.storing.mybatis.model.SCRMLP">
    <result column="ISUBRID" jdbcType="CHAR" property="isubrid" />
    <result column="ISUBREP" jdbcType="INTEGER" property="isubrep" />
    <result column="IMLPSEC" jdbcType="CHAR" property="imlpsec" />
    <result column="IMLPSEQ" jdbcType="INTEGER" property="imlpseq" />
    <result column="IMLPCO1" jdbcType="CHAR" property="imlpco1" />
    <result column="IMLPCO2" jdbcType="CHAR" property="imlpco2" />
    <result column="IMLPCO3" jdbcType="CHAR" property="imlpco3" />
    <result column="IMLPCO4" jdbcType="VARCHAR" property="imlpco4" />
    <result column="DMLPAUT" jdbcType="TIMESTAMP" property="dmlpaut" />
    <result column="SMLPAUU" jdbcType="CHAR" property="smlpauu" />
    <result column="SMLPAUP" jdbcType="CHAR" property="smlpaup" />
    <result column="QMLPMHR" jdbcType="INTEGER" property="qmlpmhr" />
    <result column="QMLPEPU" jdbcType="CHAR" property="qmlpepu" />
  </resultMap>
  <insert id="insert" parameterType="com.ibm.dk.alr.zscm.scrt.storing.mybatis.model.SCRMLP">
    insert into SCRMLP (ISUBRID, ISUBREP, IMLPSEC, 
      IMLPSEQ, IMLPCO1, IMLPCO2, 
      IMLPCO3, IMLPCO4, DMLPAUT, 
      SMLPAUU, SMLPAUP, QMLPMHR, 
      QMLPEPU)
    values (#{isubrid,jdbcType=CHAR}, #{isubrep,jdbcType=INTEGER}, #{imlpsec,jdbcType=CHAR}, 
      #{imlpseq,jdbcType=INTEGER}, #{imlpco1,jdbcType=CHAR}, #{imlpco2,jdbcType=CHAR}, 
      #{imlpco3,jdbcType=CHAR}, #{imlpco4,jdbcType=VARCHAR}, #{dmlpaut,jdbcType=TIMESTAMP}, 
      #{smlpauu,jdbcType=CHAR}, #{smlpaup,jdbcType=CHAR}, #{qmlpmhr,jdbcType=INTEGER}, 
      #{qmlpepu,jdbcType=CHAR})
  </insert>
  <insert id="insertSelective" parameterType="com.ibm.dk.alr.zscm.scrt.storing.mybatis.model.SCRMLP">
    insert into SCRMLP
    <trim prefix="(" suffix=")" suffixOverrides=",">
      <if test="isubrid != null">
        ISUBRID,
      </if>
      <if test="isubrep != null">
        ISUBREP,
      </if>
      <if test="imlpsec != null">
        IMLPSEC,
      </if>
      <if test="imlpseq != null">
        IMLPSEQ,
      </if>
      <if test="imlpco1 != null">
        IMLPCO1,
      </if>
      <if test="imlpco2 != null">
        IMLPCO2,
      </if>
      <if test="imlpco3 != null">
        IMLPCO3,
      </if>
      <if test="imlpco4 != null">
        IMLPCO4,
      </if>
      <if test="dmlpaut != null">
        DMLPAUT,
      </if>
      <if test="smlpauu != null">
        SMLPAUU,
      </if>
      <if test="smlpaup != null">
        SMLPAUP,
      </if>
      <if test="qmlpmhr != null">
        QMLPMHR,
      </if>
      <if test="qmlpepu != null">
        QMLPEPU,
      </if>
    </trim>
    <trim prefix="values (" suffix=")" suffixOverrides=",">
      <if test="isubrid != null">
        #{isubrid,jdbcType=CHAR},
      </if>
      <if test="isubrep != null">
        #{isubrep,jdbcType=INTEGER},
      </if>
      <if test="imlpsec != null">
        #{imlpsec,jdbcType=CHAR},
      </if>
      <if test="imlpseq != null">
        #{imlpseq,jdbcType=INTEGER},
      </if>
      <if test="imlpco1 != null">
        #{imlpco1,jdbcType=CHAR},
      </if>
      <if test="imlpco2 != null">
        #{imlpco2,jdbcType=CHAR},
      </if>
      <if test="imlpco3 != null">
        #{imlpco3,jdbcType=CHAR},
      </if>
      <if test="imlpco4 != null">
        #{imlpco4,jdbcType=VARCHAR},
      </if>
      <if test="dmlpaut != null">
        #{dmlpaut,jdbcType=TIMESTAMP},
      </if>
      <if test="smlpauu != null">
        #{smlpauu,jdbcType=CHAR},
      </if>
      <if test="smlpaup != null">
        #{smlpaup,jdbcType=CHAR},
      </if>
      <if test="qmlpmhr != null">
        #{qmlpmhr,jdbcType=INTEGER},
      </if>
      <if test="qmlpepu != null">
        #{qmlpepu,jdbcType=CHAR},
      </if>
    </trim>
  </insert>
</mapper>