<?xml version="1.0" encoding="UTF-8"?>
<!DOCTYPE mapper PUBLIC "-//mybatis.org//DTD Mapper 3.0//EN" "http://mybatis.org/dtd/mybatis-3-mapper.dtd">
<mapper namespace="com.ibm.dk.alr.zscm.scrt.storing.mybatis.data.SCRMCPMapper">
  <resultMap id="BaseResultMap" type="com.ibm.dk.alr.zscm.scrt.storing.mybatis.model.SCRMCP">
    <id column="ISUBMID" jdbcType="CHAR" property="isubmid" />
    <id column="IMIMSEQ" jdbcType="INTEGER" property="imimseq" />
    <id column="IMCPCID" jdbcType="CHAR" property="imcpcid" />
    <result column="IMCPSEQ" jdbcType="INTEGER" property="imcpseq" />
    <result column="QMCPMSU" jdbcType="INTEGER" property="qmcpmsu" />
    <result column="DMCPTME" jdbcType="CHAR" property="dmcptme" />
    <result column="DMCPAUT" jdbcType="TIMESTAMP" property="dmcpaut" />
    <result column="SMCPAUP" jdbcType="CHAR" property="smcpaup" />
    <result column="SMCPAUU" jdbcType="CHAR" property="smcpauu" />
  </resultMap>
  <sql id="Base_Column_List">
    ISUBMID, IMIMSEQ, IMCPCID, IMCPSEQ, QMCPMSU, DMCPTME, DMCPAUT, SMCPAUP, SMCPAUU
  </sql>
  <select id="selectByPrimaryKey" parameterType="com.ibm.dk.alr.zscm.scrt.storing.mybatis.model.SCRMCPKey" resultMap="BaseResultMap">
    select 
    <include refid="Base_Column_List" />
    from SCRMCP
    where ISUBMID = #{isubmid,jdbcType=CHAR}
      and IMIMSEQ = #{imimseq,jdbcType=INTEGER}
      and IMCPCID = #{imcpcid,jdbcType=CHAR}
  </select>
  <delete id="deleteByPrimaryKey" parameterType="com.ibm.dk.alr.zscm.scrt.storing.mybatis.model.SCRMCPKey">
    delete from SCRMCP
    where ISUBMID = #{isubmid,jdbcType=CHAR}
      and IMIMSEQ = #{imimseq,jdbcType=INTEGER}
      and IMCPCID = #{imcpcid,jdbcType=CHAR}
  </delete>
  <insert id="insert" parameterType="com.ibm.dk.alr.zscm.scrt.storing.mybatis.model.SCRMCP">
    insert into SCRMCP (ISUBMID, IMIMSEQ, IMCPCID, 
      IMCPSEQ, QMCPMSU, DMCPTME, 
      DMCPAUT, SMCPAUP, SMCPAUU
      )
    values (#{isubmid,jdbcType=CHAR}, #{imimseq,jdbcType=INTEGER}, #{imcpcid,jdbcType=CHAR}, 
      #{imcpseq,jdbcType=INTEGER}, #{qmcpmsu,jdbcType=INTEGER}, #{dmcptme,jdbcType=CHAR}, 
      #{dmcpaut,jdbcType=TIMESTAMP}, #{smcpaup,jdbcType=CHAR}, #{smcpauu,jdbcType=CHAR}
      )
  </insert>
  <insert id="insertSelective" parameterType="com.ibm.dk.alr.zscm.scrt.storing.mybatis.model.SCRMCP">
    insert into SCRMCP
    <trim prefix="(" suffix=")" suffixOverrides=",">
      <if test="isubmid != null">
        ISUBMID,
      </if>
      <if test="imimseq != null">
        IMIMSEQ,
      </if>
      <if test="imcpcid != null">
        IMCPCID,
      </if>
      <if test="imcpseq != null">
        IMCPSEQ,
      </if>
      <if test="qmcpmsu != null">
        QMCPMSU,
      </if>
      <if test="dmcptme != null">
        DMCPTME,
      </if>
      <if test="dmcpaut != null">
        DMCPAUT,
      </if>
      <if test="smcpaup != null">
        SMCPAUP,
      </if>
      <if test="smcpauu != null">
        SMCPAUU,
      </if>
    </trim>
    <trim prefix="values (" suffix=")" suffixOverrides=",">
      <if test="isubmid != null">
        #{isubmid,jdbcType=CHAR},
      </if>
      <if test="imimseq != null">
        #{imimseq,jdbcType=INTEGER},
      </if>
      <if test="imcpcid != null">
        #{imcpcid,jdbcType=CHAR},
      </if>
      <if test="imcpseq != null">
        #{imcpseq,jdbcType=INTEGER},
      </if>
      <if test="qmcpmsu != null">
        #{qmcpmsu,jdbcType=INTEGER},
      </if>
      <if test="dmcptme != null">
        #{dmcptme,jdbcType=CHAR},
      </if>
      <if test="dmcpaut != null">
        #{dmcpaut,jdbcType=TIMESTAMP},
      </if>
      <if test="smcpaup != null">
        #{smcpaup,jdbcType=CHAR},
      </if>
      <if test="smcpauu != null">
        #{smcpauu,jdbcType=CHAR},
      </if>
    </trim>
  </insert>
  <update id="updateByPrimaryKeySelective" parameterType="com.ibm.dk.alr.zscm.scrt.storing.mybatis.model.SCRMCP">
    update SCRMCP
    <set>
      <if test="imcpseq != null">
        IMCPSEQ = #{imcpseq,jdbcType=INTEGER},
      </if>
      <if test="qmcpmsu != null">
        QMCPMSU = #{qmcpmsu,jdbcType=INTEGER},
      </if>
      <if test="dmcptme != null">
        DMCPTME = #{dmcptme,jdbcType=CHAR},
      </if>
      <if test="dmcpaut != null">
        DMCPAUT = #{dmcpaut,jdbcType=TIMESTAMP},
      </if>
      <if test="smcpaup != null">
        SMCPAUP = #{smcpaup,jdbcType=CHAR},
      </if>
      <if test="smcpauu != null">
        SMCPAUU = #{smcpauu,jdbcType=CHAR},
      </if>
    </set>
    where ISUBMID = #{isubmid,jdbcType=CHAR}
      and IMIMSEQ = #{imimseq,jdbcType=INTEGER}
      and IMCPCID = #{imcpcid,jdbcType=CHAR}
  </update>
  <update id="updateByPrimaryKey" parameterType="com.ibm.dk.alr.zscm.scrt.storing.mybatis.model.SCRMCP">
    update SCRMCP
    set IMCPSEQ = #{imcpseq,jdbcType=INTEGER},
      QMCPMSU = #{qmcpmsu,jdbcType=INTEGER},
      DMCPTME = #{dmcptme,jdbcType=CHAR},
      DMCPAUT = #{dmcpaut,jdbcType=TIMESTAMP},
      SMCPAUP = #{smcpaup,jdbcType=CHAR},
      SMCPAUU = #{smcpauu,jdbcType=CHAR}
    where ISUBMID = #{isubmid,jdbcType=CHAR}
      and IMIMSEQ = #{imimseq,jdbcType=INTEGER}
      and IMCPCID = #{imcpcid,jdbcType=CHAR}
  </update>
  <resultMap id="BaseResultMap" type="com.ibm.dk.alr.zscm.scrt.storing.mybatis.model.SCRMCP">
    <id column="ISUBMID" jdbcType="CHAR" property="isubmid" />
    <id column="IMIMSEQ" jdbcType="INTEGER" property="imimseq" />
    <id column="IMCPCID" jdbcType="CHAR" property="imcpcid" />
    <result column="IMCPSEQ" jdbcType="INTEGER" property="imcpseq" />
    <result column="QMCPMSU" jdbcType="INTEGER" property="qmcpmsu" />
    <result column="DMCPTME" jdbcType="CHAR" property="dmcptme" />
    <result column="DMCPAUT" jdbcType="TIMESTAMP" property="dmcpaut" />
    <result column="SMCPAUP" jdbcType="CHAR" property="smcpaup" />
    <result column="SMCPAUU" jdbcType="CHAR" property="smcpauu" />
  </resultMap>
  <sql id="Base_Column_List">
    ISUBMID, IMIMSEQ, IMCPCID, IMCPSEQ, QMCPMSU, DMCPTME, DMCPAUT, SMCPAUP, SMCPAUU
  </sql>
  <select id="selectByPrimaryKey" parameterType="com.ibm.dk.alr.zscm.scrt.storing.mybatis.model.SCRMCPKey" resultMap="BaseResultMap">
    select 
    <include refid="Base_Column_List" />
    from SCRMCP
    where ISUBMID = #{isubmid,jdbcType=CHAR}
      and IMIMSEQ = #{imimseq,jdbcType=INTEGER}
      and IMCPCID = #{imcpcid,jdbcType=CHAR}
  </select>
  <delete id="deleteByPrimaryKey" parameterType="com.ibm.dk.alr.zscm.scrt.storing.mybatis.model.SCRMCPKey">
    delete from SCRMCP
    where ISUBMID = #{isubmid,jdbcType=CHAR}
      and IMIMSEQ = #{imimseq,jdbcType=INTEGER}
      and IMCPCID = #{imcpcid,jdbcType=CHAR}
  </delete>
  <insert id="insert" parameterType="com.ibm.dk.alr.zscm.scrt.storing.mybatis.model.SCRMCP">
    insert into SCRMCP (ISUBMID, IMIMSEQ, IMCPCID, 
      IMCPSEQ, QMCPMSU, DMCPTME, 
      DMCPAUT, SMCPAUP, SMCPAUU
      )
    values (#{isubmid,jdbcType=CHAR}, #{imimseq,jdbcType=INTEGER}, #{imcpcid,jdbcType=CHAR}, 
      #{imcpseq,jdbcType=INTEGER}, #{qmcpmsu,jdbcType=INTEGER}, #{dmcptme,jdbcType=CHAR}, 
      #{dmcpaut,jdbcType=TIMESTAMP}, #{smcpaup,jdbcType=CHAR}, #{smcpauu,jdbcType=CHAR}
      )
  </insert>
  <insert id="insertSelective" parameterType="com.ibm.dk.alr.zscm.scrt.storing.mybatis.model.SCRMCP">
    insert into SCRMCP
    <trim prefix="(" suffix=")" suffixOverrides=",">
      <if test="isubmid != null">
        ISUBMID,
      </if>
      <if test="imimseq != null">
        IMIMSEQ,
      </if>
      <if test="imcpcid != null">
        IMCPCID,
      </if>
      <if test="imcpseq != null">
        IMCPSEQ,
      </if>
      <if test="qmcpmsu != null">
        QMCPMSU,
      </if>
      <if test="dmcptme != null">
        DMCPTME,
      </if>
      <if test="dmcpaut != null">
        DMCPAUT,
      </if>
      <if test="smcpaup != null">
        SMCPAUP,
      </if>
      <if test="smcpauu != null">
        SMCPAUU,
      </if>
    </trim>
    <trim prefix="values (" suffix=")" suffixOverrides=",">
      <if test="isubmid != null">
        #{isubmid,jdbcType=CHAR},
      </if>
      <if test="imimseq != null">
        #{imimseq,jdbcType=INTEGER},
      </if>
      <if test="imcpcid != null">
        #{imcpcid,jdbcType=CHAR},
      </if>
      <if test="imcpseq != null">
        #{imcpseq,jdbcType=INTEGER},
      </if>
      <if test="qmcpmsu != null">
        #{qmcpmsu,jdbcType=INTEGER},
      </if>
      <if test="dmcptme != null">
        #{dmcptme,jdbcType=CHAR},
      </if>
      <if test="dmcpaut != null">
        #{dmcpaut,jdbcType=TIMESTAMP},
      </if>
      <if test="smcpaup != null">
        #{smcpaup,jdbcType=CHAR},
      </if>
      <if test="smcpauu != null">
        #{smcpauu,jdbcType=CHAR},
      </if>
    </trim>
  </insert>
  <update id="updateByPrimaryKeySelective" parameterType="com.ibm.dk.alr.zscm.scrt.storing.mybatis.model.SCRMCP">
    update SCRMCP
    <set>
      <if test="imcpseq != null">
        IMCPSEQ = #{imcpseq,jdbcType=INTEGER},
      </if>
      <if test="qmcpmsu != null">
        QMCPMSU = #{qmcpmsu,jdbcType=INTEGER},
      </if>
      <if test="dmcptme != null">
        DMCPTME = #{dmcptme,jdbcType=CHAR},
      </if>
      <if test="dmcpaut != null">
        DMCPAUT = #{dmcpaut,jdbcType=TIMESTAMP},
      </if>
      <if test="smcpaup != null">
        SMCPAUP = #{smcpaup,jdbcType=CHAR},
      </if>
      <if test="smcpauu != null">
        SMCPAUU = #{smcpauu,jdbcType=CHAR},
      </if>
    </set>
    where ISUBMID = #{isubmid,jdbcType=CHAR}
      and IMIMSEQ = #{imimseq,jdbcType=INTEGER}
      and IMCPCID = #{imcpcid,jdbcType=CHAR}
  </update>
  <update id="updateByPrimaryKey" parameterType="com.ibm.dk.alr.zscm.scrt.storing.mybatis.model.SCRMCP">
    update SCRMCP
    set IMCPSEQ = #{imcpseq,jdbcType=INTEGER},
      QMCPMSU = #{qmcpmsu,jdbcType=INTEGER},
      DMCPTME = #{dmcptme,jdbcType=CHAR},
      DMCPAUT = #{dmcpaut,jdbcType=TIMESTAMP},
      SMCPAUP = #{smcpaup,jdbcType=CHAR},
      SMCPAUU = #{smcpauu,jdbcType=CHAR}
    where ISUBMID = #{isubmid,jdbcType=CHAR}
      and IMIMSEQ = #{imimseq,jdbcType=INTEGER}
      and IMCPCID = #{imcpcid,jdbcType=CHAR}
  </update>
  <resultMap id="BaseResultMap" type="com.ibm.dk.alr.zscm.scrt.storing.mybatis.model.SCRMCP">
    <id column="ISUBMID" jdbcType="CHAR" property="isubmid" />
    <id column="IMIMSEQ" jdbcType="INTEGER" property="imimseq" />
    <id column="IMCPCID" jdbcType="CHAR" property="imcpcid" />
    <result column="IMCPSEQ" jdbcType="INTEGER" property="imcpseq" />
    <result column="QMCPMSU" jdbcType="INTEGER" property="qmcpmsu" />
    <result column="DMCPTME" jdbcType="CHAR" property="dmcptme" />
    <result column="DMCPAUT" jdbcType="TIMESTAMP" property="dmcpaut" />
    <result column="SMCPAUP" jdbcType="CHAR" property="smcpaup" />
    <result column="SMCPAUU" jdbcType="CHAR" property="smcpauu" />
  </resultMap>
  <sql id="Base_Column_List">
    ISUBMID, IMIMSEQ, IMCPCID, IMCPSEQ, QMCPMSU, DMCPTME, DMCPAUT, SMCPAUP, SMCPAUU
  </sql>
  <select id="selectByPrimaryKey" parameterType="com.ibm.dk.alr.zscm.scrt.storing.mybatis.model.SCRMCPKey" resultMap="BaseResultMap">
    select 
    <include refid="Base_Column_List" />
    from SCRMCP
    where ISUBMID = #{isubmid,jdbcType=CHAR}
      and IMIMSEQ = #{imimseq,jdbcType=INTEGER}
      and IMCPCID = #{imcpcid,jdbcType=CHAR}
  </select>
  <delete id="deleteByPrimaryKey" parameterType="com.ibm.dk.alr.zscm.scrt.storing.mybatis.model.SCRMCPKey">
    delete from SCRMCP
    where ISUBMID = #{isubmid,jdbcType=CHAR}
      and IMIMSEQ = #{imimseq,jdbcType=INTEGER}
      and IMCPCID = #{imcpcid,jdbcType=CHAR}
  </delete>
  <insert id="insert" parameterType="com.ibm.dk.alr.zscm.scrt.storing.mybatis.model.SCRMCP">
    insert into SCRMCP (ISUBMID, IMIMSEQ, IMCPCID, 
      IMCPSEQ, QMCPMSU, DMCPTME, 
      DMCPAUT, SMCPAUP, SMCPAUU
      )
    values (#{isubmid,jdbcType=CHAR}, #{imimseq,jdbcType=INTEGER}, #{imcpcid,jdbcType=CHAR}, 
      #{imcpseq,jdbcType=INTEGER}, #{qmcpmsu,jdbcType=INTEGER}, #{dmcptme,jdbcType=CHAR}, 
      #{dmcpaut,jdbcType=TIMESTAMP}, #{smcpaup,jdbcType=CHAR}, #{smcpauu,jdbcType=CHAR}
      )
  </insert>
  <insert id="insertSelective" parameterType="com.ibm.dk.alr.zscm.scrt.storing.mybatis.model.SCRMCP">
    insert into SCRMCP
    <trim prefix="(" suffix=")" suffixOverrides=",">
      <if test="isubmid != null">
        ISUBMID,
      </if>
      <if test="imimseq != null">
        IMIMSEQ,
      </if>
      <if test="imcpcid != null">
        IMCPCID,
      </if>
      <if test="imcpseq != null">
        IMCPSEQ,
      </if>
      <if test="qmcpmsu != null">
        QMCPMSU,
      </if>
      <if test="dmcptme != null">
        DMCPTME,
      </if>
      <if test="dmcpaut != null">
        DMCPAUT,
      </if>
      <if test="smcpaup != null">
        SMCPAUP,
      </if>
      <if test="smcpauu != null">
        SMCPAUU,
      </if>
    </trim>
    <trim prefix="values (" suffix=")" suffixOverrides=",">
      <if test="isubmid != null">
        #{isubmid,jdbcType=CHAR},
      </if>
      <if test="imimseq != null">
        #{imimseq,jdbcType=INTEGER},
      </if>
      <if test="imcpcid != null">
        #{imcpcid,jdbcType=CHAR},
      </if>
      <if test="imcpseq != null">
        #{imcpseq,jdbcType=INTEGER},
      </if>
      <if test="qmcpmsu != null">
        #{qmcpmsu,jdbcType=INTEGER},
      </if>
      <if test="dmcptme != null">
        #{dmcptme,jdbcType=CHAR},
      </if>
      <if test="dmcpaut != null">
        #{dmcpaut,jdbcType=TIMESTAMP},
      </if>
      <if test="smcpaup != null">
        #{smcpaup,jdbcType=CHAR},
      </if>
      <if test="smcpauu != null">
        #{smcpauu,jdbcType=CHAR},
      </if>
    </trim>
  </insert>
  <update id="updateByPrimaryKeySelective" parameterType="com.ibm.dk.alr.zscm.scrt.storing.mybatis.model.SCRMCP">
    update SCRMCP
    <set>
      <if test="imcpseq != null">
        IMCPSEQ = #{imcpseq,jdbcType=INTEGER},
      </if>
      <if test="qmcpmsu != null">
        QMCPMSU = #{qmcpmsu,jdbcType=INTEGER},
      </if>
      <if test="dmcptme != null">
        DMCPTME = #{dmcptme,jdbcType=CHAR},
      </if>
      <if test="dmcpaut != null">
        DMCPAUT = #{dmcpaut,jdbcType=TIMESTAMP},
      </if>
      <if test="smcpaup != null">
        SMCPAUP = #{smcpaup,jdbcType=CHAR},
      </if>
      <if test="smcpauu != null">
        SMCPAUU = #{smcpauu,jdbcType=CHAR},
      </if>
    </set>
    where ISUBMID = #{isubmid,jdbcType=CHAR}
      and IMIMSEQ = #{imimseq,jdbcType=INTEGER}
      and IMCPCID = #{imcpcid,jdbcType=CHAR}
  </update>
  <update id="updateByPrimaryKey" parameterType="com.ibm.dk.alr.zscm.scrt.storing.mybatis.model.SCRMCP">
    update SCRMCP
    set IMCPSEQ = #{imcpseq,jdbcType=INTEGER},
      QMCPMSU = #{qmcpmsu,jdbcType=INTEGER},
      DMCPTME = #{dmcptme,jdbcType=CHAR},
      DMCPAUT = #{dmcpaut,jdbcType=TIMESTAMP},
      SMCPAUP = #{smcpaup,jdbcType=CHAR},
      SMCPAUU = #{smcpauu,jdbcType=CHAR}
    where ISUBMID = #{isubmid,jdbcType=CHAR}
      and IMIMSEQ = #{imimseq,jdbcType=INTEGER}
      and IMCPCID = #{imcpcid,jdbcType=CHAR}
  </update>
</mapper>