<?xml version="1.0" encoding="UTF-8"?>
<!DOCTYPE mapper PUBLIC "-//mybatis.org//DTD Mapper 3.0//EN" "http://mybatis.org/dtd/mybatis-3-mapper.dtd">
<mapper namespace="com.ibm.dk.alr.zscm.scrt.storing.mybatis.data.SCRMIMMapper">
  <resultMap id="BaseResultMap" type="com.ibm.dk.alr.zscm.scrt.storing.mybatis.model.SCRMIM">
    <result column="ISUBMID" jdbcType="CHAR" property="isubmid" />
    <result column="ISUBRID" jdbcType="CHAR" property="isubrid" />
    <result column="ISUBREP" jdbcType="INTEGER" property="isubrep" />
    <result column="ISPCMCH" jdbcType="CHAR" property="ispcmch" />
    <result column="DPERPER" jdbcType="CHAR" property="dperper" />
    <result column="CMIMKEY" jdbcType="CHAR" property="cmimkey" />
    <result column="DMIMAUT" jdbcType="TIMESTAMP" property="dmimaut" />
    <result column="SMIMAUU" jdbcType="CHAR" property="smimauu" />
    <result column="SMIMAUP" jdbcType="CHAR" property="smimaup" />
    <result column="IMIMSEQ" jdbcType="INTEGER" property="imimseq" />
    <result column="IMIMORD" jdbcType="INTEGER" property="imimord" />
  </resultMap>
  <insert id="insert" parameterType="com.ibm.dk.alr.zscm.scrt.storing.mybatis.model.SCRMIM">
    insert into SCRMIM (ISUBMID, ISUBRID, ISUBREP, 
      ISPCMCH, DPERPER, CMIMKEY, DMIMAUT, 
      SMIMAUU, SMIMAUP, IMIMSEQ, 
      IMIMORD)
    values (#{isubmid,jdbcType=CHAR}, #{isubrid,jdbcType=CHAR}, #{isubrep,jdbcType=INTEGER}, 
      #{ispcmch,jdbcType=CHAR}, #{dperper,jdbcType=CHAR}, #{cmimkey,jdbcType=CHAR}, #{dmimaut,jdbcType=TIMESTAMP}, 
      #{smimauu,jdbcType=CHAR}, #{smimaup,jdbcType=CHAR}, #{imimseq,jdbcType=INTEGER}, 
      #{imimord,jdbcType=INTEGER})
  </insert>
  <insert id="insertSelective" parameterType="com.ibm.dk.alr.zscm.scrt.storing.mybatis.model.SCRMIM">
    insert into SCRMIM
    <trim prefix="(" suffix=")" suffixOverrides=",">
      <if test="isubmid != null">
        ISUBMID,
      </if>
      <if test="isubrid != null">
        ISUBRID,
      </if>
      <if test="isubrep != null">
        ISUBREP,
      </if>
      <if test="ispcmch != null">
        ISPCMCH,
      </if>
      <if test="dperper != null">
        DPERPER,
      </if>
      <if test="cmimkey != null">
        CMIMKEY,
      </if>
      <if test="dmimaut != null">
        DMIMAUT,
      </if>
      <if test="smimauu != null">
        SMIMAUU,
      </if>
      <if test="smimaup != null">
        SMIMAUP,
      </if>
      <if test="imimseq != null">
        IMIMSEQ,
      </if>
      <if test="imimord != null">
        IMIMORD,
      </if>
    </trim>
    <trim prefix="values (" suffix=")" suffixOverrides=",">
      <if test="isubmid != null">
        #{isubmid,jdbcType=CHAR},
      </if>
      <if test="isubrid != null">
        #{isubrid,jdbcType=CHAR},
      </if>
      <if test="isubrep != null">
        #{isubrep,jdbcType=INTEGER},
      </if>
      <if test="ispcmch != null">
        #{ispcmch,jdbcType=CHAR},
      </if>
      <if test="dperper != null">
        #{dperper,jdbcType=CHAR},
      </if>
      <if test="cmimkey != null">
        #{cmimkey,jdbcType=CHAR},
      </if>
      <if test="dmimaut != null">
        #{dmimaut,jdbcType=TIMESTAMP},
      </if>
      <if test="smimauu != null">
        #{smimauu,jdbcType=CHAR},
      </if>
      <if test="smimaup != null">
        #{smimaup,jdbcType=CHAR},
      </if>
      <if test="imimseq != null">
        #{imimseq,jdbcType=INTEGER},
      </if>
      <if test="imimord != null">
        #{imimord,jdbcType=INTEGER},
      </if>
    </trim>
  </insert>
  <resultMap id="BaseResultMap" type="com.ibm.dk.alr.zscm.scrt.storing.mybatis.model.SCRMIM">
    <result column="ISUBMID" jdbcType="CHAR" property="isubmid" />
    <result column="ISUBRID" jdbcType="CHAR" property="isubrid" />
    <result column="ISUBREP" jdbcType="INTEGER" property="isubrep" />
    <result column="ISPCMCH" jdbcType="CHAR" property="ispcmch" />
    <result column="DPERPER" jdbcType="CHAR" property="dperper" />
    <result column="CMIMKEY" jdbcType="CHAR" property="cmimkey" />
    <result column="DMIMAUT" jdbcType="TIMESTAMP" property="dmimaut" />
    <result column="SMIMAUU" jdbcType="CHAR" property="smimauu" />
    <result column="SMIMAUP" jdbcType="CHAR" property="smimaup" />
    <result column="IMIMSEQ" jdbcType="INTEGER" property="imimseq" />
    <result column="IMIMORD" jdbcType="INTEGER" property="imimord" />
  </resultMap>
  <insert id="insert" parameterType="com.ibm.dk.alr.zscm.scrt.storing.mybatis.model.SCRMIM">
    insert into SCRMIM (ISUBMID, ISUBRID, ISUBREP, 
      ISPCMCH, DPERPER, CMIMKEY, DMIMAUT, 
      SMIMAUU, SMIMAUP, IMIMSEQ, 
      IMIMORD)
    values (#{isubmid,jdbcType=CHAR}, #{isubrid,jdbcType=CHAR}, #{isubrep,jdbcType=INTEGER}, 
      #{ispcmch,jdbcType=CHAR}, #{dperper,jdbcType=CHAR}, #{cmimkey,jdbcType=CHAR}, #{dmimaut,jdbcType=TIMESTAMP}, 
      #{smimauu,jdbcType=CHAR}, #{smimaup,jdbcType=CHAR}, #{imimseq,jdbcType=INTEGER}, 
      #{imimord,jdbcType=INTEGER})
  </insert>
  <insert id="insertSelective" parameterType="com.ibm.dk.alr.zscm.scrt.storing.mybatis.model.SCRMIM">
    insert into SCRMIM
    <trim prefix="(" suffix=")" suffixOverrides=",">
      <if test="isubmid != null">
        ISUBMID,
      </if>
      <if test="isubrid != null">
        ISUBRID,
      </if>
      <if test="isubrep != null">
        ISUBREP,
      </if>
      <if test="ispcmch != null">
        ISPCMCH,
      </if>
      <if test="dperper != null">
        DPERPER,
      </if>
      <if test="cmimkey != null">
        CMIMKEY,
      </if>
      <if test="dmimaut != null">
        DMIMAUT,
      </if>
      <if test="smimauu != null">
        SMIMAUU,
      </if>
      <if test="smimaup != null">
        SMIMAUP,
      </if>
      <if test="imimseq != null">
        IMIMSEQ,
      </if>
      <if test="imimord != null">
        IMIMORD,
      </if>
    </trim>
    <trim prefix="values (" suffix=")" suffixOverrides=",">
      <if test="isubmid != null">
        #{isubmid,jdbcType=CHAR},
      </if>
      <if test="isubrid != null">
        #{isubrid,jdbcType=CHAR},
      </if>
      <if test="isubrep != null">
        #{isubrep,jdbcType=INTEGER},
      </if>
      <if test="ispcmch != null">
        #{ispcmch,jdbcType=CHAR},
      </if>
      <if test="dperper != null">
        #{dperper,jdbcType=CHAR},
      </if>
      <if test="cmimkey != null">
        #{cmimkey,jdbcType=CHAR},
      </if>
      <if test="dmimaut != null">
        #{dmimaut,jdbcType=TIMESTAMP},
      </if>
      <if test="smimauu != null">
        #{smimauu,jdbcType=CHAR},
      </if>
      <if test="smimaup != null">
        #{smimaup,jdbcType=CHAR},
      </if>
      <if test="imimseq != null">
        #{imimseq,jdbcType=INTEGER},
      </if>
      <if test="imimord != null">
        #{imimord,jdbcType=INTEGER},
      </if>
    </trim>
  </insert>
  <resultMap id="BaseResultMap" type="com.ibm.dk.alr.zscm.scrt.storing.mybatis.model.SCRMIM">
    <result column="ISUBMID" jdbcType="CHAR" property="isubmid" />
    <result column="ISUBRID" jdbcType="CHAR" property="isubrid" />
    <result column="ISUBREP" jdbcType="INTEGER" property="isubrep" />
    <result column="ISPCMCH" jdbcType="CHAR" property="ispcmch" />
    <result column="DPERPER" jdbcType="CHAR" property="dperper" />
    <result column="CMIMKEY" jdbcType="CHAR" property="cmimkey" />
    <result column="DMIMAUT" jdbcType="TIMESTAMP" property="dmimaut" />
    <result column="SMIMAUU" jdbcType="CHAR" property="smimauu" />
    <result column="SMIMAUP" jdbcType="CHAR" property="smimaup" />
    <result column="IMIMSEQ" jdbcType="INTEGER" property="imimseq" />
    <result column="IMIMORD" jdbcType="INTEGER" property="imimord" />
  </resultMap>
  <insert id="insert" parameterType="com.ibm.dk.alr.zscm.scrt.storing.mybatis.model.SCRMIM">
    insert into SCRMIM (ISUBMID, ISUBRID, ISUBREP, 
      ISPCMCH, DPERPER, CMIMKEY, DMIMAUT, 
      SMIMAUU, SMIMAUP, IMIMSEQ, 
      IMIMORD)
    values (#{isubmid,jdbcType=CHAR}, #{isubrid,jdbcType=CHAR}, #{isubrep,jdbcType=INTEGER}, 
      #{ispcmch,jdbcType=CHAR}, #{dperper,jdbcType=CHAR}, #{cmimkey,jdbcType=CHAR}, #{dmimaut,jdbcType=TIMESTAMP}, 
      #{smimauu,jdbcType=CHAR}, #{smimaup,jdbcType=CHAR}, #{imimseq,jdbcType=INTEGER}, 
      #{imimord,jdbcType=INTEGER})
  </insert>
  <insert id="insertSelective" parameterType="com.ibm.dk.alr.zscm.scrt.storing.mybatis.model.SCRMIM">
    insert into SCRMIM
    <trim prefix="(" suffix=")" suffixOverrides=",">
      <if test="isubmid != null">
        ISUBMID,
      </if>
      <if test="isubrid != null">
        ISUBRID,
      </if>
      <if test="isubrep != null">
        ISUBREP,
      </if>
      <if test="ispcmch != null">
        ISPCMCH,
      </if>
      <if test="dperper != null">
        DPERPER,
      </if>
      <if test="cmimkey != null">
        CMIMKEY,
      </if>
      <if test="dmimaut != null">
        DMIMAUT,
      </if>
      <if test="smimauu != null">
        SMIMAUU,
      </if>
      <if test="smimaup != null">
        SMIMAUP,
      </if>
      <if test="imimseq != null">
        IMIMSEQ,
      </if>
      <if test="imimord != null">
        IMIMORD,
      </if>
    </trim>
    <trim prefix="values (" suffix=")" suffixOverrides=",">
      <if test="isubmid != null">
        #{isubmid,jdbcType=CHAR},
      </if>
      <if test="isubrid != null">
        #{isubrid,jdbcType=CHAR},
      </if>
      <if test="isubrep != null">
        #{isubrep,jdbcType=INTEGER},
      </if>
      <if test="ispcmch != null">
        #{ispcmch,jdbcType=CHAR},
      </if>
      <if test="dperper != null">
        #{dperper,jdbcType=CHAR},
      </if>
      <if test="cmimkey != null">
        #{cmimkey,jdbcType=CHAR},
      </if>
      <if test="dmimaut != null">
        #{dmimaut,jdbcType=TIMESTAMP},
      </if>
      <if test="smimauu != null">
        #{smimauu,jdbcType=CHAR},
      </if>
      <if test="smimaup != null">
        #{smimaup,jdbcType=CHAR},
      </if>
      <if test="imimseq != null">
        #{imimseq,jdbcType=INTEGER},
      </if>
      <if test="imimord != null">
        #{imimord,jdbcType=INTEGER},
      </if>
    </trim>
  </insert>
</mapper>