<?xml version="1.0" encoding="UTF-8"?>
<!DOCTYPE mapper PUBLIC "-//mybatis.org//DTD Mapper 3.0//EN" "http://mybatis.org/dtd/mybatis-3-mapper.dtd">
<mapper namespace="com.ibm.dk.alr.zscm.scrt.storing.mybatis.data.SCROSUMapper">
  <resultMap id="BaseResultMap" type="com.ibm.dk.alr.zscm.scrt.storing.mybatis.model.SCROSU">
    <id column="SOSUUID" jdbcType="INTEGER" property="sosuuid" />
    <result column="IOSFIDK" jdbcType="CHAR" property="iosfidk" />
    <result column="SOSCCID" jdbcType="INTEGER" property="sosccid" />
    <result column="ISUBRID" jdbcType="CHAR" property="isubrid" />
    <result column="FOSULOW" jdbcType="CHAR" property="fosulow" />
    <result column="NOSUTPC" jdbcType="CHAR" property="nosutpc" />
    <result column="COSUTLP" jdbcType="CHAR" property="cosutlp" />
    <result column="DOSUAUT" jdbcType="TIMESTAMP" property="dosuaut" />
    <result column="NOSUAUU" jdbcType="CHAR" property="nosuauu" />
    <result column="NOSUAUP" jdbcType="CHAR" property="nosuaup" />
    <result column="ISUBREP" jdbcType="INTEGER" property="isubrep" />
  </resultMap>
  <sql id="Base_Column_List">
    SOSUUID, IOSFIDK, SOSCCID, ISUBRID, FOSULOW, NOSUTPC, COSUTLP, DOSUAUT, NOSUAUU, 
    NOSUAUP, ISUBREP
  </sql>
  <select id="selectByPrimaryKey" parameterType="java.lang.Integer" resultMap="BaseResultMap">
    select 
    <include refid="Base_Column_List" />
    from SCROSU
    where SOSUUID = #{sosuuid,jdbcType=INTEGER}
  </select>
  <delete id="deleteByPrimaryKey" parameterType="java.lang.Integer">
    delete from SCROSU
    where SOSUUID = #{sosuuid,jdbcType=INTEGER}
  </delete>
  <insert id="insert" parameterType="com.ibm.dk.alr.zscm.scrt.storing.mybatis.model.SCROSU">
    insert into SCROSU (SOSUUID, IOSFIDK, SOSCCID, 
      ISUBRID, FOSULOW, NOSUTPC, COSUTLP, 
      DOSUAUT, NOSUAUU, NOSUAUP, 
      ISUBREP)
    values (#{sosuuid,jdbcType=INTEGER}, #{iosfidk,jdbcType=CHAR}, #{sosccid,jdbcType=INTEGER}, 
      #{isubrid,jdbcType=CHAR}, #{fosulow,jdbcType=CHAR}, #{nosutpc,jdbcType=CHAR}, #{cosutlp,jdbcType=CHAR}, 
      #{dosuaut,jdbcType=TIMESTAMP}, #{nosuauu,jdbcType=CHAR}, #{nosuaup,jdbcType=CHAR}, 
      #{isubrep,jdbcType=INTEGER})
  </insert>
  <insert id="insertSelective" parameterType="com.ibm.dk.alr.zscm.scrt.storing.mybatis.model.SCROSU">
    insert into SCROSU
    <trim prefix="(" suffix=")" suffixOverrides=",">
      <if test="sosuuid != null">
        SOSUUID,
      </if>
      <if test="iosfidk != null">
        IOSFIDK,
      </if>
      <if test="sosccid != null">
        SOSCCID,
      </if>
      <if test="isubrid != null">
        ISUBRID,
      </if>
      <if test="fosulow != null">
        FOSULOW,
      </if>
      <if test="nosutpc != null">
        NOSUTPC,
      </if>
      <if test="cosutlp != null">
        COSUTLP,
      </if>
      <if test="dosuaut != null">
        DOSUAUT,
      </if>
      <if test="nosuauu != null">
        NOSUAUU,
      </if>
      <if test="nosuaup != null">
        NOSUAUP,
      </if>
      <if test="isubrep != null">
        ISUBREP,
      </if>
    </trim>
    <trim prefix="values (" suffix=")" suffixOverrides=",">
      <if test="sosuuid != null">
        #{sosuuid,jdbcType=INTEGER},
      </if>
      <if test="iosfidk != null">
        #{iosfidk,jdbcType=CHAR},
      </if>
      <if test="sosccid != null">
        #{sosccid,jdbcType=INTEGER},
      </if>
      <if test="isubrid != null">
        #{isubrid,jdbcType=CHAR},
      </if>
      <if test="fosulow != null">
        #{fosulow,jdbcType=CHAR},
      </if>
      <if test="nosutpc != null">
        #{nosutpc,jdbcType=CHAR},
      </if>
      <if test="cosutlp != null">
        #{cosutlp,jdbcType=CHAR},
      </if>
      <if test="dosuaut != null">
        #{dosuaut,jdbcType=TIMESTAMP},
      </if>
      <if test="nosuauu != null">
        #{nosuauu,jdbcType=CHAR},
      </if>
      <if test="nosuaup != null">
        #{nosuaup,jdbcType=CHAR},
      </if>
      <if test="isubrep != null">
        #{isubrep,jdbcType=INTEGER},
      </if>
    </trim>
  </insert>
  <update id="updateByPrimaryKeySelective" parameterType="com.ibm.dk.alr.zscm.scrt.storing.mybatis.model.SCROSU">
    update SCROSU
    <set>
      <if test="iosfidk != null">
        IOSFIDK = #{iosfidk,jdbcType=CHAR},
      </if>
      <if test="sosccid != null">
        SOSCCID = #{sosccid,jdbcType=INTEGER},
      </if>
      <if test="isubrid != null">
        ISUBRID = #{isubrid,jdbcType=CHAR},
      </if>
      <if test="fosulow != null">
        FOSULOW = #{fosulow,jdbcType=CHAR},
      </if>
      <if test="nosutpc != null">
        NOSUTPC = #{nosutpc,jdbcType=CHAR},
      </if>
      <if test="cosutlp != null">
        COSUTLP = #{cosutlp,jdbcType=CHAR},
      </if>
      <if test="dosuaut != null">
        DOSUAUT = #{dosuaut,jdbcType=TIMESTAMP},
      </if>
      <if test="nosuauu != null">
        NOSUAUU = #{nosuauu,jdbcType=CHAR},
      </if>
      <if test="nosuaup != null">
        NOSUAUP = #{nosuaup,jdbcType=CHAR},
      </if>
      <if test="isubrep != null">
        ISUBREP = #{isubrep,jdbcType=INTEGER},
      </if>
    </set>
    where SOSUUID = #{sosuuid,jdbcType=INTEGER}
  </update>
  <update id="updateByPrimaryKey" parameterType="com.ibm.dk.alr.zscm.scrt.storing.mybatis.model.SCROSU">
    update SCROSU
    set IOSFIDK = #{iosfidk,jdbcType=CHAR},
      SOSCCID = #{sosccid,jdbcType=INTEGER},
      ISUBRID = #{isubrid,jdbcType=CHAR},
      FOSULOW = #{fosulow,jdbcType=CHAR},
      NOSUTPC = #{nosutpc,jdbcType=CHAR},
      COSUTLP = #{cosutlp,jdbcType=CHAR},
      DOSUAUT = #{dosuaut,jdbcType=TIMESTAMP},
      NOSUAUU = #{nosuauu,jdbcType=CHAR},
      NOSUAUP = #{nosuaup,jdbcType=CHAR},
      ISUBREP = #{isubrep,jdbcType=INTEGER}
    where SOSUUID = #{sosuuid,jdbcType=INTEGER}
  </update>
  <resultMap id="BaseResultMap" type="com.ibm.dk.alr.zscm.scrt.storing.mybatis.model.SCROSU">
    <id column="SOSUUID" jdbcType="INTEGER" property="sosuuid" />
    <result column="IOSFIDK" jdbcType="CHAR" property="iosfidk" />
    <result column="SOSCCID" jdbcType="INTEGER" property="sosccid" />
    <result column="ISUBRID" jdbcType="CHAR" property="isubrid" />
    <result column="FOSULOW" jdbcType="CHAR" property="fosulow" />
    <result column="NOSUTPC" jdbcType="CHAR" property="nosutpc" />
    <result column="COSUTLP" jdbcType="CHAR" property="cosutlp" />
    <result column="DOSUAUT" jdbcType="TIMESTAMP" property="dosuaut" />
    <result column="NOSUAUU" jdbcType="CHAR" property="nosuauu" />
    <result column="NOSUAUP" jdbcType="CHAR" property="nosuaup" />
    <result column="ISUBREP" jdbcType="INTEGER" property="isubrep" />
  </resultMap>
  <sql id="Base_Column_List">
    SOSUUID, IOSFIDK, SOSCCID, ISUBRID, FOSULOW, NOSUTPC, COSUTLP, DOSUAUT, NOSUAUU, 
    NOSUAUP, ISUBREP
  </sql>
  <select id="selectByPrimaryKey" parameterType="java.lang.Integer" resultMap="BaseResultMap">
    select 
    <include refid="Base_Column_List" />
    from SCROSU
    where SOSUUID = #{sosuuid,jdbcType=INTEGER}
  </select>
  <delete id="deleteByPrimaryKey" parameterType="java.lang.Integer">
    delete from SCROSU
    where SOSUUID = #{sosuuid,jdbcType=INTEGER}
  </delete>
  <insert id="insert" parameterType="com.ibm.dk.alr.zscm.scrt.storing.mybatis.model.SCROSU">
    insert into SCROSU (SOSUUID, IOSFIDK, SOSCCID, 
      ISUBRID, FOSULOW, NOSUTPC, COSUTLP, 
      DOSUAUT, NOSUAUU, NOSUAUP, 
      ISUBREP)
    values (#{sosuuid,jdbcType=INTEGER}, #{iosfidk,jdbcType=CHAR}, #{sosccid,jdbcType=INTEGER}, 
      #{isubrid,jdbcType=CHAR}, #{fosulow,jdbcType=CHAR}, #{nosutpc,jdbcType=CHAR}, #{cosutlp,jdbcType=CHAR}, 
      #{dosuaut,jdbcType=TIMESTAMP}, #{nosuauu,jdbcType=CHAR}, #{nosuaup,jdbcType=CHAR}, 
      #{isubrep,jdbcType=INTEGER})
  </insert>
  <insert id="insertSelective" parameterType="com.ibm.dk.alr.zscm.scrt.storing.mybatis.model.SCROSU">
    insert into SCROSU
    <trim prefix="(" suffix=")" suffixOverrides=",">
      <if test="sosuuid != null">
        SOSUUID,
      </if>
      <if test="iosfidk != null">
        IOSFIDK,
      </if>
      <if test="sosccid != null">
        SOSCCID,
      </if>
      <if test="isubrid != null">
        ISUBRID,
      </if>
      <if test="fosulow != null">
        FOSULOW,
      </if>
      <if test="nosutpc != null">
        NOSUTPC,
      </if>
      <if test="cosutlp != null">
        COSUTLP,
      </if>
      <if test="dosuaut != null">
        DOSUAUT,
      </if>
      <if test="nosuauu != null">
        NOSUAUU,
      </if>
      <if test="nosuaup != null">
        NOSUAUP,
      </if>
      <if test="isubrep != null">
        ISUBREP,
      </if>
    </trim>
    <trim prefix="values (" suffix=")" suffixOverrides=",">
      <if test="sosuuid != null">
        #{sosuuid,jdbcType=INTEGER},
      </if>
      <if test="iosfidk != null">
        #{iosfidk,jdbcType=CHAR},
      </if>
      <if test="sosccid != null">
        #{sosccid,jdbcType=INTEGER},
      </if>
      <if test="isubrid != null">
        #{isubrid,jdbcType=CHAR},
      </if>
      <if test="fosulow != null">
        #{fosulow,jdbcType=CHAR},
      </if>
      <if test="nosutpc != null">
        #{nosutpc,jdbcType=CHAR},
      </if>
      <if test="cosutlp != null">
        #{cosutlp,jdbcType=CHAR},
      </if>
      <if test="dosuaut != null">
        #{dosuaut,jdbcType=TIMESTAMP},
      </if>
      <if test="nosuauu != null">
        #{nosuauu,jdbcType=CHAR},
      </if>
      <if test="nosuaup != null">
        #{nosuaup,jdbcType=CHAR},
      </if>
      <if test="isubrep != null">
        #{isubrep,jdbcType=INTEGER},
      </if>
    </trim>
  </insert>
  <update id="updateByPrimaryKeySelective" parameterType="com.ibm.dk.alr.zscm.scrt.storing.mybatis.model.SCROSU">
    update SCROSU
    <set>
      <if test="iosfidk != null">
        IOSFIDK = #{iosfidk,jdbcType=CHAR},
      </if>
      <if test="sosccid != null">
        SOSCCID = #{sosccid,jdbcType=INTEGER},
      </if>
      <if test="isubrid != null">
        ISUBRID = #{isubrid,jdbcType=CHAR},
      </if>
      <if test="fosulow != null">
        FOSULOW = #{fosulow,jdbcType=CHAR},
      </if>
      <if test="nosutpc != null">
        NOSUTPC = #{nosutpc,jdbcType=CHAR},
      </if>
      <if test="cosutlp != null">
        COSUTLP = #{cosutlp,jdbcType=CHAR},
      </if>
      <if test="dosuaut != null">
        DOSUAUT = #{dosuaut,jdbcType=TIMESTAMP},
      </if>
      <if test="nosuauu != null">
        NOSUAUU = #{nosuauu,jdbcType=CHAR},
      </if>
      <if test="nosuaup != null">
        NOSUAUP = #{nosuaup,jdbcType=CHAR},
      </if>
      <if test="isubrep != null">
        ISUBREP = #{isubrep,jdbcType=INTEGER},
      </if>
    </set>
    where SOSUUID = #{sosuuid,jdbcType=INTEGER}
  </update>
  <update id="updateByPrimaryKey" parameterType="com.ibm.dk.alr.zscm.scrt.storing.mybatis.model.SCROSU">
    update SCROSU
    set IOSFIDK = #{iosfidk,jdbcType=CHAR},
      SOSCCID = #{sosccid,jdbcType=INTEGER},
      ISUBRID = #{isubrid,jdbcType=CHAR},
      FOSULOW = #{fosulow,jdbcType=CHAR},
      NOSUTPC = #{nosutpc,jdbcType=CHAR},
      COSUTLP = #{cosutlp,jdbcType=CHAR},
      DOSUAUT = #{dosuaut,jdbcType=TIMESTAMP},
      NOSUAUU = #{nosuauu,jdbcType=CHAR},
      NOSUAUP = #{nosuaup,jdbcType=CHAR},
      ISUBREP = #{isubrep,jdbcType=INTEGER}
    where SOSUUID = #{sosuuid,jdbcType=INTEGER}
  </update>
  <resultMap id="BaseResultMap" type="com.ibm.dk.alr.zscm.scrt.storing.mybatis.model.SCROSU">
    <id column="SOSUUID" jdbcType="INTEGER" property="sosuuid" />
    <result column="IOSFIDK" jdbcType="CHAR" property="iosfidk" />
    <result column="SOSCCID" jdbcType="INTEGER" property="sosccid" />
    <result column="ISUBRID" jdbcType="CHAR" property="isubrid" />
    <result column="FOSULOW" jdbcType="CHAR" property="fosulow" />
    <result column="NOSUTPC" jdbcType="CHAR" property="nosutpc" />
    <result column="COSUTLP" jdbcType="CHAR" property="cosutlp" />
    <result column="DOSUAUT" jdbcType="TIMESTAMP" property="dosuaut" />
    <result column="NOSUAUU" jdbcType="CHAR" property="nosuauu" />
    <result column="NOSUAUP" jdbcType="CHAR" property="nosuaup" />
    <result column="ISUBREP" jdbcType="INTEGER" property="isubrep" />
  </resultMap>
  <sql id="Base_Column_List">
    SOSUUID, IOSFIDK, SOSCCID, ISUBRID, FOSULOW, NOSUTPC, COSUTLP, DOSUAUT, NOSUAUU, 
    NOSUAUP, ISUBREP
  </sql>
  <select id="selectByPrimaryKey" parameterType="java.lang.Integer" resultMap="BaseResultMap">
    select 
    <include refid="Base_Column_List" />
    from SCROSU
    where SOSUUID = #{sosuuid,jdbcType=INTEGER}
  </select>
  <delete id="deleteByPrimaryKey" parameterType="java.lang.Integer">
    delete from SCROSU
    where SOSUUID = #{sosuuid,jdbcType=INTEGER}
  </delete>
  <insert id="insert" parameterType="com.ibm.dk.alr.zscm.scrt.storing.mybatis.model.SCROSU">
    insert into SCROSU (SOSUUID, IOSFIDK, SOSCCID, 
      ISUBRID, FOSULOW, NOSUTPC, COSUTLP, 
      DOSUAUT, NOSUAUU, NOSUAUP, 
      ISUBREP)
    values (#{sosuuid,jdbcType=INTEGER}, #{iosfidk,jdbcType=CHAR}, #{sosccid,jdbcType=INTEGER}, 
      #{isubrid,jdbcType=CHAR}, #{fosulow,jdbcType=CHAR}, #{nosutpc,jdbcType=CHAR}, #{cosutlp,jdbcType=CHAR}, 
      #{dosuaut,jdbcType=TIMESTAMP}, #{nosuauu,jdbcType=CHAR}, #{nosuaup,jdbcType=CHAR}, 
      #{isubrep,jdbcType=INTEGER})
  </insert>
  <insert id="insertSelective" parameterType="com.ibm.dk.alr.zscm.scrt.storing.mybatis.model.SCROSU">
    insert into SCROSU
    <trim prefix="(" suffix=")" suffixOverrides=",">
      <if test="sosuuid != null">
        SOSUUID,
      </if>
      <if test="iosfidk != null">
        IOSFIDK,
      </if>
      <if test="sosccid != null">
        SOSCCID,
      </if>
      <if test="isubrid != null">
        ISUBRID,
      </if>
      <if test="fosulow != null">
        FOSULOW,
      </if>
      <if test="nosutpc != null">
        NOSUTPC,
      </if>
      <if test="cosutlp != null">
        COSUTLP,
      </if>
      <if test="dosuaut != null">
        DOSUAUT,
      </if>
      <if test="nosuauu != null">
        NOSUAUU,
      </if>
      <if test="nosuaup != null">
        NOSUAUP,
      </if>
      <if test="isubrep != null">
        ISUBREP,
      </if>
    </trim>
    <trim prefix="values (" suffix=")" suffixOverrides=",">
      <if test="sosuuid != null">
        #{sosuuid,jdbcType=INTEGER},
      </if>
      <if test="iosfidk != null">
        #{iosfidk,jdbcType=CHAR},
      </if>
      <if test="sosccid != null">
        #{sosccid,jdbcType=INTEGER},
      </if>
      <if test="isubrid != null">
        #{isubrid,jdbcType=CHAR},
      </if>
      <if test="fosulow != null">
        #{fosulow,jdbcType=CHAR},
      </if>
      <if test="nosutpc != null">
        #{nosutpc,jdbcType=CHAR},
      </if>
      <if test="cosutlp != null">
        #{cosutlp,jdbcType=CHAR},
      </if>
      <if test="dosuaut != null">
        #{dosuaut,jdbcType=TIMESTAMP},
      </if>
      <if test="nosuauu != null">
        #{nosuauu,jdbcType=CHAR},
      </if>
      <if test="nosuaup != null">
        #{nosuaup,jdbcType=CHAR},
      </if>
      <if test="isubrep != null">
        #{isubrep,jdbcType=INTEGER},
      </if>
    </trim>
  </insert>
  <update id="updateByPrimaryKeySelective" parameterType="com.ibm.dk.alr.zscm.scrt.storing.mybatis.model.SCROSU">
    update SCROSU
    <set>
      <if test="iosfidk != null">
        IOSFIDK = #{iosfidk,jdbcType=CHAR},
      </if>
      <if test="sosccid != null">
        SOSCCID = #{sosccid,jdbcType=INTEGER},
      </if>
      <if test="isubrid != null">
        ISUBRID = #{isubrid,jdbcType=CHAR},
      </if>
      <if test="fosulow != null">
        FOSULOW = #{fosulow,jdbcType=CHAR},
      </if>
      <if test="nosutpc != null">
        NOSUTPC = #{nosutpc,jdbcType=CHAR},
      </if>
      <if test="cosutlp != null">
        COSUTLP = #{cosutlp,jdbcType=CHAR},
      </if>
      <if test="dosuaut != null">
        DOSUAUT = #{dosuaut,jdbcType=TIMESTAMP},
      </if>
      <if test="nosuauu != null">
        NOSUAUU = #{nosuauu,jdbcType=CHAR},
      </if>
      <if test="nosuaup != null">
        NOSUAUP = #{nosuaup,jdbcType=CHAR},
      </if>
      <if test="isubrep != null">
        ISUBREP = #{isubrep,jdbcType=INTEGER},
      </if>
    </set>
    where SOSUUID = #{sosuuid,jdbcType=INTEGER}
  </update>
  <update id="updateByPrimaryKey" parameterType="com.ibm.dk.alr.zscm.scrt.storing.mybatis.model.SCROSU">
    update SCROSU
    set IOSFIDK = #{iosfidk,jdbcType=CHAR},
      SOSCCID = #{sosccid,jdbcType=INTEGER},
      ISUBRID = #{isubrid,jdbcType=CHAR},
      FOSULOW = #{fosulow,jdbcType=CHAR},
      NOSUTPC = #{nosutpc,jdbcType=CHAR},
      COSUTLP = #{cosutlp,jdbcType=CHAR},
      DOSUAUT = #{dosuaut,jdbcType=TIMESTAMP},
      NOSUAUU = #{nosuauu,jdbcType=CHAR},
      NOSUAUP = #{nosuaup,jdbcType=CHAR},
      ISUBREP = #{isubrep,jdbcType=INTEGER}
    where SOSUUID = #{sosuuid,jdbcType=INTEGER}
  </update>
</mapper>