<?xml version="1.0" encoding="UTF-8"?>
<!DOCTYPE mapper PUBLIC "-//mybatis.org//DTD Mapper 3.0//EN" "http://mybatis.org/dtd/mybatis-3-mapper.dtd">
<mapper namespace="com.ibm.dk.alr.zscm.scrt.storing.mybatis.data.SCRPUSMapper">
  <resultMap id="BaseResultMap" type="com.ibm.dk.alr.zscm.scrt.storing.mybatis.model.SCRPUS">
    <id column="ISUBRID" jdbcType="CHAR" property="isubrid" />
    <id column="ISUBREP" jdbcType="INTEGER" property="isubrep" />
    <id column="IPUSSEQ" jdbcType="INTEGER" property="ipusseq" />
    <id column="IPGMNBR" jdbcType="CHAR" property="ipgmnbr" />
    <result column="NPRDNBR" jdbcType="CHAR" property="nprdnbr" />
    <result column="QPUSTMU" jdbcType="CHAR" property="qpustmu" />
    <result column="QPUSCMU" jdbcType="CHAR" property="qpuscmu" />
    <result column="CPUSCCM" jdbcType="CHAR" property="cpusccm" />
    <result column="SVMSKEY" jdbcType="CHAR" property="svmskey" />
    <result column="FPUSENT" jdbcType="CHAR" property="fpusent" />
    <result column="CPUSTYP" jdbcType="CHAR" property="cpustyp" />
    <result column="DPUSAUT" jdbcType="TIMESTAMP" property="dpusaut" />
    <result column="NPUSAUU" jdbcType="CHAR" property="npusauu" />
    <result column="NPUSAUP" jdbcType="CHAR" property="npusaup" />
    <result column="CPUSFTN" jdbcType="CHAR" property="cpusftn" />
    <result column="QPUSHRS" jdbcType="CHAR" property="qpushrs" />
    <result column="NPUSSPN" jdbcType="CHAR" property="npusspn" />
    <result column="QPUSTRM" jdbcType="CHAR" property="qpustrm" />
    <result column="QPUSCRM" jdbcType="CHAR" property="qpuscrm" />
  </resultMap>
  <sql id="Base_Column_List">
    ISUBRID, ISUBREP, IPUSSEQ, IPGMNBR, NPRDNBR, QPUSTMU, QPUSCMU, CPUSCCM, SVMSKEY, 
    FPUSENT, CPUSTYP, DPUSAUT, NPUSAUU, NPUSAUP, CPUSFTN, QPUSHRS, NPUSSPN, QPUSTRM, 
    QPUSCRM
  </sql>
  <select id="selectByPrimaryKey" parameterType="com.ibm.dk.alr.zscm.scrt.storing.mybatis.model.SCRPUSKey" resultMap="BaseResultMap">
    select 
    <include refid="Base_Column_List" />
    from SCRPUS
    where ISUBRID = #{isubrid,jdbcType=CHAR}
      and ISUBREP = #{isubrep,jdbcType=INTEGER}
      and IPUSSEQ = #{ipusseq,jdbcType=INTEGER}
      and IPGMNBR = #{ipgmnbr,jdbcType=CHAR}
  </select>
  <delete id="deleteByPrimaryKey" parameterType="com.ibm.dk.alr.zscm.scrt.storing.mybatis.model.SCRPUSKey">
    delete from SCRPUS
    where ISUBRID = #{isubrid,jdbcType=CHAR}
      and ISUBREP = #{isubrep,jdbcType=INTEGER}
      and IPUSSEQ = #{ipusseq,jdbcType=INTEGER}
      and IPGMNBR = #{ipgmnbr,jdbcType=CHAR}
  </delete>
  <insert id="insert" parameterType="com.ibm.dk.alr.zscm.scrt.storing.mybatis.model.SCRPUS">
    insert into SCRPUS (ISUBRID, ISUBREP, IPUSSEQ, 
      IPGMNBR, NPRDNBR, QPUSTMU, QPUSCMU, 
      CPUSCCM, SVMSKEY, FPUSENT, CPUSTYP, 
      DPUSAUT, NPUSAUU, NPUSAUP, 
      CPUSFTN, QPUSHRS, NPUSSPN, QPUSTRM, 
      QPUSCRM)
    values (#{isubrid,jdbcType=CHAR}, #{isubrep,jdbcType=INTEGER}, #{ipusseq,jdbcType=INTEGER}, 
      #{ipgmnbr,jdbcType=CHAR}, #{nprdnbr,jdbcType=CHAR}, #{qpustmu,jdbcType=CHAR}, #{qpuscmu,jdbcType=CHAR}, 
      #{cpusccm,jdbcType=CHAR}, #{svmskey,jdbcType=CHAR}, #{fpusent,jdbcType=CHAR}, #{cpustyp,jdbcType=CHAR}, 
      #{dpusaut,jdbcType=TIMESTAMP}, #{npusauu,jdbcType=CHAR}, #{npusaup,jdbcType=CHAR}, 
      #{cpusftn,jdbcType=CHAR}, #{qpushrs,jdbcType=CHAR}, #{npusspn,jdbcType=CHAR}, #{qpustrm,jdbcType=CHAR}, 
      #{qpuscrm,jdbcType=CHAR})
  </insert>
  <insert id="insertSelective" parameterType="com.ibm.dk.alr.zscm.scrt.storing.mybatis.model.SCRPUS">
    insert into SCRPUS
    <trim prefix="(" suffix=")" suffixOverrides=",">
      <if test="isubrid != null">
        ISUBRID,
      </if>
      <if test="isubrep != null">
        ISUBREP,
      </if>
      <if test="ipusseq != null">
        IPUSSEQ,
      </if>
      <if test="ipgmnbr != null">
        IPGMNBR,
      </if>
      <if test="nprdnbr != null">
        NPRDNBR,
      </if>
      <if test="qpustmu != null">
        QPUSTMU,
      </if>
      <if test="qpuscmu != null">
        QPUSCMU,
      </if>
      <if test="cpusccm != null">
        CPUSCCM,
      </if>
      <if test="svmskey != null">
        SVMSKEY,
      </if>
      <if test="fpusent != null">
        FPUSENT,
      </if>
      <if test="cpustyp != null">
        CPUSTYP,
      </if>
      <if test="dpusaut != null">
        DPUSAUT,
      </if>
      <if test="npusauu != null">
        NPUSAUU,
      </if>
      <if test="npusaup != null">
        NPUSAUP,
      </if>
      <if test="cpusftn != null">
        CPUSFTN,
      </if>
      <if test="qpushrs != null">
        QPUSHRS,
      </if>
      <if test="npusspn != null">
        NPUSSPN,
      </if>
      <if test="qpustrm != null">
        QPUSTRM,
      </if>
      <if test="qpuscrm != null">
        QPUSCRM,
      </if>
    </trim>
    <trim prefix="values (" suffix=")" suffixOverrides=",">
      <if test="isubrid != null">
        #{isubrid,jdbcType=CHAR},
      </if>
      <if test="isubrep != null">
        #{isubrep,jdbcType=INTEGER},
      </if>
      <if test="ipusseq != null">
        #{ipusseq,jdbcType=INTEGER},
      </if>
      <if test="ipgmnbr != null">
        #{ipgmnbr,jdbcType=CHAR},
      </if>
      <if test="nprdnbr != null">
        #{nprdnbr,jdbcType=CHAR},
      </if>
      <if test="qpustmu != null">
        #{qpustmu,jdbcType=CHAR},
      </if>
      <if test="qpuscmu != null">
        #{qpuscmu,jdbcType=CHAR},
      </if>
      <if test="cpusccm != null">
        #{cpusccm,jdbcType=CHAR},
      </if>
      <if test="svmskey != null">
        #{svmskey,jdbcType=CHAR},
      </if>
      <if test="fpusent != null">
        #{fpusent,jdbcType=CHAR},
      </if>
      <if test="cpustyp != null">
        #{cpustyp,jdbcType=CHAR},
      </if>
      <if test="dpusaut != null">
        #{dpusaut,jdbcType=TIMESTAMP},
      </if>
      <if test="npusauu != null">
        #{npusauu,jdbcType=CHAR},
      </if>
      <if test="npusaup != null">
        #{npusaup,jdbcType=CHAR},
      </if>
      <if test="cpusftn != null">
        #{cpusftn,jdbcType=CHAR},
      </if>
      <if test="qpushrs != null">
        #{qpushrs,jdbcType=CHAR},
      </if>
      <if test="npusspn != null">
        #{npusspn,jdbcType=CHAR},
      </if>
      <if test="qpustrm != null">
        #{qpustrm,jdbcType=CHAR},
      </if>
      <if test="qpuscrm != null">
        #{qpuscrm,jdbcType=CHAR},
      </if>
    </trim>
  </insert>
  <update id="updateByPrimaryKeySelective" parameterType="com.ibm.dk.alr.zscm.scrt.storing.mybatis.model.SCRPUS">
    update SCRPUS
    <set>
      <if test="nprdnbr != null">
        NPRDNBR = #{nprdnbr,jdbcType=CHAR},
      </if>
      <if test="qpustmu != null">
        QPUSTMU = #{qpustmu,jdbcType=CHAR},
      </if>
      <if test="qpuscmu != null">
        QPUSCMU = #{qpuscmu,jdbcType=CHAR},
      </if>
      <if test="cpusccm != null">
        CPUSCCM = #{cpusccm,jdbcType=CHAR},
      </if>
      <if test="svmskey != null">
        SVMSKEY = #{svmskey,jdbcType=CHAR},
      </if>
      <if test="fpusent != null">
        FPUSENT = #{fpusent,jdbcType=CHAR},
      </if>
      <if test="cpustyp != null">
        CPUSTYP = #{cpustyp,jdbcType=CHAR},
      </if>
      <if test="dpusaut != null">
        DPUSAUT = #{dpusaut,jdbcType=TIMESTAMP},
      </if>
      <if test="npusauu != null">
        NPUSAUU = #{npusauu,jdbcType=CHAR},
      </if>
      <if test="npusaup != null">
        NPUSAUP = #{npusaup,jdbcType=CHAR},
      </if>
      <if test="cpusftn != null">
        CPUSFTN = #{cpusftn,jdbcType=CHAR},
      </if>
      <if test="qpushrs != null">
        QPUSHRS = #{qpushrs,jdbcType=CHAR},
      </if>
      <if test="npusspn != null">
        NPUSSPN = #{npusspn,jdbcType=CHAR},
      </if>
      <if test="qpustrm != null">
        QPUSTRM = #{qpustrm,jdbcType=CHAR},
      </if>
      <if test="qpuscrm != null">
        QPUSCRM = #{qpuscrm,jdbcType=CHAR},
      </if>
    </set>
    where ISUBRID = #{isubrid,jdbcType=CHAR}
      and ISUBREP = #{isubrep,jdbcType=INTEGER}
      and IPUSSEQ = #{ipusseq,jdbcType=INTEGER}
      and IPGMNBR = #{ipgmnbr,jdbcType=CHAR}
  </update>
  <update id="updateByPrimaryKey" parameterType="com.ibm.dk.alr.zscm.scrt.storing.mybatis.model.SCRPUS">
    update SCRPUS
    set NPRDNBR = #{nprdnbr,jdbcType=CHAR},
      QPUSTMU = #{qpustmu,jdbcType=CHAR},
      QPUSCMU = #{qpuscmu,jdbcType=CHAR},
      CPUSCCM = #{cpusccm,jdbcType=CHAR},
      SVMSKEY = #{svmskey,jdbcType=CHAR},
      FPUSENT = #{fpusent,jdbcType=CHAR},
      CPUSTYP = #{cpustyp,jdbcType=CHAR},
      DPUSAUT = #{dpusaut,jdbcType=TIMESTAMP},
      NPUSAUU = #{npusauu,jdbcType=CHAR},
      NPUSAUP = #{npusaup,jdbcType=CHAR},
      CPUSFTN = #{cpusftn,jdbcType=CHAR},
      QPUSHRS = #{qpushrs,jdbcType=CHAR},
      NPUSSPN = #{npusspn,jdbcType=CHAR},
      QPUSTRM = #{qpustrm,jdbcType=CHAR},
      QPUSCRM = #{qpuscrm,jdbcType=CHAR}
    where ISUBRID = #{isubrid,jdbcType=CHAR}
      and ISUBREP = #{isubrep,jdbcType=INTEGER}
      and IPUSSEQ = #{ipusseq,jdbcType=INTEGER}
      and IPGMNBR = #{ipgmnbr,jdbcType=CHAR}
  </update>
  <resultMap id="BaseResultMap" type="com.ibm.dk.alr.zscm.scrt.storing.mybatis.model.SCRPUS">
    <id column="ISUBRID" jdbcType="CHAR" property="isubrid" />
    <id column="ISUBREP" jdbcType="INTEGER" property="isubrep" />
    <id column="IPUSSEQ" jdbcType="INTEGER" property="ipusseq" />
    <id column="IPGMNBR" jdbcType="CHAR" property="ipgmnbr" />
    <result column="NPRDNBR" jdbcType="CHAR" property="nprdnbr" />
    <result column="QPUSTMU" jdbcType="CHAR" property="qpustmu" />
    <result column="QPUSCMU" jdbcType="CHAR" property="qpuscmu" />
    <result column="CPUSCCM" jdbcType="CHAR" property="cpusccm" />
    <result column="SVMSKEY" jdbcType="CHAR" property="svmskey" />
    <result column="FPUSENT" jdbcType="CHAR" property="fpusent" />
    <result column="CPUSTYP" jdbcType="CHAR" property="cpustyp" />
    <result column="DPUSAUT" jdbcType="TIMESTAMP" property="dpusaut" />
    <result column="NPUSAUU" jdbcType="CHAR" property="npusauu" />
    <result column="NPUSAUP" jdbcType="CHAR" property="npusaup" />
    <result column="CPUSFTN" jdbcType="CHAR" property="cpusftn" />
    <result column="QPUSHRS" jdbcType="CHAR" property="qpushrs" />
    <result column="NPUSSPN" jdbcType="CHAR" property="npusspn" />
    <result column="QPUSTRM" jdbcType="CHAR" property="qpustrm" />
    <result column="QPUSCRM" jdbcType="CHAR" property="qpuscrm" />
  </resultMap>
  <sql id="Base_Column_List">
    ISUBRID, ISUBREP, IPUSSEQ, IPGMNBR, NPRDNBR, QPUSTMU, QPUSCMU, CPUSCCM, SVMSKEY, 
    FPUSENT, CPUSTYP, DPUSAUT, NPUSAUU, NPUSAUP, CPUSFTN, QPUSHRS, NPUSSPN, QPUSTRM, 
    QPUSCRM
  </sql>
  <select id="selectByPrimaryKey" parameterType="com.ibm.dk.alr.zscm.scrt.storing.mybatis.model.SCRPUSKey" resultMap="BaseResultMap">
    select 
    <include refid="Base_Column_List" />
    from SCRPUS
    where ISUBRID = #{isubrid,jdbcType=CHAR}
      and ISUBREP = #{isubrep,jdbcType=INTEGER}
      and IPUSSEQ = #{ipusseq,jdbcType=INTEGER}
      and IPGMNBR = #{ipgmnbr,jdbcType=CHAR}
  </select>
  <delete id="deleteByPrimaryKey" parameterType="com.ibm.dk.alr.zscm.scrt.storing.mybatis.model.SCRPUSKey">
    delete from SCRPUS
    where ISUBRID = #{isubrid,jdbcType=CHAR}
      and ISUBREP = #{isubrep,jdbcType=INTEGER}
      and IPUSSEQ = #{ipusseq,jdbcType=INTEGER}
      and IPGMNBR = #{ipgmnbr,jdbcType=CHAR}
  </delete>
  <insert id="insert" parameterType="com.ibm.dk.alr.zscm.scrt.storing.mybatis.model.SCRPUS">
    insert into SCRPUS (ISUBRID, ISUBREP, IPUSSEQ, 
      IPGMNBR, NPRDNBR, QPUSTMU, QPUSCMU, 
      CPUSCCM, SVMSKEY, FPUSENT, CPUSTYP, 
      DPUSAUT, NPUSAUU, NPUSAUP, 
      CPUSFTN, QPUSHRS, NPUSSPN, QPUSTRM, 
      QPUSCRM)
    values (#{isubrid,jdbcType=CHAR}, #{isubrep,jdbcType=INTEGER}, #{ipusseq,jdbcType=INTEGER}, 
      #{ipgmnbr,jdbcType=CHAR}, #{nprdnbr,jdbcType=CHAR}, #{qpustmu,jdbcType=CHAR}, #{qpuscmu,jdbcType=CHAR}, 
      #{cpusccm,jdbcType=CHAR}, #{svmskey,jdbcType=CHAR}, #{fpusent,jdbcType=CHAR}, #{cpustyp,jdbcType=CHAR}, 
      #{dpusaut,jdbcType=TIMESTAMP}, #{npusauu,jdbcType=CHAR}, #{npusaup,jdbcType=CHAR}, 
      #{cpusftn,jdbcType=CHAR}, #{qpushrs,jdbcType=CHAR}, #{npusspn,jdbcType=CHAR}, #{qpustrm,jdbcType=CHAR}, 
      #{qpuscrm,jdbcType=CHAR})
  </insert>
  <insert id="insertSelective" parameterType="com.ibm.dk.alr.zscm.scrt.storing.mybatis.model.SCRPUS">
    insert into SCRPUS
    <trim prefix="(" suffix=")" suffixOverrides=",">
      <if test="isubrid != null">
        ISUBRID,
      </if>
      <if test="isubrep != null">
        ISUBREP,
      </if>
      <if test="ipusseq != null">
        IPUSSEQ,
      </if>
      <if test="ipgmnbr != null">
        IPGMNBR,
      </if>
      <if test="nprdnbr != null">
        NPRDNBR,
      </if>
      <if test="qpustmu != null">
        QPUSTMU,
      </if>
      <if test="qpuscmu != null">
        QPUSCMU,
      </if>
      <if test="cpusccm != null">
        CPUSCCM,
      </if>
      <if test="svmskey != null">
        SVMSKEY,
      </if>
      <if test="fpusent != null">
        FPUSENT,
      </if>
      <if test="cpustyp != null">
        CPUSTYP,
      </if>
      <if test="dpusaut != null">
        DPUSAUT,
      </if>
      <if test="npusauu != null">
        NPUSAUU,
      </if>
      <if test="npusaup != null">
        NPUSAUP,
      </if>
      <if test="cpusftn != null">
        CPUSFTN,
      </if>
      <if test="qpushrs != null">
        QPUSHRS,
      </if>
      <if test="npusspn != null">
        NPUSSPN,
      </if>
      <if test="qpustrm != null">
        QPUSTRM,
      </if>
      <if test="qpuscrm != null">
        QPUSCRM,
      </if>
    </trim>
    <trim prefix="values (" suffix=")" suffixOverrides=",">
      <if test="isubrid != null">
        #{isubrid,jdbcType=CHAR},
      </if>
      <if test="isubrep != null">
        #{isubrep,jdbcType=INTEGER},
      </if>
      <if test="ipusseq != null">
        #{ipusseq,jdbcType=INTEGER},
      </if>
      <if test="ipgmnbr != null">
        #{ipgmnbr,jdbcType=CHAR},
      </if>
      <if test="nprdnbr != null">
        #{nprdnbr,jdbcType=CHAR},
      </if>
      <if test="qpustmu != null">
        #{qpustmu,jdbcType=CHAR},
      </if>
      <if test="qpuscmu != null">
        #{qpuscmu,jdbcType=CHAR},
      </if>
      <if test="cpusccm != null">
        #{cpusccm,jdbcType=CHAR},
      </if>
      <if test="svmskey != null">
        #{svmskey,jdbcType=CHAR},
      </if>
      <if test="fpusent != null">
        #{fpusent,jdbcType=CHAR},
      </if>
      <if test="cpustyp != null">
        #{cpustyp,jdbcType=CHAR},
      </if>
      <if test="dpusaut != null">
        #{dpusaut,jdbcType=TIMESTAMP},
      </if>
      <if test="npusauu != null">
        #{npusauu,jdbcType=CHAR},
      </if>
      <if test="npusaup != null">
        #{npusaup,jdbcType=CHAR},
      </if>
      <if test="cpusftn != null">
        #{cpusftn,jdbcType=CHAR},
      </if>
      <if test="qpushrs != null">
        #{qpushrs,jdbcType=CHAR},
      </if>
      <if test="npusspn != null">
        #{npusspn,jdbcType=CHAR},
      </if>
      <if test="qpustrm != null">
        #{qpustrm,jdbcType=CHAR},
      </if>
      <if test="qpuscrm != null">
        #{qpuscrm,jdbcType=CHAR},
      </if>
    </trim>
  </insert>
  <update id="updateByPrimaryKeySelective" parameterType="com.ibm.dk.alr.zscm.scrt.storing.mybatis.model.SCRPUS">
    update SCRPUS
    <set>
      <if test="nprdnbr != null">
        NPRDNBR = #{nprdnbr,jdbcType=CHAR},
      </if>
      <if test="qpustmu != null">
        QPUSTMU = #{qpustmu,jdbcType=CHAR},
      </if>
      <if test="qpuscmu != null">
        QPUSCMU = #{qpuscmu,jdbcType=CHAR},
      </if>
      <if test="cpusccm != null">
        CPUSCCM = #{cpusccm,jdbcType=CHAR},
      </if>
      <if test="svmskey != null">
        SVMSKEY = #{svmskey,jdbcType=CHAR},
      </if>
      <if test="fpusent != null">
        FPUSENT = #{fpusent,jdbcType=CHAR},
      </if>
      <if test="cpustyp != null">
        CPUSTYP = #{cpustyp,jdbcType=CHAR},
      </if>
      <if test="dpusaut != null">
        DPUSAUT = #{dpusaut,jdbcType=TIMESTAMP},
      </if>
      <if test="npusauu != null">
        NPUSAUU = #{npusauu,jdbcType=CHAR},
      </if>
      <if test="npusaup != null">
        NPUSAUP = #{npusaup,jdbcType=CHAR},
      </if>
      <if test="cpusftn != null">
        CPUSFTN = #{cpusftn,jdbcType=CHAR},
      </if>
      <if test="qpushrs != null">
        QPUSHRS = #{qpushrs,jdbcType=CHAR},
      </if>
      <if test="npusspn != null">
        NPUSSPN = #{npusspn,jdbcType=CHAR},
      </if>
      <if test="qpustrm != null">
        QPUSTRM = #{qpustrm,jdbcType=CHAR},
      </if>
      <if test="qpuscrm != null">
        QPUSCRM = #{qpuscrm,jdbcType=CHAR},
      </if>
    </set>
    where ISUBRID = #{isubrid,jdbcType=CHAR}
      and ISUBREP = #{isubrep,jdbcType=INTEGER}
      and IPUSSEQ = #{ipusseq,jdbcType=INTEGER}
      and IPGMNBR = #{ipgmnbr,jdbcType=CHAR}
  </update>
  <update id="updateByPrimaryKey" parameterType="com.ibm.dk.alr.zscm.scrt.storing.mybatis.model.SCRPUS">
    update SCRPUS
    set NPRDNBR = #{nprdnbr,jdbcType=CHAR},
      QPUSTMU = #{qpustmu,jdbcType=CHAR},
      QPUSCMU = #{qpuscmu,jdbcType=CHAR},
      CPUSCCM = #{cpusccm,jdbcType=CHAR},
      SVMSKEY = #{svmskey,jdbcType=CHAR},
      FPUSENT = #{fpusent,jdbcType=CHAR},
      CPUSTYP = #{cpustyp,jdbcType=CHAR},
      DPUSAUT = #{dpusaut,jdbcType=TIMESTAMP},
      NPUSAUU = #{npusauu,jdbcType=CHAR},
      NPUSAUP = #{npusaup,jdbcType=CHAR},
      CPUSFTN = #{cpusftn,jdbcType=CHAR},
      QPUSHRS = #{qpushrs,jdbcType=CHAR},
      NPUSSPN = #{npusspn,jdbcType=CHAR},
      QPUSTRM = #{qpustrm,jdbcType=CHAR},
      QPUSCRM = #{qpuscrm,jdbcType=CHAR}
    where ISUBRID = #{isubrid,jdbcType=CHAR}
      and ISUBREP = #{isubrep,jdbcType=INTEGER}
      and IPUSSEQ = #{ipusseq,jdbcType=INTEGER}
      and IPGMNBR = #{ipgmnbr,jdbcType=CHAR}
  </update>
  <resultMap id="BaseResultMap" type="com.ibm.dk.alr.zscm.scrt.storing.mybatis.model.SCRPUS">
    <id column="ISUBRID" jdbcType="CHAR" property="isubrid" />
    <id column="ISUBREP" jdbcType="INTEGER" property="isubrep" />
    <id column="IPUSSEQ" jdbcType="INTEGER" property="ipusseq" />
    <id column="IPGMNBR" jdbcType="CHAR" property="ipgmnbr" />
    <result column="NPRDNBR" jdbcType="CHAR" property="nprdnbr" />
    <result column="QPUSTMU" jdbcType="CHAR" property="qpustmu" />
    <result column="QPUSCMU" jdbcType="CHAR" property="qpuscmu" />
    <result column="CPUSCCM" jdbcType="CHAR" property="cpusccm" />
    <result column="SVMSKEY" jdbcType="CHAR" property="svmskey" />
    <result column="FPUSENT" jdbcType="CHAR" property="fpusent" />
    <result column="CPUSTYP" jdbcType="CHAR" property="cpustyp" />
    <result column="DPUSAUT" jdbcType="TIMESTAMP" property="dpusaut" />
    <result column="NPUSAUU" jdbcType="CHAR" property="npusauu" />
    <result column="NPUSAUP" jdbcType="CHAR" property="npusaup" />
    <result column="CPUSFTN" jdbcType="CHAR" property="cpusftn" />
    <result column="QPUSHRS" jdbcType="CHAR" property="qpushrs" />
    <result column="NPUSSPN" jdbcType="CHAR" property="npusspn" />
    <result column="QPUSTRM" jdbcType="CHAR" property="qpustrm" />
    <result column="QPUSCRM" jdbcType="CHAR" property="qpuscrm" />
  </resultMap>
  <sql id="Base_Column_List">
    ISUBRID, ISUBREP, IPUSSEQ, IPGMNBR, NPRDNBR, QPUSTMU, QPUSCMU, CPUSCCM, SVMSKEY, 
    FPUSENT, CPUSTYP, DPUSAUT, NPUSAUU, NPUSAUP, CPUSFTN, QPUSHRS, NPUSSPN, QPUSTRM, 
    QPUSCRM
  </sql>
  <select id="selectByPrimaryKey" parameterType="com.ibm.dk.alr.zscm.scrt.storing.mybatis.model.SCRPUSKey" resultMap="BaseResultMap">
    select 
    <include refid="Base_Column_List" />
    from SCRPUS
    where ISUBRID = #{isubrid,jdbcType=CHAR}
      and ISUBREP = #{isubrep,jdbcType=INTEGER}
      and IPUSSEQ = #{ipusseq,jdbcType=INTEGER}
      and IPGMNBR = #{ipgmnbr,jdbcType=CHAR}
  </select>
  <delete id="deleteByPrimaryKey" parameterType="com.ibm.dk.alr.zscm.scrt.storing.mybatis.model.SCRPUSKey">
    delete from SCRPUS
    where ISUBRID = #{isubrid,jdbcType=CHAR}
      and ISUBREP = #{isubrep,jdbcType=INTEGER}
      and IPUSSEQ = #{ipusseq,jdbcType=INTEGER}
      and IPGMNBR = #{ipgmnbr,jdbcType=CHAR}
  </delete>
  <insert id="insert" parameterType="com.ibm.dk.alr.zscm.scrt.storing.mybatis.model.SCRPUS">
    insert into SCRPUS (ISUBRID, ISUBREP, IPUSSEQ, 
      IPGMNBR, NPRDNBR, QPUSTMU, QPUSCMU, 
      CPUSCCM, SVMSKEY, FPUSENT, CPUSTYP, 
      DPUSAUT, NPUSAUU, NPUSAUP, 
      CPUSFTN, QPUSHRS, NPUSSPN, QPUSTRM, 
      QPUSCRM)
    values (#{isubrid,jdbcType=CHAR}, #{isubrep,jdbcType=INTEGER}, #{ipusseq,jdbcType=INTEGER}, 
      #{ipgmnbr,jdbcType=CHAR}, #{nprdnbr,jdbcType=CHAR}, #{qpustmu,jdbcType=CHAR}, #{qpuscmu,jdbcType=CHAR}, 
      #{cpusccm,jdbcType=CHAR}, #{svmskey,jdbcType=CHAR}, #{fpusent,jdbcType=CHAR}, #{cpustyp,jdbcType=CHAR}, 
      #{dpusaut,jdbcType=TIMESTAMP}, #{npusauu,jdbcType=CHAR}, #{npusaup,jdbcType=CHAR}, 
      #{cpusftn,jdbcType=CHAR}, #{qpushrs,jdbcType=CHAR}, #{npusspn,jdbcType=CHAR}, #{qpustrm,jdbcType=CHAR}, 
      #{qpuscrm,jdbcType=CHAR})
  </insert>
  <insert id="insertSelective" parameterType="com.ibm.dk.alr.zscm.scrt.storing.mybatis.model.SCRPUS">
    insert into SCRPUS
    <trim prefix="(" suffix=")" suffixOverrides=",">
      <if test="isubrid != null">
        ISUBRID,
      </if>
      <if test="isubrep != null">
        ISUBREP,
      </if>
      <if test="ipusseq != null">
        IPUSSEQ,
      </if>
      <if test="ipgmnbr != null">
        IPGMNBR,
      </if>
      <if test="nprdnbr != null">
        NPRDNBR,
      </if>
      <if test="qpustmu != null">
        QPUSTMU,
      </if>
      <if test="qpuscmu != null">
        QPUSCMU,
      </if>
      <if test="cpusccm != null">
        CPUSCCM,
      </if>
      <if test="svmskey != null">
        SVMSKEY,
      </if>
      <if test="fpusent != null">
        FPUSENT,
      </if>
      <if test="cpustyp != null">
        CPUSTYP,
      </if>
      <if test="dpusaut != null">
        DPUSAUT,
      </if>
      <if test="npusauu != null">
        NPUSAUU,
      </if>
      <if test="npusaup != null">
        NPUSAUP,
      </if>
      <if test="cpusftn != null">
        CPUSFTN,
      </if>
      <if test="qpushrs != null">
        QPUSHRS,
      </if>
      <if test="npusspn != null">
        NPUSSPN,
      </if>
      <if test="qpustrm != null">
        QPUSTRM,
      </if>
      <if test="qpuscrm != null">
        QPUSCRM,
      </if>
    </trim>
    <trim prefix="values (" suffix=")" suffixOverrides=",">
      <if test="isubrid != null">
        #{isubrid,jdbcType=CHAR},
      </if>
      <if test="isubrep != null">
        #{isubrep,jdbcType=INTEGER},
      </if>
      <if test="ipusseq != null">
        #{ipusseq,jdbcType=INTEGER},
      </if>
      <if test="ipgmnbr != null">
        #{ipgmnbr,jdbcType=CHAR},
      </if>
      <if test="nprdnbr != null">
        #{nprdnbr,jdbcType=CHAR},
      </if>
      <if test="qpustmu != null">
        #{qpustmu,jdbcType=CHAR},
      </if>
      <if test="qpuscmu != null">
        #{qpuscmu,jdbcType=CHAR},
      </if>
      <if test="cpusccm != null">
        #{cpusccm,jdbcType=CHAR},
      </if>
      <if test="svmskey != null">
        #{svmskey,jdbcType=CHAR},
      </if>
      <if test="fpusent != null">
        #{fpusent,jdbcType=CHAR},
      </if>
      <if test="cpustyp != null">
        #{cpustyp,jdbcType=CHAR},
      </if>
      <if test="dpusaut != null">
        #{dpusaut,jdbcType=TIMESTAMP},
      </if>
      <if test="npusauu != null">
        #{npusauu,jdbcType=CHAR},
      </if>
      <if test="npusaup != null">
        #{npusaup,jdbcType=CHAR},
      </if>
      <if test="cpusftn != null">
        #{cpusftn,jdbcType=CHAR},
      </if>
      <if test="qpushrs != null">
        #{qpushrs,jdbcType=CHAR},
      </if>
      <if test="npusspn != null">
        #{npusspn,jdbcType=CHAR},
      </if>
      <if test="qpustrm != null">
        #{qpustrm,jdbcType=CHAR},
      </if>
      <if test="qpuscrm != null">
        #{qpuscrm,jdbcType=CHAR},
      </if>
    </trim>
  </insert>
  <update id="updateByPrimaryKeySelective" parameterType="com.ibm.dk.alr.zscm.scrt.storing.mybatis.model.SCRPUS">
    update SCRPUS
    <set>
      <if test="nprdnbr != null">
        NPRDNBR = #{nprdnbr,jdbcType=CHAR},
      </if>
      <if test="qpustmu != null">
        QPUSTMU = #{qpustmu,jdbcType=CHAR},
      </if>
      <if test="qpuscmu != null">
        QPUSCMU = #{qpuscmu,jdbcType=CHAR},
      </if>
      <if test="cpusccm != null">
        CPUSCCM = #{cpusccm,jdbcType=CHAR},
      </if>
      <if test="svmskey != null">
        SVMSKEY = #{svmskey,jdbcType=CHAR},
      </if>
      <if test="fpusent != null">
        FPUSENT = #{fpusent,jdbcType=CHAR},
      </if>
      <if test="cpustyp != null">
        CPUSTYP = #{cpustyp,jdbcType=CHAR},
      </if>
      <if test="dpusaut != null">
        DPUSAUT = #{dpusaut,jdbcType=TIMESTAMP},
      </if>
      <if test="npusauu != null">
        NPUSAUU = #{npusauu,jdbcType=CHAR},
      </if>
      <if test="npusaup != null">
        NPUSAUP = #{npusaup,jdbcType=CHAR},
      </if>
      <if test="cpusftn != null">
        CPUSFTN = #{cpusftn,jdbcType=CHAR},
      </if>
      <if test="qpushrs != null">
        QPUSHRS = #{qpushrs,jdbcType=CHAR},
      </if>
      <if test="npusspn != null">
        NPUSSPN = #{npusspn,jdbcType=CHAR},
      </if>
      <if test="qpustrm != null">
        QPUSTRM = #{qpustrm,jdbcType=CHAR},
      </if>
      <if test="qpuscrm != null">
        QPUSCRM = #{qpuscrm,jdbcType=CHAR},
      </if>
    </set>
    where ISUBRID = #{isubrid,jdbcType=CHAR}
      and ISUBREP = #{isubrep,jdbcType=INTEGER}
      and IPUSSEQ = #{ipusseq,jdbcType=INTEGER}
      and IPGMNBR = #{ipgmnbr,jdbcType=CHAR}
  </update>
  <update id="updateByPrimaryKey" parameterType="com.ibm.dk.alr.zscm.scrt.storing.mybatis.model.SCRPUS">
    update SCRPUS
    set NPRDNBR = #{nprdnbr,jdbcType=CHAR},
      QPUSTMU = #{qpustmu,jdbcType=CHAR},
      QPUSCMU = #{qpuscmu,jdbcType=CHAR},
      CPUSCCM = #{cpusccm,jdbcType=CHAR},
      SVMSKEY = #{svmskey,jdbcType=CHAR},
      FPUSENT = #{fpusent,jdbcType=CHAR},
      CPUSTYP = #{cpustyp,jdbcType=CHAR},
      DPUSAUT = #{dpusaut,jdbcType=TIMESTAMP},
      NPUSAUU = #{npusauu,jdbcType=CHAR},
      NPUSAUP = #{npusaup,jdbcType=CHAR},
      CPUSFTN = #{cpusftn,jdbcType=CHAR},
      QPUSHRS = #{qpushrs,jdbcType=CHAR},
      NPUSSPN = #{npusspn,jdbcType=CHAR},
      QPUSTRM = #{qpustrm,jdbcType=CHAR},
      QPUSCRM = #{qpuscrm,jdbcType=CHAR}
    where ISUBRID = #{isubrid,jdbcType=CHAR}
      and ISUBREP = #{isubrep,jdbcType=INTEGER}
      and IPUSSEQ = #{ipusseq,jdbcType=INTEGER}
      and IPGMNBR = #{ipgmnbr,jdbcType=CHAR}
  </update>
</mapper>