<?xml version="1.0" encoding="UTF-8"?>
<!DOCTYPE mapper PUBLIC "-//mybatis.org//DTD Mapper 3.0//EN" "http://mybatis.org/dtd/mybatis-3-mapper.dtd">
<mapper namespace="com.ibm.dk.alr.zscm.scrt.storing.mybatis.data.SCRPICMapper">
  <resultMap id="BaseResultMap" type="com.ibm.dk.alr.zscm.scrt.storing.mybatis.model.SCRPIC">
    <id column="ISUBRID" jdbcType="CHAR" property="isubrid" />
    <id column="ISUBREP" jdbcType="INTEGER" property="isubrep" />
    <id column="ICPSSID" jdbcType="CHAR" property="icpssid" />
    <id column="IPICSEQ" jdbcType="INTEGER" property="ipicseq" />
    <result column="DPERPER" jdbcType="CHAR" property="dperper" />
    <result column="NPICCPN" jdbcType="CHAR" property="npiccpn" />
    <result column="IPGMNBR" jdbcType="CHAR" property="ipgmnbr" />
    <result column="NPRDNBR" jdbcType="CHAR" property="nprdnbr" />
    <result column="DPICAUT" jdbcType="TIMESTAMP" property="dpicaut" />
    <result column="SPICAUP" jdbcType="CHAR" property="spicaup" />
    <result column="SPICAUU" jdbcType="CHAR" property="spicauu" />
  </resultMap>
  <sql id="Base_Column_List">
    ISUBRID, ISUBREP, ICPSSID, IPICSEQ, DPERPER, NPICCPN, IPGMNBR, NPRDNBR, DPICAUT, 
    SPICAUP, SPICAUU
  </sql>
  <select id="selectByPrimaryKey" parameterType="com.ibm.dk.alr.zscm.scrt.storing.mybatis.model.SCRPICKey" resultMap="BaseResultMap">
    select 
    <include refid="Base_Column_List" />
    from SCRPIC
    where ISUBRID = #{isubrid,jdbcType=CHAR}
      and ISUBREP = #{isubrep,jdbcType=INTEGER}
      and ICPSSID = #{icpssid,jdbcType=CHAR}
      and IPICSEQ = #{ipicseq,jdbcType=INTEGER}
  </select>
  <delete id="deleteByPrimaryKey" parameterType="com.ibm.dk.alr.zscm.scrt.storing.mybatis.model.SCRPICKey">
    delete from SCRPIC
    where ISUBRID = #{isubrid,jdbcType=CHAR}
      and ISUBREP = #{isubrep,jdbcType=INTEGER}
      and ICPSSID = #{icpssid,jdbcType=CHAR}
      and IPICSEQ = #{ipicseq,jdbcType=INTEGER}
  </delete>
  <insert id="insert" parameterType="com.ibm.dk.alr.zscm.scrt.storing.mybatis.model.SCRPIC">
    insert into SCRPIC (ISUBRID, ISUBREP, ICPSSID, 
      IPICSEQ, DPERPER, NPICCPN, 
      IPGMNBR, NPRDNBR, DPICAUT, 
      SPICAUP, SPICAUU)
    values (#{isubrid,jdbcType=CHAR}, #{isubrep,jdbcType=INTEGER}, #{icpssid,jdbcType=CHAR}, 
      #{ipicseq,jdbcType=INTEGER}, #{dperper,jdbcType=CHAR}, #{npiccpn,jdbcType=CHAR}, 
      #{ipgmnbr,jdbcType=CHAR}, #{nprdnbr,jdbcType=CHAR}, #{dpicaut,jdbcType=TIMESTAMP}, 
      #{spicaup,jdbcType=CHAR}, #{spicauu,jdbcType=CHAR})
  </insert>
  <insert id="insertSelective" parameterType="com.ibm.dk.alr.zscm.scrt.storing.mybatis.model.SCRPIC">
    insert into SCRPIC
    <trim prefix="(" suffix=")" suffixOverrides=",">
      <if test="isubrid != null">
        ISUBRID,
      </if>
      <if test="isubrep != null">
        ISUBREP,
      </if>
      <if test="icpssid != null">
        ICPSSID,
      </if>
      <if test="ipicseq != null">
        IPICSEQ,
      </if>
      <if test="dperper != null">
        DPERPER,
      </if>
      <if test="npiccpn != null">
        NPICCPN,
      </if>
      <if test="ipgmnbr != null">
        IPGMNBR,
      </if>
      <if test="nprdnbr != null">
        NPRDNBR,
      </if>
      <if test="dpicaut != null">
        DPICAUT,
      </if>
      <if test="spicaup != null">
        SPICAUP,
      </if>
      <if test="spicauu != null">
        SPICAUU,
      </if>
    </trim>
    <trim prefix="values (" suffix=")" suffixOverrides=",">
      <if test="isubrid != null">
        #{isubrid,jdbcType=CHAR},
      </if>
      <if test="isubrep != null">
        #{isubrep,jdbcType=INTEGER},
      </if>
      <if test="icpssid != null">
        #{icpssid,jdbcType=CHAR},
      </if>
      <if test="ipicseq != null">
        #{ipicseq,jdbcType=INTEGER},
      </if>
      <if test="dperper != null">
        #{dperper,jdbcType=CHAR},
      </if>
      <if test="npiccpn != null">
        #{npiccpn,jdbcType=CHAR},
      </if>
      <if test="ipgmnbr != null">
        #{ipgmnbr,jdbcType=CHAR},
      </if>
      <if test="nprdnbr != null">
        #{nprdnbr,jdbcType=CHAR},
      </if>
      <if test="dpicaut != null">
        #{dpicaut,jdbcType=TIMESTAMP},
      </if>
      <if test="spicaup != null">
        #{spicaup,jdbcType=CHAR},
      </if>
      <if test="spicauu != null">
        #{spicauu,jdbcType=CHAR},
      </if>
    </trim>
  </insert>
  <update id="updateByPrimaryKeySelective" parameterType="com.ibm.dk.alr.zscm.scrt.storing.mybatis.model.SCRPIC">
    update SCRPIC
    <set>
      <if test="dperper != null">
        DPERPER = #{dperper,jdbcType=CHAR},
      </if>
      <if test="npiccpn != null">
        NPICCPN = #{npiccpn,jdbcType=CHAR},
      </if>
      <if test="ipgmnbr != null">
        IPGMNBR = #{ipgmnbr,jdbcType=CHAR},
      </if>
      <if test="nprdnbr != null">
        NPRDNBR = #{nprdnbr,jdbcType=CHAR},
      </if>
      <if test="dpicaut != null">
        DPICAUT = #{dpicaut,jdbcType=TIMESTAMP},
      </if>
      <if test="spicaup != null">
        SPICAUP = #{spicaup,jdbcType=CHAR},
      </if>
      <if test="spicauu != null">
        SPICAUU = #{spicauu,jdbcType=CHAR},
      </if>
    </set>
    where ISUBRID = #{isubrid,jdbcType=CHAR}
      and ISUBREP = #{isubrep,jdbcType=INTEGER}
      and ICPSSID = #{icpssid,jdbcType=CHAR}
      and IPICSEQ = #{ipicseq,jdbcType=INTEGER}
  </update>
  <update id="updateByPrimaryKey" parameterType="com.ibm.dk.alr.zscm.scrt.storing.mybatis.model.SCRPIC">
    update SCRPIC
    set DPERPER = #{dperper,jdbcType=CHAR},
      NPICCPN = #{npiccpn,jdbcType=CHAR},
      IPGMNBR = #{ipgmnbr,jdbcType=CHAR},
      NPRDNBR = #{nprdnbr,jdbcType=CHAR},
      DPICAUT = #{dpicaut,jdbcType=TIMESTAMP},
      SPICAUP = #{spicaup,jdbcType=CHAR},
      SPICAUU = #{spicauu,jdbcType=CHAR}
    where ISUBRID = #{isubrid,jdbcType=CHAR}
      and ISUBREP = #{isubrep,jdbcType=INTEGER}
      and ICPSSID = #{icpssid,jdbcType=CHAR}
      and IPICSEQ = #{ipicseq,jdbcType=INTEGER}
  </update>
  <resultMap id="BaseResultMap" type="com.ibm.dk.alr.zscm.scrt.storing.mybatis.model.SCRPIC">
    <id column="ISUBRID" jdbcType="CHAR" property="isubrid" />
    <id column="ISUBREP" jdbcType="INTEGER" property="isubrep" />
    <id column="ICPSSID" jdbcType="CHAR" property="icpssid" />
    <id column="IPICSEQ" jdbcType="INTEGER" property="ipicseq" />
    <result column="DPERPER" jdbcType="CHAR" property="dperper" />
    <result column="NPICCPN" jdbcType="CHAR" property="npiccpn" />
    <result column="IPGMNBR" jdbcType="CHAR" property="ipgmnbr" />
    <result column="NPRDNBR" jdbcType="CHAR" property="nprdnbr" />
    <result column="DPICAUT" jdbcType="TIMESTAMP" property="dpicaut" />
    <result column="SPICAUP" jdbcType="CHAR" property="spicaup" />
    <result column="SPICAUU" jdbcType="CHAR" property="spicauu" />
  </resultMap>
  <sql id="Base_Column_List">
    ISUBRID, ISUBREP, ICPSSID, IPICSEQ, DPERPER, NPICCPN, IPGMNBR, NPRDNBR, DPICAUT, 
    SPICAUP, SPICAUU
  </sql>
  <select id="selectByPrimaryKey" parameterType="com.ibm.dk.alr.zscm.scrt.storing.mybatis.model.SCRPICKey" resultMap="BaseResultMap">
    select 
    <include refid="Base_Column_List" />
    from SCRPIC
    where ISUBRID = #{isubrid,jdbcType=CHAR}
      and ISUBREP = #{isubrep,jdbcType=INTEGER}
      and ICPSSID = #{icpssid,jdbcType=CHAR}
      and IPICSEQ = #{ipicseq,jdbcType=INTEGER}
  </select>
  <delete id="deleteByPrimaryKey" parameterType="com.ibm.dk.alr.zscm.scrt.storing.mybatis.model.SCRPICKey">
    delete from SCRPIC
    where ISUBRID = #{isubrid,jdbcType=CHAR}
      and ISUBREP = #{isubrep,jdbcType=INTEGER}
      and ICPSSID = #{icpssid,jdbcType=CHAR}
      and IPICSEQ = #{ipicseq,jdbcType=INTEGER}
  </delete>
  <insert id="insert" parameterType="com.ibm.dk.alr.zscm.scrt.storing.mybatis.model.SCRPIC">
    insert into SCRPIC (ISUBRID, ISUBREP, ICPSSID, 
      IPICSEQ, DPERPER, NPICCPN, 
      IPGMNBR, NPRDNBR, DPICAUT, 
      SPICAUP, SPICAUU)
    values (#{isubrid,jdbcType=CHAR}, #{isubrep,jdbcType=INTEGER}, #{icpssid,jdbcType=CHAR}, 
      #{ipicseq,jdbcType=INTEGER}, #{dperper,jdbcType=CHAR}, #{npiccpn,jdbcType=CHAR}, 
      #{ipgmnbr,jdbcType=CHAR}, #{nprdnbr,jdbcType=CHAR}, #{dpicaut,jdbcType=TIMESTAMP}, 
      #{spicaup,jdbcType=CHAR}, #{spicauu,jdbcType=CHAR})
  </insert>
  <insert id="insertSelective" parameterType="com.ibm.dk.alr.zscm.scrt.storing.mybatis.model.SCRPIC">
    insert into SCRPIC
    <trim prefix="(" suffix=")" suffixOverrides=",">
      <if test="isubrid != null">
        ISUBRID,
      </if>
      <if test="isubrep != null">
        ISUBREP,
      </if>
      <if test="icpssid != null">
        ICPSSID,
      </if>
      <if test="ipicseq != null">
        IPICSEQ,
      </if>
      <if test="dperper != null">
        DPERPER,
      </if>
      <if test="npiccpn != null">
        NPICCPN,
      </if>
      <if test="ipgmnbr != null">
        IPGMNBR,
      </if>
      <if test="nprdnbr != null">
        NPRDNBR,
      </if>
      <if test="dpicaut != null">
        DPICAUT,
      </if>
      <if test="spicaup != null">
        SPICAUP,
      </if>
      <if test="spicauu != null">
        SPICAUU,
      </if>
    </trim>
    <trim prefix="values (" suffix=")" suffixOverrides=",">
      <if test="isubrid != null">
        #{isubrid,jdbcType=CHAR},
      </if>
      <if test="isubrep != null">
        #{isubrep,jdbcType=INTEGER},
      </if>
      <if test="icpssid != null">
        #{icpssid,jdbcType=CHAR},
      </if>
      <if test="ipicseq != null">
        #{ipicseq,jdbcType=INTEGER},
      </if>
      <if test="dperper != null">
        #{dperper,jdbcType=CHAR},
      </if>
      <if test="npiccpn != null">
        #{npiccpn,jdbcType=CHAR},
      </if>
      <if test="ipgmnbr != null">
        #{ipgmnbr,jdbcType=CHAR},
      </if>
      <if test="nprdnbr != null">
        #{nprdnbr,jdbcType=CHAR},
      </if>
      <if test="dpicaut != null">
        #{dpicaut,jdbcType=TIMESTAMP},
      </if>
      <if test="spicaup != null">
        #{spicaup,jdbcType=CHAR},
      </if>
      <if test="spicauu != null">
        #{spicauu,jdbcType=CHAR},
      </if>
    </trim>
  </insert>
  <update id="updateByPrimaryKeySelective" parameterType="com.ibm.dk.alr.zscm.scrt.storing.mybatis.model.SCRPIC">
    update SCRPIC
    <set>
      <if test="dperper != null">
        DPERPER = #{dperper,jdbcType=CHAR},
      </if>
      <if test="npiccpn != null">
        NPICCPN = #{npiccpn,jdbcType=CHAR},
      </if>
      <if test="ipgmnbr != null">
        IPGMNBR = #{ipgmnbr,jdbcType=CHAR},
      </if>
      <if test="nprdnbr != null">
        NPRDNBR = #{nprdnbr,jdbcType=CHAR},
      </if>
      <if test="dpicaut != null">
        DPICAUT = #{dpicaut,jdbcType=TIMESTAMP},
      </if>
      <if test="spicaup != null">
        SPICAUP = #{spicaup,jdbcType=CHAR},
      </if>
      <if test="spicauu != null">
        SPICAUU = #{spicauu,jdbcType=CHAR},
      </if>
    </set>
    where ISUBRID = #{isubrid,jdbcType=CHAR}
      and ISUBREP = #{isubrep,jdbcType=INTEGER}
      and ICPSSID = #{icpssid,jdbcType=CHAR}
      and IPICSEQ = #{ipicseq,jdbcType=INTEGER}
  </update>
  <update id="updateByPrimaryKey" parameterType="com.ibm.dk.alr.zscm.scrt.storing.mybatis.model.SCRPIC">
    update SCRPIC
    set DPERPER = #{dperper,jdbcType=CHAR},
      NPICCPN = #{npiccpn,jdbcType=CHAR},
      IPGMNBR = #{ipgmnbr,jdbcType=CHAR},
      NPRDNBR = #{nprdnbr,jdbcType=CHAR},
      DPICAUT = #{dpicaut,jdbcType=TIMESTAMP},
      SPICAUP = #{spicaup,jdbcType=CHAR},
      SPICAUU = #{spicauu,jdbcType=CHAR}
    where ISUBRID = #{isubrid,jdbcType=CHAR}
      and ISUBREP = #{isubrep,jdbcType=INTEGER}
      and ICPSSID = #{icpssid,jdbcType=CHAR}
      and IPICSEQ = #{ipicseq,jdbcType=INTEGER}
  </update>
  <resultMap id="BaseResultMap" type="com.ibm.dk.alr.zscm.scrt.storing.mybatis.model.SCRPIC">
    <id column="ISUBRID" jdbcType="CHAR" property="isubrid" />
    <id column="ISUBREP" jdbcType="INTEGER" property="isubrep" />
    <id column="ICPSSID" jdbcType="CHAR" property="icpssid" />
    <id column="IPICSEQ" jdbcType="INTEGER" property="ipicseq" />
    <result column="DPERPER" jdbcType="CHAR" property="dperper" />
    <result column="NPICCPN" jdbcType="CHAR" property="npiccpn" />
    <result column="IPGMNBR" jdbcType="CHAR" property="ipgmnbr" />
    <result column="NPRDNBR" jdbcType="CHAR" property="nprdnbr" />
    <result column="DPICAUT" jdbcType="TIMESTAMP" property="dpicaut" />
    <result column="SPICAUP" jdbcType="CHAR" property="spicaup" />
    <result column="SPICAUU" jdbcType="CHAR" property="spicauu" />
  </resultMap>
  <sql id="Base_Column_List">
    ISUBRID, ISUBREP, ICPSSID, IPICSEQ, DPERPER, NPICCPN, IPGMNBR, NPRDNBR, DPICAUT, 
    SPICAUP, SPICAUU
  </sql>
  <select id="selectByPrimaryKey" parameterType="com.ibm.dk.alr.zscm.scrt.storing.mybatis.model.SCRPICKey" resultMap="BaseResultMap">
    select 
    <include refid="Base_Column_List" />
    from SCRPIC
    where ISUBRID = #{isubrid,jdbcType=CHAR}
      and ISUBREP = #{isubrep,jdbcType=INTEGER}
      and ICPSSID = #{icpssid,jdbcType=CHAR}
      and IPICSEQ = #{ipicseq,jdbcType=INTEGER}
  </select>
  <delete id="deleteByPrimaryKey" parameterType="com.ibm.dk.alr.zscm.scrt.storing.mybatis.model.SCRPICKey">
    delete from SCRPIC
    where ISUBRID = #{isubrid,jdbcType=CHAR}
      and ISUBREP = #{isubrep,jdbcType=INTEGER}
      and ICPSSID = #{icpssid,jdbcType=CHAR}
      and IPICSEQ = #{ipicseq,jdbcType=INTEGER}
  </delete>
  <insert id="insert" parameterType="com.ibm.dk.alr.zscm.scrt.storing.mybatis.model.SCRPIC">
    insert into SCRPIC (ISUBRID, ISUBREP, ICPSSID, 
      IPICSEQ, DPERPER, NPICCPN, 
      IPGMNBR, NPRDNBR, DPICAUT, 
      SPICAUP, SPICAUU)
    values (#{isubrid,jdbcType=CHAR}, #{isubrep,jdbcType=INTEGER}, #{icpssid,jdbcType=CHAR}, 
      #{ipicseq,jdbcType=INTEGER}, #{dperper,jdbcType=CHAR}, #{npiccpn,jdbcType=CHAR}, 
      #{ipgmnbr,jdbcType=CHAR}, #{nprdnbr,jdbcType=CHAR}, #{dpicaut,jdbcType=TIMESTAMP}, 
      #{spicaup,jdbcType=CHAR}, #{spicauu,jdbcType=CHAR})
  </insert>
  <insert id="insertSelective" parameterType="com.ibm.dk.alr.zscm.scrt.storing.mybatis.model.SCRPIC">
    insert into SCRPIC
    <trim prefix="(" suffix=")" suffixOverrides=",">
      <if test="isubrid != null">
        ISUBRID,
      </if>
      <if test="isubrep != null">
        ISUBREP,
      </if>
      <if test="icpssid != null">
        ICPSSID,
      </if>
      <if test="ipicseq != null">
        IPICSEQ,
      </if>
      <if test="dperper != null">
        DPERPER,
      </if>
      <if test="npiccpn != null">
        NPICCPN,
      </if>
      <if test="ipgmnbr != null">
        IPGMNBR,
      </if>
      <if test="nprdnbr != null">
        NPRDNBR,
      </if>
      <if test="dpicaut != null">
        DPICAUT,
      </if>
      <if test="spicaup != null">
        SPICAUP,
      </if>
      <if test="spicauu != null">
        SPICAUU,
      </if>
    </trim>
    <trim prefix="values (" suffix=")" suffixOverrides=",">
      <if test="isubrid != null">
        #{isubrid,jdbcType=CHAR},
      </if>
      <if test="isubrep != null">
        #{isubrep,jdbcType=INTEGER},
      </if>
      <if test="icpssid != null">
        #{icpssid,jdbcType=CHAR},
      </if>
      <if test="ipicseq != null">
        #{ipicseq,jdbcType=INTEGER},
      </if>
      <if test="dperper != null">
        #{dperper,jdbcType=CHAR},
      </if>
      <if test="npiccpn != null">
        #{npiccpn,jdbcType=CHAR},
      </if>
      <if test="ipgmnbr != null">
        #{ipgmnbr,jdbcType=CHAR},
      </if>
      <if test="nprdnbr != null">
        #{nprdnbr,jdbcType=CHAR},
      </if>
      <if test="dpicaut != null">
        #{dpicaut,jdbcType=TIMESTAMP},
      </if>
      <if test="spicaup != null">
        #{spicaup,jdbcType=CHAR},
      </if>
      <if test="spicauu != null">
        #{spicauu,jdbcType=CHAR},
      </if>
    </trim>
  </insert>
  <update id="updateByPrimaryKeySelective" parameterType="com.ibm.dk.alr.zscm.scrt.storing.mybatis.model.SCRPIC">
    update SCRPIC
    <set>
      <if test="dperper != null">
        DPERPER = #{dperper,jdbcType=CHAR},
      </if>
      <if test="npiccpn != null">
        NPICCPN = #{npiccpn,jdbcType=CHAR},
      </if>
      <if test="ipgmnbr != null">
        IPGMNBR = #{ipgmnbr,jdbcType=CHAR},
      </if>
      <if test="nprdnbr != null">
        NPRDNBR = #{nprdnbr,jdbcType=CHAR},
      </if>
      <if test="dpicaut != null">
        DPICAUT = #{dpicaut,jdbcType=TIMESTAMP},
      </if>
      <if test="spicaup != null">
        SPICAUP = #{spicaup,jdbcType=CHAR},
      </if>
      <if test="spicauu != null">
        SPICAUU = #{spicauu,jdbcType=CHAR},
      </if>
    </set>
    where ISUBRID = #{isubrid,jdbcType=CHAR}
      and ISUBREP = #{isubrep,jdbcType=INTEGER}
      and ICPSSID = #{icpssid,jdbcType=CHAR}
      and IPICSEQ = #{ipicseq,jdbcType=INTEGER}
  </update>
  <update id="updateByPrimaryKey" parameterType="com.ibm.dk.alr.zscm.scrt.storing.mybatis.model.SCRPIC">
    update SCRPIC
    set DPERPER = #{dperper,jdbcType=CHAR},
      NPICCPN = #{npiccpn,jdbcType=CHAR},
      IPGMNBR = #{ipgmnbr,jdbcType=CHAR},
      NPRDNBR = #{nprdnbr,jdbcType=CHAR},
      DPICAUT = #{dpicaut,jdbcType=TIMESTAMP},
      SPICAUP = #{spicaup,jdbcType=CHAR},
      SPICAUU = #{spicauu,jdbcType=CHAR}
    where ISUBRID = #{isubrid,jdbcType=CHAR}
      and ISUBREP = #{isubrep,jdbcType=INTEGER}
      and ICPSSID = #{icpssid,jdbcType=CHAR}
      and IPICSEQ = #{ipicseq,jdbcType=INTEGER}
  </update>
</mapper>