<?xml version="1.0" encoding="UTF-8"?>
<!DOCTYPE mapper PUBLIC "-//mybatis.org//DTD Mapper 3.0//EN" "http://mybatis.org/dtd/mybatis-3-mapper.dtd">
<mapper namespace="com.ibm.dk.alr.zscm.scrt.storing.mybatis.data.SCRSPOMapper">
  <resultMap id="BaseResultMap" type="com.ibm.dk.alr.zscm.scrt.storing.mybatis.model.SCRSPO">
    <id column="SSPOSPI" jdbcType="INTEGER" property="sspospi" />
    <result column="ISPOSEQ" jdbcType="INTEGER" property="isposeq" />
    <result column="ISPOCO1" jdbcType="VARCHAR" property="ispoco1" />
    <result column="ISPOCO2" jdbcType="VARCHAR" property="ispoco2" />
    <result column="ISPOCO3" jdbcType="VARCHAR" property="ispoco3" />
    <result column="ISPOCO4" jdbcType="VARCHAR" property="ispoco4" />
    <result column="ISPOCO5" jdbcType="VARCHAR" property="ispoco5" />
    <result column="ISPOCO6" jdbcType="VARCHAR" property="ispoco6" />
    <result column="SSPSSID" jdbcType="INTEGER" property="sspssid" />
    <result column="SOSUUID" jdbcType="INTEGER" property="sosuuid" />
    <result column="DSPOAUT" jdbcType="TIMESTAMP" property="dspoaut" />
    <result column="NSPOAUU" jdbcType="CHAR" property="nspoauu" />
    <result column="NSPOAUP" jdbcType="CHAR" property="nspoaup" />
    <result column="ISPOCO7" jdbcType="VARCHAR" property="ispoco7" />
    <result column="ISPOCO8" jdbcType="VARCHAR" property="ispoco8" />
  </resultMap>
  <sql id="Base_Column_List">
    SSPOSPI, ISPOSEQ, ISPOCO1, ISPOCO2, ISPOCO3, ISPOCO4, ISPOCO5, ISPOCO6, SSPSSID, 
    SOSUUID, DSPOAUT, NSPOAUU, NSPOAUP, ISPOCO7, ISPOCO8
  </sql>
  <select id="selectByPrimaryKey" parameterType="java.lang.Integer" resultMap="BaseResultMap">
    select 
    <include refid="Base_Column_List" />
    from SCRSPO
    where SSPOSPI = #{sspospi,jdbcType=INTEGER}
  </select>
  <delete id="deleteByPrimaryKey" parameterType="java.lang.Integer">
    delete from SCRSPO
    where SSPOSPI = #{sspospi,jdbcType=INTEGER}
  </delete>
  <insert id="insert" parameterType="com.ibm.dk.alr.zscm.scrt.storing.mybatis.model.SCRSPO">
    insert into SCRSPO (SSPOSPI, ISPOSEQ, ISPOCO1, 
      ISPOCO2, ISPOCO3, ISPOCO4, 
      ISPOCO5, ISPOCO6, SSPSSID, 
      SOSUUID, DSPOAUT, NSPOAUU, 
      NSPOAUP, ISPOCO7, ISPOCO8
      )
    values (#{sspospi,jdbcType=INTEGER}, #{isposeq,jdbcType=INTEGER}, #{ispoco1,jdbcType=VARCHAR}, 
      #{ispoco2,jdbcType=VARCHAR}, #{ispoco3,jdbcType=VARCHAR}, #{ispoco4,jdbcType=VARCHAR}, 
      #{ispoco5,jdbcType=VARCHAR}, #{ispoco6,jdbcType=VARCHAR}, #{sspssid,jdbcType=INTEGER}, 
      #{sosuuid,jdbcType=INTEGER}, #{dspoaut,jdbcType=TIMESTAMP}, #{nspoauu,jdbcType=CHAR}, 
      #{nspoaup,jdbcType=CHAR}, #{ispoco7,jdbcType=VARCHAR}, #{ispoco8,jdbcType=VARCHAR}
      )
  </insert>
  <insert id="insertSelective" parameterType="com.ibm.dk.alr.zscm.scrt.storing.mybatis.model.SCRSPO">
    insert into SCRSPO
    <trim prefix="(" suffix=")" suffixOverrides=",">
      <if test="sspospi != null">
        SSPOSPI,
      </if>
      <if test="isposeq != null">
        ISPOSEQ,
      </if>
      <if test="ispoco1 != null">
        ISPOCO1,
      </if>
      <if test="ispoco2 != null">
        ISPOCO2,
      </if>
      <if test="ispoco3 != null">
        ISPOCO3,
      </if>
      <if test="ispoco4 != null">
        ISPOCO4,
      </if>
      <if test="ispoco5 != null">
        ISPOCO5,
      </if>
      <if test="ispoco6 != null">
        ISPOCO6,
      </if>
      <if test="sspssid != null">
        SSPSSID,
      </if>
      <if test="sosuuid != null">
        SOSUUID,
      </if>
      <if test="dspoaut != null">
        DSPOAUT,
      </if>
      <if test="nspoauu != null">
        NSPOAUU,
      </if>
      <if test="nspoaup != null">
        NSPOAUP,
      </if>
      <if test="ispoco7 != null">
        ISPOCO7,
      </if>
      <if test="ispoco8 != null">
        ISPOCO8,
      </if>
    </trim>
    <trim prefix="values (" suffix=")" suffixOverrides=",">
      <if test="sspospi != null">
        #{sspospi,jdbcType=INTEGER},
      </if>
      <if test="isposeq != null">
        #{isposeq,jdbcType=INTEGER},
      </if>
      <if test="ispoco1 != null">
        #{ispoco1,jdbcType=VARCHAR},
      </if>
      <if test="ispoco2 != null">
        #{ispoco2,jdbcType=VARCHAR},
      </if>
      <if test="ispoco3 != null">
        #{ispoco3,jdbcType=VARCHAR},
      </if>
      <if test="ispoco4 != null">
        #{ispoco4,jdbcType=VARCHAR},
      </if>
      <if test="ispoco5 != null">
        #{ispoco5,jdbcType=VARCHAR},
      </if>
      <if test="ispoco6 != null">
        #{ispoco6,jdbcType=VARCHAR},
      </if>
      <if test="sspssid != null">
        #{sspssid,jdbcType=INTEGER},
      </if>
      <if test="sosuuid != null">
        #{sosuuid,jdbcType=INTEGER},
      </if>
      <if test="dspoaut != null">
        #{dspoaut,jdbcType=TIMESTAMP},
      </if>
      <if test="nspoauu != null">
        #{nspoauu,jdbcType=CHAR},
      </if>
      <if test="nspoaup != null">
        #{nspoaup,jdbcType=CHAR},
      </if>
      <if test="ispoco7 != null">
        #{ispoco7,jdbcType=VARCHAR},
      </if>
      <if test="ispoco8 != null">
        #{ispoco8,jdbcType=VARCHAR},
      </if>
    </trim>
  </insert>
  <update id="updateByPrimaryKeySelective" parameterType="com.ibm.dk.alr.zscm.scrt.storing.mybatis.model.SCRSPO">
    update SCRSPO
    <set>
      <if test="isposeq != null">
        ISPOSEQ = #{isposeq,jdbcType=INTEGER},
      </if>
      <if test="ispoco1 != null">
        ISPOCO1 = #{ispoco1,jdbcType=VARCHAR},
      </if>
      <if test="ispoco2 != null">
        ISPOCO2 = #{ispoco2,jdbcType=VARCHAR},
      </if>
      <if test="ispoco3 != null">
        ISPOCO3 = #{ispoco3,jdbcType=VARCHAR},
      </if>
      <if test="ispoco4 != null">
        ISPOCO4 = #{ispoco4,jdbcType=VARCHAR},
      </if>
      <if test="ispoco5 != null">
        ISPOCO5 = #{ispoco5,jdbcType=VARCHAR},
      </if>
      <if test="ispoco6 != null">
        ISPOCO6 = #{ispoco6,jdbcType=VARCHAR},
      </if>
      <if test="sspssid != null">
        SSPSSID = #{sspssid,jdbcType=INTEGER},
      </if>
      <if test="sosuuid != null">
        SOSUUID = #{sosuuid,jdbcType=INTEGER},
      </if>
      <if test="dspoaut != null">
        DSPOAUT = #{dspoaut,jdbcType=TIMESTAMP},
      </if>
      <if test="nspoauu != null">
        NSPOAUU = #{nspoauu,jdbcType=CHAR},
      </if>
      <if test="nspoaup != null">
        NSPOAUP = #{nspoaup,jdbcType=CHAR},
      </if>
      <if test="ispoco7 != null">
        ISPOCO7 = #{ispoco7,jdbcType=VARCHAR},
      </if>
      <if test="ispoco8 != null">
        ISPOCO8 = #{ispoco8,jdbcType=VARCHAR},
      </if>
    </set>
    where SSPOSPI = #{sspospi,jdbcType=INTEGER}
  </update>
  <update id="updateByPrimaryKey" parameterType="com.ibm.dk.alr.zscm.scrt.storing.mybatis.model.SCRSPO">
    update SCRSPO
    set ISPOSEQ = #{isposeq,jdbcType=INTEGER},
      ISPOCO1 = #{ispoco1,jdbcType=VARCHAR},
      ISPOCO2 = #{ispoco2,jdbcType=VARCHAR},
      ISPOCO3 = #{ispoco3,jdbcType=VARCHAR},
      ISPOCO4 = #{ispoco4,jdbcType=VARCHAR},
      ISPOCO5 = #{ispoco5,jdbcType=VARCHAR},
      ISPOCO6 = #{ispoco6,jdbcType=VARCHAR},
      SSPSSID = #{sspssid,jdbcType=INTEGER},
      SOSUUID = #{sosuuid,jdbcType=INTEGER},
      DSPOAUT = #{dspoaut,jdbcType=TIMESTAMP},
      NSPOAUU = #{nspoauu,jdbcType=CHAR},
      NSPOAUP = #{nspoaup,jdbcType=CHAR},
      ISPOCO7 = #{ispoco7,jdbcType=VARCHAR},
      ISPOCO8 = #{ispoco8,jdbcType=VARCHAR}
    where SSPOSPI = #{sspospi,jdbcType=INTEGER}
  </update>
  <resultMap id="BaseResultMap" type="com.ibm.dk.alr.zscm.scrt.storing.mybatis.model.SCRSPO">
    <id column="SSPOSPI" jdbcType="INTEGER" property="sspospi" />
    <result column="ISPOSEQ" jdbcType="INTEGER" property="isposeq" />
    <result column="ISPOCO1" jdbcType="VARCHAR" property="ispoco1" />
    <result column="ISPOCO2" jdbcType="VARCHAR" property="ispoco2" />
    <result column="ISPOCO3" jdbcType="VARCHAR" property="ispoco3" />
    <result column="ISPOCO4" jdbcType="VARCHAR" property="ispoco4" />
    <result column="ISPOCO5" jdbcType="VARCHAR" property="ispoco5" />
    <result column="ISPOCO6" jdbcType="VARCHAR" property="ispoco6" />
    <result column="SSPSSID" jdbcType="INTEGER" property="sspssid" />
    <result column="SOSUUID" jdbcType="INTEGER" property="sosuuid" />
    <result column="DSPOAUT" jdbcType="TIMESTAMP" property="dspoaut" />
    <result column="NSPOAUU" jdbcType="CHAR" property="nspoauu" />
    <result column="NSPOAUP" jdbcType="CHAR" property="nspoaup" />
    <result column="ISPOCO7" jdbcType="VARCHAR" property="ispoco7" />
    <result column="ISPOCO8" jdbcType="VARCHAR" property="ispoco8" />
  </resultMap>
  <sql id="Base_Column_List">
    SSPOSPI, ISPOSEQ, ISPOCO1, ISPOCO2, ISPOCO3, ISPOCO4, ISPOCO5, ISPOCO6, SSPSSID, 
    SOSUUID, DSPOAUT, NSPOAUU, NSPOAUP, ISPOCO7, ISPOCO8
  </sql>
  <select id="selectByPrimaryKey" parameterType="java.lang.Integer" resultMap="BaseResultMap">
    select 
    <include refid="Base_Column_List" />
    from SCRSPO
    where SSPOSPI = #{sspospi,jdbcType=INTEGER}
  </select>
  <delete id="deleteByPrimaryKey" parameterType="java.lang.Integer">
    delete from SCRSPO
    where SSPOSPI = #{sspospi,jdbcType=INTEGER}
  </delete>
  <insert id="insert" parameterType="com.ibm.dk.alr.zscm.scrt.storing.mybatis.model.SCRSPO">
    insert into SCRSPO (SSPOSPI, ISPOSEQ, ISPOCO1, 
      ISPOCO2, ISPOCO3, ISPOCO4, 
      ISPOCO5, ISPOCO6, SSPSSID, 
      SOSUUID, DSPOAUT, NSPOAUU, 
      NSPOAUP, ISPOCO7, ISPOCO8
      )
    values (#{sspospi,jdbcType=INTEGER}, #{isposeq,jdbcType=INTEGER}, #{ispoco1,jdbcType=VARCHAR}, 
      #{ispoco2,jdbcType=VARCHAR}, #{ispoco3,jdbcType=VARCHAR}, #{ispoco4,jdbcType=VARCHAR}, 
      #{ispoco5,jdbcType=VARCHAR}, #{ispoco6,jdbcType=VARCHAR}, #{sspssid,jdbcType=INTEGER}, 
      #{sosuuid,jdbcType=INTEGER}, #{dspoaut,jdbcType=TIMESTAMP}, #{nspoauu,jdbcType=CHAR}, 
      #{nspoaup,jdbcType=CHAR}, #{ispoco7,jdbcType=VARCHAR}, #{ispoco8,jdbcType=VARCHAR}
      )
  </insert>
  <insert id="insertSelective" parameterType="com.ibm.dk.alr.zscm.scrt.storing.mybatis.model.SCRSPO">
    insert into SCRSPO
    <trim prefix="(" suffix=")" suffixOverrides=",">
      <if test="sspospi != null">
        SSPOSPI,
      </if>
      <if test="isposeq != null">
        ISPOSEQ,
      </if>
      <if test="ispoco1 != null">
        ISPOCO1,
      </if>
      <if test="ispoco2 != null">
        ISPOCO2,
      </if>
      <if test="ispoco3 != null">
        ISPOCO3,
      </if>
      <if test="ispoco4 != null">
        ISPOCO4,
      </if>
      <if test="ispoco5 != null">
        ISPOCO5,
      </if>
      <if test="ispoco6 != null">
        ISPOCO6,
      </if>
      <if test="sspssid != null">
        SSPSSID,
      </if>
      <if test="sosuuid != null">
        SOSUUID,
      </if>
      <if test="dspoaut != null">
        DSPOAUT,
      </if>
      <if test="nspoauu != null">
        NSPOAUU,
      </if>
      <if test="nspoaup != null">
        NSPOAUP,
      </if>
      <if test="ispoco7 != null">
        ISPOCO7,
      </if>
      <if test="ispoco8 != null">
        ISPOCO8,
      </if>
    </trim>
    <trim prefix="values (" suffix=")" suffixOverrides=",">
      <if test="sspospi != null">
        #{sspospi,jdbcType=INTEGER},
      </if>
      <if test="isposeq != null">
        #{isposeq,jdbcType=INTEGER},
      </if>
      <if test="ispoco1 != null">
        #{ispoco1,jdbcType=VARCHAR},
      </if>
      <if test="ispoco2 != null">
        #{ispoco2,jdbcType=VARCHAR},
      </if>
      <if test="ispoco3 != null">
        #{ispoco3,jdbcType=VARCHAR},
      </if>
      <if test="ispoco4 != null">
        #{ispoco4,jdbcType=VARCHAR},
      </if>
      <if test="ispoco5 != null">
        #{ispoco5,jdbcType=VARCHAR},
      </if>
      <if test="ispoco6 != null">
        #{ispoco6,jdbcType=VARCHAR},
      </if>
      <if test="sspssid != null">
        #{sspssid,jdbcType=INTEGER},
      </if>
      <if test="sosuuid != null">
        #{sosuuid,jdbcType=INTEGER},
      </if>
      <if test="dspoaut != null">
        #{dspoaut,jdbcType=TIMESTAMP},
      </if>
      <if test="nspoauu != null">
        #{nspoauu,jdbcType=CHAR},
      </if>
      <if test="nspoaup != null">
        #{nspoaup,jdbcType=CHAR},
      </if>
      <if test="ispoco7 != null">
        #{ispoco7,jdbcType=VARCHAR},
      </if>
      <if test="ispoco8 != null">
        #{ispoco8,jdbcType=VARCHAR},
      </if>
    </trim>
  </insert>
  <update id="updateByPrimaryKeySelective" parameterType="com.ibm.dk.alr.zscm.scrt.storing.mybatis.model.SCRSPO">
    update SCRSPO
    <set>
      <if test="isposeq != null">
        ISPOSEQ = #{isposeq,jdbcType=INTEGER},
      </if>
      <if test="ispoco1 != null">
        ISPOCO1 = #{ispoco1,jdbcType=VARCHAR},
      </if>
      <if test="ispoco2 != null">
        ISPOCO2 = #{ispoco2,jdbcType=VARCHAR},
      </if>
      <if test="ispoco3 != null">
        ISPOCO3 = #{ispoco3,jdbcType=VARCHAR},
      </if>
      <if test="ispoco4 != null">
        ISPOCO4 = #{ispoco4,jdbcType=VARCHAR},
      </if>
      <if test="ispoco5 != null">
        ISPOCO5 = #{ispoco5,jdbcType=VARCHAR},
      </if>
      <if test="ispoco6 != null">
        ISPOCO6 = #{ispoco6,jdbcType=VARCHAR},
      </if>
      <if test="sspssid != null">
        SSPSSID = #{sspssid,jdbcType=INTEGER},
      </if>
      <if test="sosuuid != null">
        SOSUUID = #{sosuuid,jdbcType=INTEGER},
      </if>
      <if test="dspoaut != null">
        DSPOAUT = #{dspoaut,jdbcType=TIMESTAMP},
      </if>
      <if test="nspoauu != null">
        NSPOAUU = #{nspoauu,jdbcType=CHAR},
      </if>
      <if test="nspoaup != null">
        NSPOAUP = #{nspoaup,jdbcType=CHAR},
      </if>
      <if test="ispoco7 != null">
        ISPOCO7 = #{ispoco7,jdbcType=VARCHAR},
      </if>
      <if test="ispoco8 != null">
        ISPOCO8 = #{ispoco8,jdbcType=VARCHAR},
      </if>
    </set>
    where SSPOSPI = #{sspospi,jdbcType=INTEGER}
  </update>
  <update id="updateByPrimaryKey" parameterType="com.ibm.dk.alr.zscm.scrt.storing.mybatis.model.SCRSPO">
    update SCRSPO
    set ISPOSEQ = #{isposeq,jdbcType=INTEGER},
      ISPOCO1 = #{ispoco1,jdbcType=VARCHAR},
      ISPOCO2 = #{ispoco2,jdbcType=VARCHAR},
      ISPOCO3 = #{ispoco3,jdbcType=VARCHAR},
      ISPOCO4 = #{ispoco4,jdbcType=VARCHAR},
      ISPOCO5 = #{ispoco5,jdbcType=VARCHAR},
      ISPOCO6 = #{ispoco6,jdbcType=VARCHAR},
      SSPSSID = #{sspssid,jdbcType=INTEGER},
      SOSUUID = #{sosuuid,jdbcType=INTEGER},
      DSPOAUT = #{dspoaut,jdbcType=TIMESTAMP},
      NSPOAUU = #{nspoauu,jdbcType=CHAR},
      NSPOAUP = #{nspoaup,jdbcType=CHAR},
      ISPOCO7 = #{ispoco7,jdbcType=VARCHAR},
      ISPOCO8 = #{ispoco8,jdbcType=VARCHAR}
    where SSPOSPI = #{sspospi,jdbcType=INTEGER}
  </update>
  <resultMap id="BaseResultMap" type="com.ibm.dk.alr.zscm.scrt.storing.mybatis.model.SCRSPO">
    <id column="SSPOSPI" jdbcType="INTEGER" property="sspospi" />
    <result column="ISPOSEQ" jdbcType="INTEGER" property="isposeq" />
    <result column="ISPOCO1" jdbcType="VARCHAR" property="ispoco1" />
    <result column="ISPOCO2" jdbcType="VARCHAR" property="ispoco2" />
    <result column="ISPOCO3" jdbcType="VARCHAR" property="ispoco3" />
    <result column="ISPOCO4" jdbcType="VARCHAR" property="ispoco4" />
    <result column="ISPOCO5" jdbcType="VARCHAR" property="ispoco5" />
    <result column="ISPOCO6" jdbcType="VARCHAR" property="ispoco6" />
    <result column="SSPSSID" jdbcType="INTEGER" property="sspssid" />
    <result column="SOSUUID" jdbcType="INTEGER" property="sosuuid" />
    <result column="DSPOAUT" jdbcType="TIMESTAMP" property="dspoaut" />
    <result column="NSPOAUU" jdbcType="CHAR" property="nspoauu" />
    <result column="NSPOAUP" jdbcType="CHAR" property="nspoaup" />
    <result column="ISPOCO7" jdbcType="VARCHAR" property="ispoco7" />
    <result column="ISPOCO8" jdbcType="VARCHAR" property="ispoco8" />
  </resultMap>
  <sql id="Base_Column_List">
    SSPOSPI, ISPOSEQ, ISPOCO1, ISPOCO2, ISPOCO3, ISPOCO4, ISPOCO5, ISPOCO6, SSPSSID, 
    SOSUUID, DSPOAUT, NSPOAUU, NSPOAUP, ISPOCO7, ISPOCO8
  </sql>
  <select id="selectByPrimaryKey" parameterType="java.lang.Integer" resultMap="BaseResultMap">
    select 
    <include refid="Base_Column_List" />
    from SCRSPO
    where SSPOSPI = #{sspospi,jdbcType=INTEGER}
  </select>
  <delete id="deleteByPrimaryKey" parameterType="java.lang.Integer">
    delete from SCRSPO
    where SSPOSPI = #{sspospi,jdbcType=INTEGER}
  </delete>
  <insert id="insert" parameterType="com.ibm.dk.alr.zscm.scrt.storing.mybatis.model.SCRSPO">
    insert into SCRSPO (SSPOSPI, ISPOSEQ, ISPOCO1, 
      ISPOCO2, ISPOCO3, ISPOCO4, 
      ISPOCO5, ISPOCO6, SSPSSID, 
      SOSUUID, DSPOAUT, NSPOAUU, 
      NSPOAUP, ISPOCO7, ISPOCO8
      )
    values (#{sspospi,jdbcType=INTEGER}, #{isposeq,jdbcType=INTEGER}, #{ispoco1,jdbcType=VARCHAR}, 
      #{ispoco2,jdbcType=VARCHAR}, #{ispoco3,jdbcType=VARCHAR}, #{ispoco4,jdbcType=VARCHAR}, 
      #{ispoco5,jdbcType=VARCHAR}, #{ispoco6,jdbcType=VARCHAR}, #{sspssid,jdbcType=INTEGER}, 
      #{sosuuid,jdbcType=INTEGER}, #{dspoaut,jdbcType=TIMESTAMP}, #{nspoauu,jdbcType=CHAR}, 
      #{nspoaup,jdbcType=CHAR}, #{ispoco7,jdbcType=VARCHAR}, #{ispoco8,jdbcType=VARCHAR}
      )
  </insert>
  <insert id="insertSelective" parameterType="com.ibm.dk.alr.zscm.scrt.storing.mybatis.model.SCRSPO">
    insert into SCRSPO
    <trim prefix="(" suffix=")" suffixOverrides=",">
      <if test="sspospi != null">
        SSPOSPI,
      </if>
      <if test="isposeq != null">
        ISPOSEQ,
      </if>
      <if test="ispoco1 != null">
        ISPOCO1,
      </if>
      <if test="ispoco2 != null">
        ISPOCO2,
      </if>
      <if test="ispoco3 != null">
        ISPOCO3,
      </if>
      <if test="ispoco4 != null">
        ISPOCO4,
      </if>
      <if test="ispoco5 != null">
        ISPOCO5,
      </if>
      <if test="ispoco6 != null">
        ISPOCO6,
      </if>
      <if test="sspssid != null">
        SSPSSID,
      </if>
      <if test="sosuuid != null">
        SOSUUID,
      </if>
      <if test="dspoaut != null">
        DSPOAUT,
      </if>
      <if test="nspoauu != null">
        NSPOAUU,
      </if>
      <if test="nspoaup != null">
        NSPOAUP,
      </if>
      <if test="ispoco7 != null">
        ISPOCO7,
      </if>
      <if test="ispoco8 != null">
        ISPOCO8,
      </if>
    </trim>
    <trim prefix="values (" suffix=")" suffixOverrides=",">
      <if test="sspospi != null">
        #{sspospi,jdbcType=INTEGER},
      </if>
      <if test="isposeq != null">
        #{isposeq,jdbcType=INTEGER},
      </if>
      <if test="ispoco1 != null">
        #{ispoco1,jdbcType=VARCHAR},
      </if>
      <if test="ispoco2 != null">
        #{ispoco2,jdbcType=VARCHAR},
      </if>
      <if test="ispoco3 != null">
        #{ispoco3,jdbcType=VARCHAR},
      </if>
      <if test="ispoco4 != null">
        #{ispoco4,jdbcType=VARCHAR},
      </if>
      <if test="ispoco5 != null">
        #{ispoco5,jdbcType=VARCHAR},
      </if>
      <if test="ispoco6 != null">
        #{ispoco6,jdbcType=VARCHAR},
      </if>
      <if test="sspssid != null">
        #{sspssid,jdbcType=INTEGER},
      </if>
      <if test="sosuuid != null">
        #{sosuuid,jdbcType=INTEGER},
      </if>
      <if test="dspoaut != null">
        #{dspoaut,jdbcType=TIMESTAMP},
      </if>
      <if test="nspoauu != null">
        #{nspoauu,jdbcType=CHAR},
      </if>
      <if test="nspoaup != null">
        #{nspoaup,jdbcType=CHAR},
      </if>
      <if test="ispoco7 != null">
        #{ispoco7,jdbcType=VARCHAR},
      </if>
      <if test="ispoco8 != null">
        #{ispoco8,jdbcType=VARCHAR},
      </if>
    </trim>
  </insert>
  <update id="updateByPrimaryKeySelective" parameterType="com.ibm.dk.alr.zscm.scrt.storing.mybatis.model.SCRSPO">
    update SCRSPO
    <set>
      <if test="isposeq != null">
        ISPOSEQ = #{isposeq,jdbcType=INTEGER},
      </if>
      <if test="ispoco1 != null">
        ISPOCO1 = #{ispoco1,jdbcType=VARCHAR},
      </if>
      <if test="ispoco2 != null">
        ISPOCO2 = #{ispoco2,jdbcType=VARCHAR},
      </if>
      <if test="ispoco3 != null">
        ISPOCO3 = #{ispoco3,jdbcType=VARCHAR},
      </if>
      <if test="ispoco4 != null">
        ISPOCO4 = #{ispoco4,jdbcType=VARCHAR},
      </if>
      <if test="ispoco5 != null">
        ISPOCO5 = #{ispoco5,jdbcType=VARCHAR},
      </if>
      <if test="ispoco6 != null">
        ISPOCO6 = #{ispoco6,jdbcType=VARCHAR},
      </if>
      <if test="sspssid != null">
        SSPSSID = #{sspssid,jdbcType=INTEGER},
      </if>
      <if test="sosuuid != null">
        SOSUUID = #{sosuuid,jdbcType=INTEGER},
      </if>
      <if test="dspoaut != null">
        DSPOAUT = #{dspoaut,jdbcType=TIMESTAMP},
      </if>
      <if test="nspoauu != null">
        NSPOAUU = #{nspoauu,jdbcType=CHAR},
      </if>
      <if test="nspoaup != null">
        NSPOAUP = #{nspoaup,jdbcType=CHAR},
      </if>
      <if test="ispoco7 != null">
        ISPOCO7 = #{ispoco7,jdbcType=VARCHAR},
      </if>
      <if test="ispoco8 != null">
        ISPOCO8 = #{ispoco8,jdbcType=VARCHAR},
      </if>
    </set>
    where SSPOSPI = #{sspospi,jdbcType=INTEGER}
  </update>
  <update id="updateByPrimaryKey" parameterType="com.ibm.dk.alr.zscm.scrt.storing.mybatis.model.SCRSPO">
    update SCRSPO
    set ISPOSEQ = #{isposeq,jdbcType=INTEGER},
      ISPOCO1 = #{ispoco1,jdbcType=VARCHAR},
      ISPOCO2 = #{ispoco2,jdbcType=VARCHAR},
      ISPOCO3 = #{ispoco3,jdbcType=VARCHAR},
      ISPOCO4 = #{ispoco4,jdbcType=VARCHAR},
      ISPOCO5 = #{ispoco5,jdbcType=VARCHAR},
      ISPOCO6 = #{ispoco6,jdbcType=VARCHAR},
      SSPSSID = #{sspssid,jdbcType=INTEGER},
      SOSUUID = #{sosuuid,jdbcType=INTEGER},
      DSPOAUT = #{dspoaut,jdbcType=TIMESTAMP},
      NSPOAUU = #{nspoauu,jdbcType=CHAR},
      NSPOAUP = #{nspoaup,jdbcType=CHAR},
      ISPOCO7 = #{ispoco7,jdbcType=VARCHAR},
      ISPOCO8 = #{ispoco8,jdbcType=VARCHAR}
    where SSPOSPI = #{sspospi,jdbcType=INTEGER}
  </update>
</mapper>