<?xml version="1.0" encoding="UTF-8"?>
<!DOCTYPE mapper PUBLIC "-//mybatis.org//DTD Mapper 3.0//EN" "http://mybatis.org/dtd/mybatis-3-mapper.dtd">
<mapper namespace="com.ibm.dk.alr.zscm.scrt.storing.mybatis.data.SCRSPUMapper">
  <resultMap id="BaseResultMap" type="com.ibm.dk.alr.zscm.scrt.storing.mybatis.model.SCRSPU">
    <id column="SSPUSPI" jdbcType="INTEGER" property="sspuspi" />
    <result column="ISPUSEQ" jdbcType="INTEGER" property="ispuseq" />
    <result column="ISPUCO1" jdbcType="VARCHAR" property="ispuco1" />
    <result column="ISPUCO2" jdbcType="VARCHAR" property="ispuco2" />
    <result column="ISPUCO3" jdbcType="VARCHAR" property="ispuco3" />
    <result column="ISPUCO4" jdbcType="VARCHAR" property="ispuco4" />
    <result column="ISPUCO5" jdbcType="VARCHAR" property="ispuco5" />
    <result column="ISPUCO6" jdbcType="VARCHAR" property="ispuco6" />
    <result column="ISUBRID" jdbcType="CHAR" property="isubrid" />
    <result column="SSPSSID" jdbcType="INTEGER" property="sspssid" />
    <result column="DSPUAUT" jdbcType="TIMESTAMP" property="dspuaut" />
    <result column="NSPUAUU" jdbcType="CHAR" property="nspuauu" />
    <result column="NSPUAUP" jdbcType="CHAR" property="nspuaup" />
    <result column="ISPUCO7" jdbcType="VARCHAR" property="ispuco7" />
    <result column="ISPUCO8" jdbcType="VARCHAR" property="ispuco8" />
    <result column="ISUBREP" jdbcType="INTEGER" property="isubrep" />
  </resultMap>
  <sql id="Base_Column_List">
    SSPUSPI, ISPUSEQ, ISPUCO1, ISPUCO2, ISPUCO3, ISPUCO4, ISPUCO5, ISPUCO6, ISUBRID, 
    SSPSSID, DSPUAUT, NSPUAUU, NSPUAUP, ISPUCO7, ISPUCO8, ISUBREP
  </sql>
  <select id="selectByPrimaryKey" parameterType="java.lang.Integer" resultMap="BaseResultMap">
    select 
    <include refid="Base_Column_List" />
    from SCRSPU
    where SSPUSPI = #{sspuspi,jdbcType=INTEGER}
  </select>
  <delete id="deleteByPrimaryKey" parameterType="java.lang.Integer">
    delete from SCRSPU
    where SSPUSPI = #{sspuspi,jdbcType=INTEGER}
  </delete>
  <insert id="insert" parameterType="com.ibm.dk.alr.zscm.scrt.storing.mybatis.model.SCRSPU">
    insert into SCRSPU (SSPUSPI, ISPUSEQ, ISPUCO1, 
      ISPUCO2, ISPUCO3, ISPUCO4, 
      ISPUCO5, ISPUCO6, ISUBRID, 
      SSPSSID, DSPUAUT, NSPUAUU, 
      NSPUAUP, ISPUCO7, ISPUCO8, 
      ISUBREP)
    values (#{sspuspi,jdbcType=INTEGER}, #{ispuseq,jdbcType=INTEGER}, #{ispuco1,jdbcType=VARCHAR}, 
      #{ispuco2,jdbcType=VARCHAR}, #{ispuco3,jdbcType=VARCHAR}, #{ispuco4,jdbcType=VARCHAR}, 
      #{ispuco5,jdbcType=VARCHAR}, #{ispuco6,jdbcType=VARCHAR}, #{isubrid,jdbcType=CHAR}, 
      #{sspssid,jdbcType=INTEGER}, #{dspuaut,jdbcType=TIMESTAMP}, #{nspuauu,jdbcType=CHAR}, 
      #{nspuaup,jdbcType=CHAR}, #{ispuco7,jdbcType=VARCHAR}, #{ispuco8,jdbcType=VARCHAR}, 
      #{isubrep,jdbcType=INTEGER})
  </insert>
  <insert id="insertSelective" parameterType="com.ibm.dk.alr.zscm.scrt.storing.mybatis.model.SCRSPU">
    insert into SCRSPU
    <trim prefix="(" suffix=")" suffixOverrides=",">
      <if test="sspuspi != null">
        SSPUSPI,
      </if>
      <if test="ispuseq != null">
        ISPUSEQ,
      </if>
      <if test="ispuco1 != null">
        ISPUCO1,
      </if>
      <if test="ispuco2 != null">
        ISPUCO2,
      </if>
      <if test="ispuco3 != null">
        ISPUCO3,
      </if>
      <if test="ispuco4 != null">
        ISPUCO4,
      </if>
      <if test="ispuco5 != null">
        ISPUCO5,
      </if>
      <if test="ispuco6 != null">
        ISPUCO6,
      </if>
      <if test="isubrid != null">
        ISUBRID,
      </if>
      <if test="sspssid != null">
        SSPSSID,
      </if>
      <if test="dspuaut != null">
        DSPUAUT,
      </if>
      <if test="nspuauu != null">
        NSPUAUU,
      </if>
      <if test="nspuaup != null">
        NSPUAUP,
      </if>
      <if test="ispuco7 != null">
        ISPUCO7,
      </if>
      <if test="ispuco8 != null">
        ISPUCO8,
      </if>
      <if test="isubrep != null">
        ISUBREP,
      </if>
    </trim>
    <trim prefix="values (" suffix=")" suffixOverrides=",">
      <if test="sspuspi != null">
        #{sspuspi,jdbcType=INTEGER},
      </if>
      <if test="ispuseq != null">
        #{ispuseq,jdbcType=INTEGER},
      </if>
      <if test="ispuco1 != null">
        #{ispuco1,jdbcType=VARCHAR},
      </if>
      <if test="ispuco2 != null">
        #{ispuco2,jdbcType=VARCHAR},
      </if>
      <if test="ispuco3 != null">
        #{ispuco3,jdbcType=VARCHAR},
      </if>
      <if test="ispuco4 != null">
        #{ispuco4,jdbcType=VARCHAR},
      </if>
      <if test="ispuco5 != null">
        #{ispuco5,jdbcType=VARCHAR},
      </if>
      <if test="ispuco6 != null">
        #{ispuco6,jdbcType=VARCHAR},
      </if>
      <if test="isubrid != null">
        #{isubrid,jdbcType=CHAR},
      </if>
      <if test="sspssid != null">
        #{sspssid,jdbcType=INTEGER},
      </if>
      <if test="dspuaut != null">
        #{dspuaut,jdbcType=TIMESTAMP},
      </if>
      <if test="nspuauu != null">
        #{nspuauu,jdbcType=CHAR},
      </if>
      <if test="nspuaup != null">
        #{nspuaup,jdbcType=CHAR},
      </if>
      <if test="ispuco7 != null">
        #{ispuco7,jdbcType=VARCHAR},
      </if>
      <if test="ispuco8 != null">
        #{ispuco8,jdbcType=VARCHAR},
      </if>
      <if test="isubrep != null">
        #{isubrep,jdbcType=INTEGER},
      </if>
    </trim>
  </insert>
  <update id="updateByPrimaryKeySelective" parameterType="com.ibm.dk.alr.zscm.scrt.storing.mybatis.model.SCRSPU">
    update SCRSPU
    <set>
      <if test="ispuseq != null">
        ISPUSEQ = #{ispuseq,jdbcType=INTEGER},
      </if>
      <if test="ispuco1 != null">
        ISPUCO1 = #{ispuco1,jdbcType=VARCHAR},
      </if>
      <if test="ispuco2 != null">
        ISPUCO2 = #{ispuco2,jdbcType=VARCHAR},
      </if>
      <if test="ispuco3 != null">
        ISPUCO3 = #{ispuco3,jdbcType=VARCHAR},
      </if>
      <if test="ispuco4 != null">
        ISPUCO4 = #{ispuco4,jdbcType=VARCHAR},
      </if>
      <if test="ispuco5 != null">
        ISPUCO5 = #{ispuco5,jdbcType=VARCHAR},
      </if>
      <if test="ispuco6 != null">
        ISPUCO6 = #{ispuco6,jdbcType=VARCHAR},
      </if>
      <if test="isubrid != null">
        ISUBRID = #{isubrid,jdbcType=CHAR},
      </if>
      <if test="sspssid != null">
        SSPSSID = #{sspssid,jdbcType=INTEGER},
      </if>
      <if test="dspuaut != null">
        DSPUAUT = #{dspuaut,jdbcType=TIMESTAMP},
      </if>
      <if test="nspuauu != null">
        NSPUAUU = #{nspuauu,jdbcType=CHAR},
      </if>
      <if test="nspuaup != null">
        NSPUAUP = #{nspuaup,jdbcType=CHAR},
      </if>
      <if test="ispuco7 != null">
        ISPUCO7 = #{ispuco7,jdbcType=VARCHAR},
      </if>
      <if test="ispuco8 != null">
        ISPUCO8 = #{ispuco8,jdbcType=VARCHAR},
      </if>
      <if test="isubrep != null">
        ISUBREP = #{isubrep,jdbcType=INTEGER},
      </if>
    </set>
    where SSPUSPI = #{sspuspi,jdbcType=INTEGER}
  </update>
  <update id="updateByPrimaryKey" parameterType="com.ibm.dk.alr.zscm.scrt.storing.mybatis.model.SCRSPU">
    update SCRSPU
    set ISPUSEQ = #{ispuseq,jdbcType=INTEGER},
      ISPUCO1 = #{ispuco1,jdbcType=VARCHAR},
      ISPUCO2 = #{ispuco2,jdbcType=VARCHAR},
      ISPUCO3 = #{ispuco3,jdbcType=VARCHAR},
      ISPUCO4 = #{ispuco4,jdbcType=VARCHAR},
      ISPUCO5 = #{ispuco5,jdbcType=VARCHAR},
      ISPUCO6 = #{ispuco6,jdbcType=VARCHAR},
      ISUBRID = #{isubrid,jdbcType=CHAR},
      SSPSSID = #{sspssid,jdbcType=INTEGER},
      DSPUAUT = #{dspuaut,jdbcType=TIMESTAMP},
      NSPUAUU = #{nspuauu,jdbcType=CHAR},
      NSPUAUP = #{nspuaup,jdbcType=CHAR},
      ISPUCO7 = #{ispuco7,jdbcType=VARCHAR},
      ISPUCO8 = #{ispuco8,jdbcType=VARCHAR},
      ISUBREP = #{isubrep,jdbcType=INTEGER}
    where SSPUSPI = #{sspuspi,jdbcType=INTEGER}
  </update>
  <resultMap id="BaseResultMap" type="com.ibm.dk.alr.zscm.scrt.storing.mybatis.model.SCRSPU">
    <id column="SSPUSPI" jdbcType="INTEGER" property="sspuspi" />
    <result column="ISPUSEQ" jdbcType="INTEGER" property="ispuseq" />
    <result column="ISPUCO1" jdbcType="VARCHAR" property="ispuco1" />
    <result column="ISPUCO2" jdbcType="VARCHAR" property="ispuco2" />
    <result column="ISPUCO3" jdbcType="VARCHAR" property="ispuco3" />
    <result column="ISPUCO4" jdbcType="VARCHAR" property="ispuco4" />
    <result column="ISPUCO5" jdbcType="VARCHAR" property="ispuco5" />
    <result column="ISPUCO6" jdbcType="VARCHAR" property="ispuco6" />
    <result column="ISUBRID" jdbcType="CHAR" property="isubrid" />
    <result column="SSPSSID" jdbcType="INTEGER" property="sspssid" />
    <result column="DSPUAUT" jdbcType="TIMESTAMP" property="dspuaut" />
    <result column="NSPUAUU" jdbcType="CHAR" property="nspuauu" />
    <result column="NSPUAUP" jdbcType="CHAR" property="nspuaup" />
    <result column="ISPUCO7" jdbcType="VARCHAR" property="ispuco7" />
    <result column="ISPUCO8" jdbcType="VARCHAR" property="ispuco8" />
    <result column="ISUBREP" jdbcType="INTEGER" property="isubrep" />
  </resultMap>
  <sql id="Base_Column_List">
    SSPUSPI, ISPUSEQ, ISPUCO1, ISPUCO2, ISPUCO3, ISPUCO4, ISPUCO5, ISPUCO6, ISUBRID, 
    SSPSSID, DSPUAUT, NSPUAUU, NSPUAUP, ISPUCO7, ISPUCO8, ISUBREP
  </sql>
  <select id="selectByPrimaryKey" parameterType="java.lang.Integer" resultMap="BaseResultMap">
    select 
    <include refid="Base_Column_List" />
    from SCRSPU
    where SSPUSPI = #{sspuspi,jdbcType=INTEGER}
  </select>
  <delete id="deleteByPrimaryKey" parameterType="java.lang.Integer">
    delete from SCRSPU
    where SSPUSPI = #{sspuspi,jdbcType=INTEGER}
  </delete>
  <insert id="insert" parameterType="com.ibm.dk.alr.zscm.scrt.storing.mybatis.model.SCRSPU">
    insert into SCRSPU (SSPUSPI, ISPUSEQ, ISPUCO1, 
      ISPUCO2, ISPUCO3, ISPUCO4, 
      ISPUCO5, ISPUCO6, ISUBRID, 
      SSPSSID, DSPUAUT, NSPUAUU, 
      NSPUAUP, ISPUCO7, ISPUCO8, 
      ISUBREP)
    values (#{sspuspi,jdbcType=INTEGER}, #{ispuseq,jdbcType=INTEGER}, #{ispuco1,jdbcType=VARCHAR}, 
      #{ispuco2,jdbcType=VARCHAR}, #{ispuco3,jdbcType=VARCHAR}, #{ispuco4,jdbcType=VARCHAR}, 
      #{ispuco5,jdbcType=VARCHAR}, #{ispuco6,jdbcType=VARCHAR}, #{isubrid,jdbcType=CHAR}, 
      #{sspssid,jdbcType=INTEGER}, #{dspuaut,jdbcType=TIMESTAMP}, #{nspuauu,jdbcType=CHAR}, 
      #{nspuaup,jdbcType=CHAR}, #{ispuco7,jdbcType=VARCHAR}, #{ispuco8,jdbcType=VARCHAR}, 
      #{isubrep,jdbcType=INTEGER})
  </insert>
  <insert id="insertSelective" parameterType="com.ibm.dk.alr.zscm.scrt.storing.mybatis.model.SCRSPU">
    insert into SCRSPU
    <trim prefix="(" suffix=")" suffixOverrides=",">
      <if test="sspuspi != null">
        SSPUSPI,
      </if>
      <if test="ispuseq != null">
        ISPUSEQ,
      </if>
      <if test="ispuco1 != null">
        ISPUCO1,
      </if>
      <if test="ispuco2 != null">
        ISPUCO2,
      </if>
      <if test="ispuco3 != null">
        ISPUCO3,
      </if>
      <if test="ispuco4 != null">
        ISPUCO4,
      </if>
      <if test="ispuco5 != null">
        ISPUCO5,
      </if>
      <if test="ispuco6 != null">
        ISPUCO6,
      </if>
      <if test="isubrid != null">
        ISUBRID,
      </if>
      <if test="sspssid != null">
        SSPSSID,
      </if>
      <if test="dspuaut != null">
        DSPUAUT,
      </if>
      <if test="nspuauu != null">
        NSPUAUU,
      </if>
      <if test="nspuaup != null">
        NSPUAUP,
      </if>
      <if test="ispuco7 != null">
        ISPUCO7,
      </if>
      <if test="ispuco8 != null">
        ISPUCO8,
      </if>
      <if test="isubrep != null">
        ISUBREP,
      </if>
    </trim>
    <trim prefix="values (" suffix=")" suffixOverrides=",">
      <if test="sspuspi != null">
        #{sspuspi,jdbcType=INTEGER},
      </if>
      <if test="ispuseq != null">
        #{ispuseq,jdbcType=INTEGER},
      </if>
      <if test="ispuco1 != null">
        #{ispuco1,jdbcType=VARCHAR},
      </if>
      <if test="ispuco2 != null">
        #{ispuco2,jdbcType=VARCHAR},
      </if>
      <if test="ispuco3 != null">
        #{ispuco3,jdbcType=VARCHAR},
      </if>
      <if test="ispuco4 != null">
        #{ispuco4,jdbcType=VARCHAR},
      </if>
      <if test="ispuco5 != null">
        #{ispuco5,jdbcType=VARCHAR},
      </if>
      <if test="ispuco6 != null">
        #{ispuco6,jdbcType=VARCHAR},
      </if>
      <if test="isubrid != null">
        #{isubrid,jdbcType=CHAR},
      </if>
      <if test="sspssid != null">
        #{sspssid,jdbcType=INTEGER},
      </if>
      <if test="dspuaut != null">
        #{dspuaut,jdbcType=TIMESTAMP},
      </if>
      <if test="nspuauu != null">
        #{nspuauu,jdbcType=CHAR},
      </if>
      <if test="nspuaup != null">
        #{nspuaup,jdbcType=CHAR},
      </if>
      <if test="ispuco7 != null">
        #{ispuco7,jdbcType=VARCHAR},
      </if>
      <if test="ispuco8 != null">
        #{ispuco8,jdbcType=VARCHAR},
      </if>
      <if test="isubrep != null">
        #{isubrep,jdbcType=INTEGER},
      </if>
    </trim>
  </insert>
  <update id="updateByPrimaryKeySelective" parameterType="com.ibm.dk.alr.zscm.scrt.storing.mybatis.model.SCRSPU">
    update SCRSPU
    <set>
      <if test="ispuseq != null">
        ISPUSEQ = #{ispuseq,jdbcType=INTEGER},
      </if>
      <if test="ispuco1 != null">
        ISPUCO1 = #{ispuco1,jdbcType=VARCHAR},
      </if>
      <if test="ispuco2 != null">
        ISPUCO2 = #{ispuco2,jdbcType=VARCHAR},
      </if>
      <if test="ispuco3 != null">
        ISPUCO3 = #{ispuco3,jdbcType=VARCHAR},
      </if>
      <if test="ispuco4 != null">
        ISPUCO4 = #{ispuco4,jdbcType=VARCHAR},
      </if>
      <if test="ispuco5 != null">
        ISPUCO5 = #{ispuco5,jdbcType=VARCHAR},
      </if>
      <if test="ispuco6 != null">
        ISPUCO6 = #{ispuco6,jdbcType=VARCHAR},
      </if>
      <if test="isubrid != null">
        ISUBRID = #{isubrid,jdbcType=CHAR},
      </if>
      <if test="sspssid != null">
        SSPSSID = #{sspssid,jdbcType=INTEGER},
      </if>
      <if test="dspuaut != null">
        DSPUAUT = #{dspuaut,jdbcType=TIMESTAMP},
      </if>
      <if test="nspuauu != null">
        NSPUAUU = #{nspuauu,jdbcType=CHAR},
      </if>
      <if test="nspuaup != null">
        NSPUAUP = #{nspuaup,jdbcType=CHAR},
      </if>
      <if test="ispuco7 != null">
        ISPUCO7 = #{ispuco7,jdbcType=VARCHAR},
      </if>
      <if test="ispuco8 != null">
        ISPUCO8 = #{ispuco8,jdbcType=VARCHAR},
      </if>
      <if test="isubrep != null">
        ISUBREP = #{isubrep,jdbcType=INTEGER},
      </if>
    </set>
    where SSPUSPI = #{sspuspi,jdbcType=INTEGER}
  </update>
  <update id="updateByPrimaryKey" parameterType="com.ibm.dk.alr.zscm.scrt.storing.mybatis.model.SCRSPU">
    update SCRSPU
    set ISPUSEQ = #{ispuseq,jdbcType=INTEGER},
      ISPUCO1 = #{ispuco1,jdbcType=VARCHAR},
      ISPUCO2 = #{ispuco2,jdbcType=VARCHAR},
      ISPUCO3 = #{ispuco3,jdbcType=VARCHAR},
      ISPUCO4 = #{ispuco4,jdbcType=VARCHAR},
      ISPUCO5 = #{ispuco5,jdbcType=VARCHAR},
      ISPUCO6 = #{ispuco6,jdbcType=VARCHAR},
      ISUBRID = #{isubrid,jdbcType=CHAR},
      SSPSSID = #{sspssid,jdbcType=INTEGER},
      DSPUAUT = #{dspuaut,jdbcType=TIMESTAMP},
      NSPUAUU = #{nspuauu,jdbcType=CHAR},
      NSPUAUP = #{nspuaup,jdbcType=CHAR},
      ISPUCO7 = #{ispuco7,jdbcType=VARCHAR},
      ISPUCO8 = #{ispuco8,jdbcType=VARCHAR},
      ISUBREP = #{isubrep,jdbcType=INTEGER}
    where SSPUSPI = #{sspuspi,jdbcType=INTEGER}
  </update>
  <resultMap id="BaseResultMap" type="com.ibm.dk.alr.zscm.scrt.storing.mybatis.model.SCRSPU">
    <id column="SSPUSPI" jdbcType="INTEGER" property="sspuspi" />
    <result column="ISPUSEQ" jdbcType="INTEGER" property="ispuseq" />
    <result column="ISPUCO1" jdbcType="VARCHAR" property="ispuco1" />
    <result column="ISPUCO2" jdbcType="VARCHAR" property="ispuco2" />
    <result column="ISPUCO3" jdbcType="VARCHAR" property="ispuco3" />
    <result column="ISPUCO4" jdbcType="VARCHAR" property="ispuco4" />
    <result column="ISPUCO5" jdbcType="VARCHAR" property="ispuco5" />
    <result column="ISPUCO6" jdbcType="VARCHAR" property="ispuco6" />
    <result column="ISUBRID" jdbcType="CHAR" property="isubrid" />
    <result column="SSPSSID" jdbcType="INTEGER" property="sspssid" />
    <result column="DSPUAUT" jdbcType="TIMESTAMP" property="dspuaut" />
    <result column="NSPUAUU" jdbcType="CHAR" property="nspuauu" />
    <result column="NSPUAUP" jdbcType="CHAR" property="nspuaup" />
    <result column="ISPUCO7" jdbcType="VARCHAR" property="ispuco7" />
    <result column="ISPUCO8" jdbcType="VARCHAR" property="ispuco8" />
    <result column="ISUBREP" jdbcType="INTEGER" property="isubrep" />
  </resultMap>
  <sql id="Base_Column_List">
    SSPUSPI, ISPUSEQ, ISPUCO1, ISPUCO2, ISPUCO3, ISPUCO4, ISPUCO5, ISPUCO6, ISUBRID, 
    SSPSSID, DSPUAUT, NSPUAUU, NSPUAUP, ISPUCO7, ISPUCO8, ISUBREP
  </sql>
  <select id="selectByPrimaryKey" parameterType="java.lang.Integer" resultMap="BaseResultMap">
    select 
    <include refid="Base_Column_List" />
    from SCRSPU
    where SSPUSPI = #{sspuspi,jdbcType=INTEGER}
  </select>
  <delete id="deleteByPrimaryKey" parameterType="java.lang.Integer">
    delete from SCRSPU
    where SSPUSPI = #{sspuspi,jdbcType=INTEGER}
  </delete>
  <insert id="insert" parameterType="com.ibm.dk.alr.zscm.scrt.storing.mybatis.model.SCRSPU">
    insert into SCRSPU (SSPUSPI, ISPUSEQ, ISPUCO1, 
      ISPUCO2, ISPUCO3, ISPUCO4, 
      ISPUCO5, ISPUCO6, ISUBRID, 
      SSPSSID, DSPUAUT, NSPUAUU, 
      NSPUAUP, ISPUCO7, ISPUCO8, 
      ISUBREP)
    values (#{sspuspi,jdbcType=INTEGER}, #{ispuseq,jdbcType=INTEGER}, #{ispuco1,jdbcType=VARCHAR}, 
      #{ispuco2,jdbcType=VARCHAR}, #{ispuco3,jdbcType=VARCHAR}, #{ispuco4,jdbcType=VARCHAR}, 
      #{ispuco5,jdbcType=VARCHAR}, #{ispuco6,jdbcType=VARCHAR}, #{isubrid,jdbcType=CHAR}, 
      #{sspssid,jdbcType=INTEGER}, #{dspuaut,jdbcType=TIMESTAMP}, #{nspuauu,jdbcType=CHAR}, 
      #{nspuaup,jdbcType=CHAR}, #{ispuco7,jdbcType=VARCHAR}, #{ispuco8,jdbcType=VARCHAR}, 
      #{isubrep,jdbcType=INTEGER})
  </insert>
  <insert id="insertSelective" parameterType="com.ibm.dk.alr.zscm.scrt.storing.mybatis.model.SCRSPU">
    insert into SCRSPU
    <trim prefix="(" suffix=")" suffixOverrides=",">
      <if test="sspuspi != null">
        SSPUSPI,
      </if>
      <if test="ispuseq != null">
        ISPUSEQ,
      </if>
      <if test="ispuco1 != null">
        ISPUCO1,
      </if>
      <if test="ispuco2 != null">
        ISPUCO2,
      </if>
      <if test="ispuco3 != null">
        ISPUCO3,
      </if>
      <if test="ispuco4 != null">
        ISPUCO4,
      </if>
      <if test="ispuco5 != null">
        ISPUCO5,
      </if>
      <if test="ispuco6 != null">
        ISPUCO6,
      </if>
      <if test="isubrid != null">
        ISUBRID,
      </if>
      <if test="sspssid != null">
        SSPSSID,
      </if>
      <if test="dspuaut != null">
        DSPUAUT,
      </if>
      <if test="nspuauu != null">
        NSPUAUU,
      </if>
      <if test="nspuaup != null">
        NSPUAUP,
      </if>
      <if test="ispuco7 != null">
        ISPUCO7,
      </if>
      <if test="ispuco8 != null">
        ISPUCO8,
      </if>
      <if test="isubrep != null">
        ISUBREP,
      </if>
    </trim>
    <trim prefix="values (" suffix=")" suffixOverrides=",">
      <if test="sspuspi != null">
        #{sspuspi,jdbcType=INTEGER},
      </if>
      <if test="ispuseq != null">
        #{ispuseq,jdbcType=INTEGER},
      </if>
      <if test="ispuco1 != null">
        #{ispuco1,jdbcType=VARCHAR},
      </if>
      <if test="ispuco2 != null">
        #{ispuco2,jdbcType=VARCHAR},
      </if>
      <if test="ispuco3 != null">
        #{ispuco3,jdbcType=VARCHAR},
      </if>
      <if test="ispuco4 != null">
        #{ispuco4,jdbcType=VARCHAR},
      </if>
      <if test="ispuco5 != null">
        #{ispuco5,jdbcType=VARCHAR},
      </if>
      <if test="ispuco6 != null">
        #{ispuco6,jdbcType=VARCHAR},
      </if>
      <if test="isubrid != null">
        #{isubrid,jdbcType=CHAR},
      </if>
      <if test="sspssid != null">
        #{sspssid,jdbcType=INTEGER},
      </if>
      <if test="dspuaut != null">
        #{dspuaut,jdbcType=TIMESTAMP},
      </if>
      <if test="nspuauu != null">
        #{nspuauu,jdbcType=CHAR},
      </if>
      <if test="nspuaup != null">
        #{nspuaup,jdbcType=CHAR},
      </if>
      <if test="ispuco7 != null">
        #{ispuco7,jdbcType=VARCHAR},
      </if>
      <if test="ispuco8 != null">
        #{ispuco8,jdbcType=VARCHAR},
      </if>
      <if test="isubrep != null">
        #{isubrep,jdbcType=INTEGER},
      </if>
    </trim>
  </insert>
  <update id="updateByPrimaryKeySelective" parameterType="com.ibm.dk.alr.zscm.scrt.storing.mybatis.model.SCRSPU">
    update SCRSPU
    <set>
      <if test="ispuseq != null">
        ISPUSEQ = #{ispuseq,jdbcType=INTEGER},
      </if>
      <if test="ispuco1 != null">
        ISPUCO1 = #{ispuco1,jdbcType=VARCHAR},
      </if>
      <if test="ispuco2 != null">
        ISPUCO2 = #{ispuco2,jdbcType=VARCHAR},
      </if>
      <if test="ispuco3 != null">
        ISPUCO3 = #{ispuco3,jdbcType=VARCHAR},
      </if>
      <if test="ispuco4 != null">
        ISPUCO4 = #{ispuco4,jdbcType=VARCHAR},
      </if>
      <if test="ispuco5 != null">
        ISPUCO5 = #{ispuco5,jdbcType=VARCHAR},
      </if>
      <if test="ispuco6 != null">
        ISPUCO6 = #{ispuco6,jdbcType=VARCHAR},
      </if>
      <if test="isubrid != null">
        ISUBRID = #{isubrid,jdbcType=CHAR},
      </if>
      <if test="sspssid != null">
        SSPSSID = #{sspssid,jdbcType=INTEGER},
      </if>
      <if test="dspuaut != null">
        DSPUAUT = #{dspuaut,jdbcType=TIMESTAMP},
      </if>
      <if test="nspuauu != null">
        NSPUAUU = #{nspuauu,jdbcType=CHAR},
      </if>
      <if test="nspuaup != null">
        NSPUAUP = #{nspuaup,jdbcType=CHAR},
      </if>
      <if test="ispuco7 != null">
        ISPUCO7 = #{ispuco7,jdbcType=VARCHAR},
      </if>
      <if test="ispuco8 != null">
        ISPUCO8 = #{ispuco8,jdbcType=VARCHAR},
      </if>
      <if test="isubrep != null">
        ISUBREP = #{isubrep,jdbcType=INTEGER},
      </if>
    </set>
    where SSPUSPI = #{sspuspi,jdbcType=INTEGER}
  </update>
  <update id="updateByPrimaryKey" parameterType="com.ibm.dk.alr.zscm.scrt.storing.mybatis.model.SCRSPU">
    update SCRSPU
    set ISPUSEQ = #{ispuseq,jdbcType=INTEGER},
      ISPUCO1 = #{ispuco1,jdbcType=VARCHAR},
      ISPUCO2 = #{ispuco2,jdbcType=VARCHAR},
      ISPUCO3 = #{ispuco3,jdbcType=VARCHAR},
      ISPUCO4 = #{ispuco4,jdbcType=VARCHAR},
      ISPUCO5 = #{ispuco5,jdbcType=VARCHAR},
      ISPUCO6 = #{ispuco6,jdbcType=VARCHAR},
      ISUBRID = #{isubrid,jdbcType=CHAR},
      SSPSSID = #{sspssid,jdbcType=INTEGER},
      DSPUAUT = #{dspuaut,jdbcType=TIMESTAMP},
      NSPUAUU = #{nspuauu,jdbcType=CHAR},
      NSPUAUP = #{nspuaup,jdbcType=CHAR},
      ISPUCO7 = #{ispuco7,jdbcType=VARCHAR},
      ISPUCO8 = #{ispuco8,jdbcType=VARCHAR},
      ISUBREP = #{isubrep,jdbcType=INTEGER}
    where SSPUSPI = #{sspuspi,jdbcType=INTEGER}
  </update>
</mapper>