<?xml version="1.0" encoding="UTF-8"?>
<!DOCTYPE mapper PUBLIC "-//mybatis.org//DTD Mapper 3.0//EN" "http://mybatis.org/dtd/mybatis-3-mapper.dtd">
<mapper namespace="com.ibm.dk.alr.zscm.scrt.storing.mybatis.data.SCRSPCMapper">
  <resultMap id="BaseResultMap" type="com.ibm.dk.alr.zscm.scrt.storing.mybatis.model.SCRSPC">
    <id column="ISUBRID" jdbcType="CHAR" property="isubrid" />
    <id column="ISUBREP" jdbcType="INTEGER" property="isubrep" />
    <result column="DSUBSTS" jdbcType="TIMESTAMP" property="dsubsts" />
    <result column="CSPCCAP" jdbcType="CHAR" property="cspccap" />
    <result column="CSPCVAL" jdbcType="CHAR" property="cspcval" />
    <result column="FSUBSTE" jdbcType="CHAR" property="fsubste" />
    <result column="CSPCCAF" jdbcType="CHAR" property="cspccaf" />
    <result column="CSPCREA" jdbcType="CHAR" property="cspcrea" />
    <result column="DPERPER" jdbcType="CHAR" property="dperper" />
    <result column="DSPCAUT" jdbcType="TIMESTAMP" property="dspcaut" />
    <result column="SSPCAUU" jdbcType="CHAR" property="sspcauu" />
    <result column="SSPCAUP" jdbcType="CHAR" property="sspcaup" />
    <result column="ISPCMCH" jdbcType="CHAR" property="ispcmch" />
    <result column="FSPCSNS" jdbcType="CHAR" property="fspcsns" />
    <result column="FSPCREP" jdbcType="CHAR" property="fspcrep" />
    <result column="FSPCEMA" jdbcType="CHAR" property="fspcema" />
    <result column="ISPCCUS" jdbcType="CHAR" property="ispccus" />
    <result column="ISPCCTY" jdbcType="CHAR" property="ispccty" />
    <result column="QSPCCOU" jdbcType="INTEGER" property="qspccou" />
    <result column="QSPCPMC" jdbcType="INTEGER" property="qspcpmc" />
    <result column="QSPCTMC" jdbcType="INTEGER" property="qspctmc" />
    <result column="CSPCICA" jdbcType="CHAR" property="cspcica" />
    <result column="CSPCIPL" jdbcType="CHAR" property="cspcipl" />
    <result column="ISPCCNM" jdbcType="CHAR" property="ispccnm" />
    <result column="CSPCTYP" jdbcType="CHAR" property="cspctyp" />
    <result column="CSPCREM" jdbcType="CHAR" property="cspcrem" />
    <result column="FSPCVAL" jdbcType="CHAR" property="fspcval" />
    <result column="FSPCDBC" jdbcType="CHAR" property="fspcdbc" />
  </resultMap>
  <sql id="Example_Where_Clause">
    <where>
      <foreach collection="oredCriteria" item="criteria" separator="or">
        <if test="criteria.valid">
          <trim prefix="(" prefixOverrides="and" suffix=")">
            <foreach collection="criteria.criteria" item="criterion">
              <choose>
                <when test="criterion.noValue">
                  and ${criterion.condition}
                </when>
                <when test="criterion.singleValue">
                  and ${criterion.condition} #{criterion.value}
                </when>
                <when test="criterion.betweenValue">
                  and ${criterion.condition} #{criterion.value} and #{criterion.secondValue}
                </when>
                <when test="criterion.listValue">
                  and ${criterion.condition}
                  <foreach close=")" collection="criterion.value" item="listItem" open="(" separator=",">
                    #{listItem}
                  </foreach>
                </when>
              </choose>
            </foreach>
          </trim>
        </if>
      </foreach>
    </where>
  </sql>
  <sql id="Base_Column_List">
    ISUBRID, ISUBREP, DSUBSTS, CSPCCAP, CSPCVAL, FSUBSTE, CSPCCAF, CSPCREA, DPERPER, 
    DSPCAUT, SSPCAUU, SSPCAUP, ISPCMCH, FSPCSNS, FSPCREP, FSPCEMA, ISPCCUS, ISPCCTY, 
    QSPCCOU, QSPCPMC, QSPCTMC, CSPCICA, CSPCIPL, ISPCCNM, CSPCTYP, CSPCREM, FSPCVAL, 
    FSPCDBC
  </sql>
  <select id="selectByPrimaryKey" parameterType="com.ibm.dk.alr.zscm.scrt.storing.mybatis.model.SCRSPCKey" resultMap="BaseResultMap">
    select 
    <include refid="Base_Column_List" />
    from SCRSPC
    where ISUBRID = #{isubrid,jdbcType=CHAR}
      and ISUBREP = #{isubrep,jdbcType=INTEGER}
  </select>
  <delete id="deleteByPrimaryKey" parameterType="com.ibm.dk.alr.zscm.scrt.storing.mybatis.model.SCRSPCKey">
    delete from SCRSPC
    where ISUBRID = #{isubrid,jdbcType=CHAR}
      and ISUBREP = #{isubrep,jdbcType=INTEGER}
  </delete>
  <insert id="insert" parameterType="com.ibm.dk.alr.zscm.scrt.storing.mybatis.model.SCRSPC">
    insert into SCRSPC (ISUBRID, ISUBREP, DSUBSTS, 
      CSPCCAP, CSPCVAL, FSUBSTE, CSPCCAF, 
      CSPCREA, DPERPER, DSPCAUT, 
      SSPCAUU, SSPCAUP, ISPCMCH, FSPCSNS, 
      FSPCREP, FSPCEMA, ISPCCUS, ISPCCTY, 
      QSPCCOU, QSPCPMC, QSPCTMC, 
      CSPCICA, CSPCIPL, ISPCCNM, CSPCTYP, 
      CSPCREM, FSPCVAL, FSPCDBC)
    values (#{isubrid,jdbcType=CHAR}, #{isubrep,jdbcType=INTEGER}, #{dsubsts,jdbcType=TIMESTAMP}, 
      #{cspccap,jdbcType=CHAR}, #{cspcval,jdbcType=CHAR}, #{fsubste,jdbcType=CHAR}, #{cspccaf,jdbcType=CHAR}, 
      #{cspcrea,jdbcType=CHAR}, #{dperper,jdbcType=CHAR}, #{dspcaut,jdbcType=TIMESTAMP}, 
      #{sspcauu,jdbcType=CHAR}, #{sspcaup,jdbcType=CHAR}, #{ispcmch,jdbcType=CHAR}, #{fspcsns,jdbcType=CHAR}, 
      #{fspcrep,jdbcType=CHAR}, #{fspcema,jdbcType=CHAR}, #{ispccus,jdbcType=CHAR}, #{ispccty,jdbcType=CHAR}, 
      #{qspccou,jdbcType=INTEGER}, #{qspcpmc,jdbcType=INTEGER}, #{qspctmc,jdbcType=INTEGER}, 
      #{cspcica,jdbcType=CHAR}, #{cspcipl,jdbcType=CHAR}, #{ispccnm,jdbcType=CHAR}, #{cspctyp,jdbcType=CHAR}, 
      #{cspcrem,jdbcType=CHAR}, #{fspcval,jdbcType=CHAR}, #{fspcdbc,jdbcType=CHAR})
  </insert>
  <insert id="insertSelective" parameterType="com.ibm.dk.alr.zscm.scrt.storing.mybatis.model.SCRSPC">
    insert into SCRSPC
    <trim prefix="(" suffix=")" suffixOverrides=",">
      <if test="isubrid != null">
        ISUBRID,
      </if>
      <if test="isubrep != null">
        ISUBREP,
      </if>
      <if test="dsubsts != null">
        DSUBSTS,
      </if>
      <if test="cspccap != null">
        CSPCCAP,
      </if>
      <if test="cspcval != null">
        CSPCVAL,
      </if>
      <if test="fsubste != null">
        FSUBSTE,
      </if>
      <if test="cspccaf != null">
        CSPCCAF,
      </if>
      <if test="cspcrea != null">
        CSPCREA,
      </if>
      <if test="dperper != null">
        DPERPER,
      </if>
      <if test="dspcaut != null">
        DSPCAUT,
      </if>
      <if test="sspcauu != null">
        SSPCAUU,
      </if>
      <if test="sspcaup != null">
        SSPCAUP,
      </if>
      <if test="ispcmch != null">
        ISPCMCH,
      </if>
      <if test="fspcsns != null">
        FSPCSNS,
      </if>
      <if test="fspcrep != null">
        FSPCREP,
      </if>
      <if test="fspcema != null">
        FSPCEMA,
      </if>
      <if test="ispccus != null">
        ISPCCUS,
      </if>
      <if test="ispccty != null">
        ISPCCTY,
      </if>
      <if test="qspccou != null">
        QSPCCOU,
      </if>
      <if test="qspcpmc != null">
        QSPCPMC,
      </if>
      <if test="qspctmc != null">
        QSPCTMC,
      </if>
      <if test="cspcica != null">
        CSPCICA,
      </if>
      <if test="cspcipl != null">
        CSPCIPL,
      </if>
      <if test="ispccnm != null">
        ISPCCNM,
      </if>
      <if test="cspctyp != null">
        CSPCTYP,
      </if>
      <if test="cspcrem != null">
        CSPCREM,
      </if>
      <if test="fspcval != null">
        FSPCVAL,
      </if>
      <if test="fspcdbc != null">
        FSPCDBC,
      </if>
    </trim>
    <trim prefix="values (" suffix=")" suffixOverrides=",">
      <if test="isubrid != null">
        #{isubrid,jdbcType=CHAR},
      </if>
      <if test="isubrep != null">
        #{isubrep,jdbcType=INTEGER},
      </if>
      <if test="dsubsts != null">
        #{dsubsts,jdbcType=TIMESTAMP},
      </if>
      <if test="cspccap != null">
        #{cspccap,jdbcType=CHAR},
      </if>
      <if test="cspcval != null">
        #{cspcval,jdbcType=CHAR},
      </if>
      <if test="fsubste != null">
        #{fsubste,jdbcType=CHAR},
      </if>
      <if test="cspccaf != null">
        #{cspccaf,jdbcType=CHAR},
      </if>
      <if test="cspcrea != null">
        #{cspcrea,jdbcType=CHAR},
      </if>
      <if test="dperper != null">
        #{dperper,jdbcType=CHAR},
      </if>
      <if test="dspcaut != null">
        #{dspcaut,jdbcType=TIMESTAMP},
      </if>
      <if test="sspcauu != null">
        #{sspcauu,jdbcType=CHAR},
      </if>
      <if test="sspcaup != null">
        #{sspcaup,jdbcType=CHAR},
      </if>
      <if test="ispcmch != null">
        #{ispcmch,jdbcType=CHAR},
      </if>
      <if test="fspcsns != null">
        #{fspcsns,jdbcType=CHAR},
      </if>
      <if test="fspcrep != null">
        #{fspcrep,jdbcType=CHAR},
      </if>
      <if test="fspcema != null">
        #{fspcema,jdbcType=CHAR},
      </if>
      <if test="ispccus != null">
        #{ispccus,jdbcType=CHAR},
      </if>
      <if test="ispccty != null">
        #{ispccty,jdbcType=CHAR},
      </if>
      <if test="qspccou != null">
        #{qspccou,jdbcType=INTEGER},
      </if>
      <if test="qspcpmc != null">
        #{qspcpmc,jdbcType=INTEGER},
      </if>
      <if test="qspctmc != null">
        #{qspctmc,jdbcType=INTEGER},
      </if>
      <if test="cspcica != null">
        #{cspcica,jdbcType=CHAR},
      </if>
      <if test="cspcipl != null">
        #{cspcipl,jdbcType=CHAR},
      </if>
      <if test="ispccnm != null">
        #{ispccnm,jdbcType=CHAR},
      </if>
      <if test="cspctyp != null">
        #{cspctyp,jdbcType=CHAR},
      </if>
      <if test="cspcrem != null">
        #{cspcrem,jdbcType=CHAR},
      </if>
      <if test="fspcval != null">
        #{fspcval,jdbcType=CHAR},
      </if>
      <if test="fspcdbc != null">
        #{fspcdbc,jdbcType=CHAR},
      </if>
    </trim>
  </insert>
  <select id="countByExample" parameterType="com.ibm.dk.alr.zscm.scrt.storing.mybatis.model.SCRSPCExample" resultType="java.lang.Long">
    select count(*) from SCRSPC
    <if test="_parameter != null">
      <include refid="Example_Where_Clause" />
    </if>
  </select>
  <update id="updateByPrimaryKeySelective" parameterType="com.ibm.dk.alr.zscm.scrt.storing.mybatis.model.SCRSPC">
    update SCRSPC
    <set>
      <if test="dsubsts != null">
        DSUBSTS = #{dsubsts,jdbcType=TIMESTAMP},
      </if>
      <if test="cspccap != null">
        CSPCCAP = #{cspccap,jdbcType=CHAR},
      </if>
      <if test="cspcval != null">
        CSPCVAL = #{cspcval,jdbcType=CHAR},
      </if>
      <if test="fsubste != null">
        FSUBSTE = #{fsubste,jdbcType=CHAR},
      </if>
      <if test="cspccaf != null">
        CSPCCAF = #{cspccaf,jdbcType=CHAR},
      </if>
      <if test="cspcrea != null">
        CSPCREA = #{cspcrea,jdbcType=CHAR},
      </if>
      <if test="dperper != null">
        DPERPER = #{dperper,jdbcType=CHAR},
      </if>
      <if test="dspcaut != null">
        DSPCAUT = #{dspcaut,jdbcType=TIMESTAMP},
      </if>
      <if test="sspcauu != null">
        SSPCAUU = #{sspcauu,jdbcType=CHAR},
      </if>
      <if test="sspcaup != null">
        SSPCAUP = #{sspcaup,jdbcType=CHAR},
      </if>
      <if test="ispcmch != null">
        ISPCMCH = #{ispcmch,jdbcType=CHAR},
      </if>
      <if test="fspcsns != null">
        FSPCSNS = #{fspcsns,jdbcType=CHAR},
      </if>
      <if test="fspcrep != null">
        FSPCREP = #{fspcrep,jdbcType=CHAR},
      </if>
      <if test="fspcema != null">
        FSPCEMA = #{fspcema,jdbcType=CHAR},
      </if>
      <if test="ispccus != null">
        ISPCCUS = #{ispccus,jdbcType=CHAR},
      </if>
      <if test="ispccty != null">
        ISPCCTY = #{ispccty,jdbcType=CHAR},
      </if>
      <if test="qspccou != null">
        QSPCCOU = #{qspccou,jdbcType=INTEGER},
      </if>
      <if test="qspcpmc != null">
        QSPCPMC = #{qspcpmc,jdbcType=INTEGER},
      </if>
      <if test="qspctmc != null">
        QSPCTMC = #{qspctmc,jdbcType=INTEGER},
      </if>
      <if test="cspcica != null">
        CSPCICA = #{cspcica,jdbcType=CHAR},
      </if>
      <if test="cspcipl != null">
        CSPCIPL = #{cspcipl,jdbcType=CHAR},
      </if>
      <if test="ispccnm != null">
        ISPCCNM = #{ispccnm,jdbcType=CHAR},
      </if>
      <if test="cspctyp != null">
        CSPCTYP = #{cspctyp,jdbcType=CHAR},
      </if>
      <if test="cspcrem != null">
        CSPCREM = #{cspcrem,jdbcType=CHAR},
      </if>
      <if test="fspcval != null">
        FSPCVAL = #{fspcval,jdbcType=CHAR},
      </if>
      <if test="fspcdbc != null">
        FSPCDBC = #{fspcdbc,jdbcType=CHAR},
      </if>
    </set>
    where ISUBRID = #{isubrid,jdbcType=CHAR}
      and ISUBREP = #{isubrep,jdbcType=INTEGER}
  </update>
  <update id="updateByPrimaryKey" parameterType="com.ibm.dk.alr.zscm.scrt.storing.mybatis.model.SCRSPC">
    update SCRSPC
    set DSUBSTS = #{dsubsts,jdbcType=TIMESTAMP},
      CSPCCAP = #{cspccap,jdbcType=CHAR},
      CSPCVAL = #{cspcval,jdbcType=CHAR},
      FSUBSTE = #{fsubste,jdbcType=CHAR},
      CSPCCAF = #{cspccaf,jdbcType=CHAR},
      CSPCREA = #{cspcrea,jdbcType=CHAR},
      DPERPER = #{dperper,jdbcType=CHAR},
      DSPCAUT = #{dspcaut,jdbcType=TIMESTAMP},
      SSPCAUU = #{sspcauu,jdbcType=CHAR},
      SSPCAUP = #{sspcaup,jdbcType=CHAR},
      ISPCMCH = #{ispcmch,jdbcType=CHAR},
      FSPCSNS = #{fspcsns,jdbcType=CHAR},
      FSPCREP = #{fspcrep,jdbcType=CHAR},
      FSPCEMA = #{fspcema,jdbcType=CHAR},
      ISPCCUS = #{ispccus,jdbcType=CHAR},
      ISPCCTY = #{ispccty,jdbcType=CHAR},
      QSPCCOU = #{qspccou,jdbcType=INTEGER},
      QSPCPMC = #{qspcpmc,jdbcType=INTEGER},
      QSPCTMC = #{qspctmc,jdbcType=INTEGER},
      CSPCICA = #{cspcica,jdbcType=CHAR},
      CSPCIPL = #{cspcipl,jdbcType=CHAR},
      ISPCCNM = #{ispccnm,jdbcType=CHAR},
      CSPCTYP = #{cspctyp,jdbcType=CHAR},
      CSPCREM = #{cspcrem,jdbcType=CHAR},
      FSPCVAL = #{fspcval,jdbcType=CHAR},
      FSPCDBC = #{fspcdbc,jdbcType=CHAR}
    where ISUBRID = #{isubrid,jdbcType=CHAR}
      and ISUBREP = #{isubrep,jdbcType=INTEGER}
  </update>
  <resultMap id="BaseResultMap" type="com.ibm.dk.alr.zscm.scrt.storing.mybatis.model.SCRSPC">
    <id column="ISUBRID" jdbcType="CHAR" property="isubrid" />
    <id column="ISUBREP" jdbcType="INTEGER" property="isubrep" />
    <result column="DSUBSTS" jdbcType="TIMESTAMP" property="dsubsts" />
    <result column="CSPCCAP" jdbcType="CHAR" property="cspccap" />
    <result column="CSPCVAL" jdbcType="CHAR" property="cspcval" />
    <result column="FSUBSTE" jdbcType="CHAR" property="fsubste" />
    <result column="CSPCCAF" jdbcType="CHAR" property="cspccaf" />
    <result column="CSPCREA" jdbcType="CHAR" property="cspcrea" />
    <result column="DPERPER" jdbcType="CHAR" property="dperper" />
    <result column="DSPCAUT" jdbcType="TIMESTAMP" property="dspcaut" />
    <result column="SSPCAUU" jdbcType="CHAR" property="sspcauu" />
    <result column="SSPCAUP" jdbcType="CHAR" property="sspcaup" />
    <result column="ISPCMCH" jdbcType="CHAR" property="ispcmch" />
    <result column="FSPCSNS" jdbcType="CHAR" property="fspcsns" />
    <result column="FSPCREP" jdbcType="CHAR" property="fspcrep" />
    <result column="FSPCEMA" jdbcType="CHAR" property="fspcema" />
    <result column="ISPCCUS" jdbcType="CHAR" property="ispccus" />
    <result column="ISPCCTY" jdbcType="CHAR" property="ispccty" />
    <result column="QSPCCOU" jdbcType="INTEGER" property="qspccou" />
    <result column="QSPCPMC" jdbcType="INTEGER" property="qspcpmc" />
    <result column="QSPCTMC" jdbcType="INTEGER" property="qspctmc" />
    <result column="CSPCICA" jdbcType="CHAR" property="cspcica" />
    <result column="CSPCIPL" jdbcType="CHAR" property="cspcipl" />
    <result column="ISPCCNM" jdbcType="CHAR" property="ispccnm" />
    <result column="CSPCTYP" jdbcType="CHAR" property="cspctyp" />
    <result column="CSPCREM" jdbcType="CHAR" property="cspcrem" />
    <result column="FSPCVAL" jdbcType="CHAR" property="fspcval" />
    <result column="FSPCDBC" jdbcType="CHAR" property="fspcdbc" />
  </resultMap>
  <sql id="Example_Where_Clause">
    <where>
      <foreach collection="oredCriteria" item="criteria" separator="or">
        <if test="criteria.valid">
          <trim prefix="(" prefixOverrides="and" suffix=")">
            <foreach collection="criteria.criteria" item="criterion">
              <choose>
                <when test="criterion.noValue">
                  and ${criterion.condition}
                </when>
                <when test="criterion.singleValue">
                  and ${criterion.condition} #{criterion.value}
                </when>
                <when test="criterion.betweenValue">
                  and ${criterion.condition} #{criterion.value} and #{criterion.secondValue}
                </when>
                <when test="criterion.listValue">
                  and ${criterion.condition}
                  <foreach close=")" collection="criterion.value" item="listItem" open="(" separator=",">
                    #{listItem}
                  </foreach>
                </when>
              </choose>
            </foreach>
          </trim>
        </if>
      </foreach>
    </where>
  </sql>
  <sql id="Base_Column_List">
    ISUBRID, ISUBREP, DSUBSTS, CSPCCAP, CSPCVAL, FSUBSTE, CSPCCAF, CSPCREA, DPERPER, 
    DSPCAUT, SSPCAUU, SSPCAUP, ISPCMCH, FSPCSNS, FSPCREP, FSPCEMA, ISPCCUS, ISPCCTY, 
    QSPCCOU, QSPCPMC, QSPCTMC, CSPCICA, CSPCIPL, ISPCCNM, CSPCTYP, CSPCREM, FSPCVAL, 
    FSPCDBC
  </sql>
  <select id="selectByPrimaryKey" parameterType="com.ibm.dk.alr.zscm.scrt.storing.mybatis.model.SCRSPCKey" resultMap="BaseResultMap">
    select 
    <include refid="Base_Column_List" />
    from SCRSPC
    where ISUBRID = #{isubrid,jdbcType=CHAR}
      and ISUBREP = #{isubrep,jdbcType=INTEGER}
  </select>
  <delete id="deleteByPrimaryKey" parameterType="com.ibm.dk.alr.zscm.scrt.storing.mybatis.model.SCRSPCKey">
    delete from SCRSPC
    where ISUBRID = #{isubrid,jdbcType=CHAR}
      and ISUBREP = #{isubrep,jdbcType=INTEGER}
  </delete>
  <insert id="insert" parameterType="com.ibm.dk.alr.zscm.scrt.storing.mybatis.model.SCRSPC">
    insert into SCRSPC (ISUBRID, ISUBREP, DSUBSTS, 
      CSPCCAP, CSPCVAL, FSUBSTE, CSPCCAF, 
      CSPCREA, DPERPER, DSPCAUT, 
      SSPCAUU, SSPCAUP, ISPCMCH, FSPCSNS, 
      FSPCREP, FSPCEMA, ISPCCUS, ISPCCTY, 
      QSPCCOU, QSPCPMC, QSPCTMC, 
      CSPCICA, CSPCIPL, ISPCCNM, CSPCTYP, 
      CSPCREM, FSPCVAL, FSPCDBC)
    values (#{isubrid,jdbcType=CHAR}, #{isubrep,jdbcType=INTEGER}, #{dsubsts,jdbcType=TIMESTAMP}, 
      #{cspccap,jdbcType=CHAR}, #{cspcval,jdbcType=CHAR}, #{fsubste,jdbcType=CHAR}, #{cspccaf,jdbcType=CHAR}, 
      #{cspcrea,jdbcType=CHAR}, #{dperper,jdbcType=CHAR}, #{dspcaut,jdbcType=TIMESTAMP}, 
      #{sspcauu,jdbcType=CHAR}, #{sspcaup,jdbcType=CHAR}, #{ispcmch,jdbcType=CHAR}, #{fspcsns,jdbcType=CHAR}, 
      #{fspcrep,jdbcType=CHAR}, #{fspcema,jdbcType=CHAR}, #{ispccus,jdbcType=CHAR}, #{ispccty,jdbcType=CHAR}, 
      #{qspccou,jdbcType=INTEGER}, #{qspcpmc,jdbcType=INTEGER}, #{qspctmc,jdbcType=INTEGER}, 
      #{cspcica,jdbcType=CHAR}, #{cspcipl,jdbcType=CHAR}, #{ispccnm,jdbcType=CHAR}, #{cspctyp,jdbcType=CHAR}, 
      #{cspcrem,jdbcType=CHAR}, #{fspcval,jdbcType=CHAR}, #{fspcdbc,jdbcType=CHAR})
  </insert>
  <insert id="insertSelective" parameterType="com.ibm.dk.alr.zscm.scrt.storing.mybatis.model.SCRSPC">
    insert into SCRSPC
    <trim prefix="(" suffix=")" suffixOverrides=",">
      <if test="isubrid != null">
        ISUBRID,
      </if>
      <if test="isubrep != null">
        ISUBREP,
      </if>
      <if test="dsubsts != null">
        DSUBSTS,
      </if>
      <if test="cspccap != null">
        CSPCCAP,
      </if>
      <if test="cspcval != null">
        CSPCVAL,
      </if>
      <if test="fsubste != null">
        FSUBSTE,
      </if>
      <if test="cspccaf != null">
        CSPCCAF,
      </if>
      <if test="cspcrea != null">
        CSPCREA,
      </if>
      <if test="dperper != null">
        DPERPER,
      </if>
      <if test="dspcaut != null">
        DSPCAUT,
      </if>
      <if test="sspcauu != null">
        SSPCAUU,
      </if>
      <if test="sspcaup != null">
        SSPCAUP,
      </if>
      <if test="ispcmch != null">
        ISPCMCH,
      </if>
      <if test="fspcsns != null">
        FSPCSNS,
      </if>
      <if test="fspcrep != null">
        FSPCREP,
      </if>
      <if test="fspcema != null">
        FSPCEMA,
      </if>
      <if test="ispccus != null">
        ISPCCUS,
      </if>
      <if test="ispccty != null">
        ISPCCTY,
      </if>
      <if test="qspccou != null">
        QSPCCOU,
      </if>
      <if test="qspcpmc != null">
        QSPCPMC,
      </if>
      <if test="qspctmc != null">
        QSPCTMC,
      </if>
      <if test="cspcica != null">
        CSPCICA,
      </if>
      <if test="cspcipl != null">
        CSPCIPL,
      </if>
      <if test="ispccnm != null">
        ISPCCNM,
      </if>
      <if test="cspctyp != null">
        CSPCTYP,
      </if>
      <if test="cspcrem != null">
        CSPCREM,
      </if>
      <if test="fspcval != null">
        FSPCVAL,
      </if>
      <if test="fspcdbc != null">
        FSPCDBC,
      </if>
    </trim>
    <trim prefix="values (" suffix=")" suffixOverrides=",">
      <if test="isubrid != null">
        #{isubrid,jdbcType=CHAR},
      </if>
      <if test="isubrep != null">
        #{isubrep,jdbcType=INTEGER},
      </if>
      <if test="dsubsts != null">
        #{dsubsts,jdbcType=TIMESTAMP},
      </if>
      <if test="cspccap != null">
        #{cspccap,jdbcType=CHAR},
      </if>
      <if test="cspcval != null">
        #{cspcval,jdbcType=CHAR},
      </if>
      <if test="fsubste != null">
        #{fsubste,jdbcType=CHAR},
      </if>
      <if test="cspccaf != null">
        #{cspccaf,jdbcType=CHAR},
      </if>
      <if test="cspcrea != null">
        #{cspcrea,jdbcType=CHAR},
      </if>
      <if test="dperper != null">
        #{dperper,jdbcType=CHAR},
      </if>
      <if test="dspcaut != null">
        #{dspcaut,jdbcType=TIMESTAMP},
      </if>
      <if test="sspcauu != null">
        #{sspcauu,jdbcType=CHAR},
      </if>
      <if test="sspcaup != null">
        #{sspcaup,jdbcType=CHAR},
      </if>
      <if test="ispcmch != null">
        #{ispcmch,jdbcType=CHAR},
      </if>
      <if test="fspcsns != null">
        #{fspcsns,jdbcType=CHAR},
      </if>
      <if test="fspcrep != null">
        #{fspcrep,jdbcType=CHAR},
      </if>
      <if test="fspcema != null">
        #{fspcema,jdbcType=CHAR},
      </if>
      <if test="ispccus != null">
        #{ispccus,jdbcType=CHAR},
      </if>
      <if test="ispccty != null">
        #{ispccty,jdbcType=CHAR},
      </if>
      <if test="qspccou != null">
        #{qspccou,jdbcType=INTEGER},
      </if>
      <if test="qspcpmc != null">
        #{qspcpmc,jdbcType=INTEGER},
      </if>
      <if test="qspctmc != null">
        #{qspctmc,jdbcType=INTEGER},
      </if>
      <if test="cspcica != null">
        #{cspcica,jdbcType=CHAR},
      </if>
      <if test="cspcipl != null">
        #{cspcipl,jdbcType=CHAR},
      </if>
      <if test="ispccnm != null">
        #{ispccnm,jdbcType=CHAR},
      </if>
      <if test="cspctyp != null">
        #{cspctyp,jdbcType=CHAR},
      </if>
      <if test="cspcrem != null">
        #{cspcrem,jdbcType=CHAR},
      </if>
      <if test="fspcval != null">
        #{fspcval,jdbcType=CHAR},
      </if>
      <if test="fspcdbc != null">
        #{fspcdbc,jdbcType=CHAR},
      </if>
    </trim>
  </insert>
  <select id="countByExample" parameterType="com.ibm.dk.alr.zscm.scrt.storing.mybatis.model.SCRSPCExample" resultType="java.lang.Long">
    select count(*) from SCRSPC
    <if test="_parameter != null">
      <include refid="Example_Where_Clause" />
    </if>
  </select>
  <update id="updateByPrimaryKeySelective" parameterType="com.ibm.dk.alr.zscm.scrt.storing.mybatis.model.SCRSPC">
    update SCRSPC
    <set>
      <if test="dsubsts != null">
        DSUBSTS = #{dsubsts,jdbcType=TIMESTAMP},
      </if>
      <if test="cspccap != null">
        CSPCCAP = #{cspccap,jdbcType=CHAR},
      </if>
      <if test="cspcval != null">
        CSPCVAL = #{cspcval,jdbcType=CHAR},
      </if>
      <if test="fsubste != null">
        FSUBSTE = #{fsubste,jdbcType=CHAR},
      </if>
      <if test="cspccaf != null">
        CSPCCAF = #{cspccaf,jdbcType=CHAR},
      </if>
      <if test="cspcrea != null">
        CSPCREA = #{cspcrea,jdbcType=CHAR},
      </if>
      <if test="dperper != null">
        DPERPER = #{dperper,jdbcType=CHAR},
      </if>
      <if test="dspcaut != null">
        DSPCAUT = #{dspcaut,jdbcType=TIMESTAMP},
      </if>
      <if test="sspcauu != null">
        SSPCAUU = #{sspcauu,jdbcType=CHAR},
      </if>
      <if test="sspcaup != null">
        SSPCAUP = #{sspcaup,jdbcType=CHAR},
      </if>
      <if test="ispcmch != null">
        ISPCMCH = #{ispcmch,jdbcType=CHAR},
      </if>
      <if test="fspcsns != null">
        FSPCSNS = #{fspcsns,jdbcType=CHAR},
      </if>
      <if test="fspcrep != null">
        FSPCREP = #{fspcrep,jdbcType=CHAR},
      </if>
      <if test="fspcema != null">
        FSPCEMA = #{fspcema,jdbcType=CHAR},
      </if>
      <if test="ispccus != null">
        ISPCCUS = #{ispccus,jdbcType=CHAR},
      </if>
      <if test="ispccty != null">
        ISPCCTY = #{ispccty,jdbcType=CHAR},
      </if>
      <if test="qspccou != null">
        QSPCCOU = #{qspccou,jdbcType=INTEGER},
      </if>
      <if test="qspcpmc != null">
        QSPCPMC = #{qspcpmc,jdbcType=INTEGER},
      </if>
      <if test="qspctmc != null">
        QSPCTMC = #{qspctmc,jdbcType=INTEGER},
      </if>
      <if test="cspcica != null">
        CSPCICA = #{cspcica,jdbcType=CHAR},
      </if>
      <if test="cspcipl != null">
        CSPCIPL = #{cspcipl,jdbcType=CHAR},
      </if>
      <if test="ispccnm != null">
        ISPCCNM = #{ispccnm,jdbcType=CHAR},
      </if>
      <if test="cspctyp != null">
        CSPCTYP = #{cspctyp,jdbcType=CHAR},
      </if>
      <if test="cspcrem != null">
        CSPCREM = #{cspcrem,jdbcType=CHAR},
      </if>
      <if test="fspcval != null">
        FSPCVAL = #{fspcval,jdbcType=CHAR},
      </if>
      <if test="fspcdbc != null">
        FSPCDBC = #{fspcdbc,jdbcType=CHAR},
      </if>
    </set>
    where ISUBRID = #{isubrid,jdbcType=CHAR}
      and ISUBREP = #{isubrep,jdbcType=INTEGER}
  </update>
  <update id="updateByPrimaryKey" parameterType="com.ibm.dk.alr.zscm.scrt.storing.mybatis.model.SCRSPC">
    update SCRSPC
    set DSUBSTS = #{dsubsts,jdbcType=TIMESTAMP},
      CSPCCAP = #{cspccap,jdbcType=CHAR},
      CSPCVAL = #{cspcval,jdbcType=CHAR},
      FSUBSTE = #{fsubste,jdbcType=CHAR},
      CSPCCAF = #{cspccaf,jdbcType=CHAR},
      CSPCREA = #{cspcrea,jdbcType=CHAR},
      DPERPER = #{dperper,jdbcType=CHAR},
      DSPCAUT = #{dspcaut,jdbcType=TIMESTAMP},
      SSPCAUU = #{sspcauu,jdbcType=CHAR},
      SSPCAUP = #{sspcaup,jdbcType=CHAR},
      ISPCMCH = #{ispcmch,jdbcType=CHAR},
      FSPCSNS = #{fspcsns,jdbcType=CHAR},
      FSPCREP = #{fspcrep,jdbcType=CHAR},
      FSPCEMA = #{fspcema,jdbcType=CHAR},
      ISPCCUS = #{ispccus,jdbcType=CHAR},
      ISPCCTY = #{ispccty,jdbcType=CHAR},
      QSPCCOU = #{qspccou,jdbcType=INTEGER},
      QSPCPMC = #{qspcpmc,jdbcType=INTEGER},
      QSPCTMC = #{qspctmc,jdbcType=INTEGER},
      CSPCICA = #{cspcica,jdbcType=CHAR},
      CSPCIPL = #{cspcipl,jdbcType=CHAR},
      ISPCCNM = #{ispccnm,jdbcType=CHAR},
      CSPCTYP = #{cspctyp,jdbcType=CHAR},
      CSPCREM = #{cspcrem,jdbcType=CHAR},
      FSPCVAL = #{fspcval,jdbcType=CHAR},
      FSPCDBC = #{fspcdbc,jdbcType=CHAR}
    where ISUBRID = #{isubrid,jdbcType=CHAR}
      and ISUBREP = #{isubrep,jdbcType=INTEGER}
  </update>
  <resultMap id="BaseResultMap" type="com.ibm.dk.alr.zscm.scrt.storing.mybatis.model.SCRSPC">
    <id column="ISUBRID" jdbcType="CHAR" property="isubrid" />
    <id column="ISUBREP" jdbcType="INTEGER" property="isubrep" />
    <result column="DSUBSTS" jdbcType="TIMESTAMP" property="dsubsts" />
    <result column="CSPCCAP" jdbcType="CHAR" property="cspccap" />
    <result column="CSPCVAL" jdbcType="CHAR" property="cspcval" />
    <result column="FSUBSTE" jdbcType="CHAR" property="fsubste" />
    <result column="CSPCCAF" jdbcType="CHAR" property="cspccaf" />
    <result column="CSPCREA" jdbcType="CHAR" property="cspcrea" />
    <result column="DPERPER" jdbcType="CHAR" property="dperper" />
    <result column="DSPCAUT" jdbcType="TIMESTAMP" property="dspcaut" />
    <result column="SSPCAUU" jdbcType="CHAR" property="sspcauu" />
    <result column="SSPCAUP" jdbcType="CHAR" property="sspcaup" />
    <result column="ISPCMCH" jdbcType="CHAR" property="ispcmch" />
    <result column="FSPCSNS" jdbcType="CHAR" property="fspcsns" />
    <result column="FSPCREP" jdbcType="CHAR" property="fspcrep" />
    <result column="FSPCEMA" jdbcType="CHAR" property="fspcema" />
    <result column="ISPCCUS" jdbcType="CHAR" property="ispccus" />
    <result column="ISPCCTY" jdbcType="CHAR" property="ispccty" />
    <result column="QSPCCOU" jdbcType="INTEGER" property="qspccou" />
    <result column="QSPCPMC" jdbcType="INTEGER" property="qspcpmc" />
    <result column="QSPCTMC" jdbcType="INTEGER" property="qspctmc" />
    <result column="CSPCICA" jdbcType="CHAR" property="cspcica" />
    <result column="CSPCIPL" jdbcType="CHAR" property="cspcipl" />
    <result column="ISPCCNM" jdbcType="CHAR" property="ispccnm" />
    <result column="CSPCTYP" jdbcType="CHAR" property="cspctyp" />
    <result column="CSPCREM" jdbcType="CHAR" property="cspcrem" />
    <result column="FSPCVAL" jdbcType="CHAR" property="fspcval" />
    <result column="FSPCDBC" jdbcType="CHAR" property="fspcdbc" />
  </resultMap>
  <sql id="Base_Column_List">
    ISUBRID, ISUBREP, DSUBSTS, CSPCCAP, CSPCVAL, FSUBSTE, CSPCCAF, CSPCREA, DPERPER, 
    DSPCAUT, SSPCAUU, SSPCAUP, ISPCMCH, FSPCSNS, FSPCREP, FSPCEMA, ISPCCUS, ISPCCTY, 
    QSPCCOU, QSPCPMC, QSPCTMC, CSPCICA, CSPCIPL, ISPCCNM, CSPCTYP, CSPCREM, FSPCVAL, 
    FSPCDBC
  </sql>
  <select id="selectByPrimaryKey" parameterType="com.ibm.dk.alr.zscm.scrt.storing.mybatis.model.SCRSPCKey" resultMap="BaseResultMap">
    select 
    <include refid="Base_Column_List" />
    from SCRSPC
    where ISUBRID = #{isubrid,jdbcType=CHAR}
      and ISUBREP = #{isubrep,jdbcType=INTEGER}
  </select>
  <delete id="deleteByPrimaryKey" parameterType="com.ibm.dk.alr.zscm.scrt.storing.mybatis.model.SCRSPCKey">
    delete from SCRSPC
    where ISUBRID = #{isubrid,jdbcType=CHAR}
      and ISUBREP = #{isubrep,jdbcType=INTEGER}
  </delete>
  <insert id="insert" parameterType="com.ibm.dk.alr.zscm.scrt.storing.mybatis.model.SCRSPC">
    insert into SCRSPC (ISUBRID, ISUBREP, DSUBSTS, 
      CSPCCAP, CSPCVAL, FSUBSTE, CSPCCAF, 
      CSPCREA, DPERPER, DSPCAUT, 
      SSPCAUU, SSPCAUP, ISPCMCH, FSPCSNS, 
      FSPCREP, FSPCEMA, ISPCCUS, ISPCCTY, 
      QSPCCOU, QSPCPMC, QSPCTMC, 
      CSPCICA, CSPCIPL, ISPCCNM, CSPCTYP, 
      CSPCREM, FSPCVAL, FSPCDBC)
    values (#{isubrid,jdbcType=CHAR}, #{isubrep,jdbcType=INTEGER}, #{dsubsts,jdbcType=TIMESTAMP}, 
      #{cspccap,jdbcType=CHAR}, #{cspcval,jdbcType=CHAR}, #{fsubste,jdbcType=CHAR}, #{cspccaf,jdbcType=CHAR}, 
      #{cspcrea,jdbcType=CHAR}, #{dperper,jdbcType=CHAR}, #{dspcaut,jdbcType=TIMESTAMP}, 
      #{sspcauu,jdbcType=CHAR}, #{sspcaup,jdbcType=CHAR}, #{ispcmch,jdbcType=CHAR}, #{fspcsns,jdbcType=CHAR}, 
      #{fspcrep,jdbcType=CHAR}, #{fspcema,jdbcType=CHAR}, #{ispccus,jdbcType=CHAR}, #{ispccty,jdbcType=CHAR}, 
      #{qspccou,jdbcType=INTEGER}, #{qspcpmc,jdbcType=INTEGER}, #{qspctmc,jdbcType=INTEGER}, 
      #{cspcica,jdbcType=CHAR}, #{cspcipl,jdbcType=CHAR}, #{ispccnm,jdbcType=CHAR}, #{cspctyp,jdbcType=CHAR}, 
      #{cspcrem,jdbcType=CHAR}, #{fspcval,jdbcType=CHAR}, #{fspcdbc,jdbcType=CHAR})
  </insert>
  <insert id="insertSelective" parameterType="com.ibm.dk.alr.zscm.scrt.storing.mybatis.model.SCRSPC">
    insert into SCRSPC
    <trim prefix="(" suffix=")" suffixOverrides=",">
      <if test="isubrid != null">
        ISUBRID,
      </if>
      <if test="isubrep != null">
        ISUBREP,
      </if>
      <if test="dsubsts != null">
        DSUBSTS,
      </if>
      <if test="cspccap != null">
        CSPCCAP,
      </if>
      <if test="cspcval != null">
        CSPCVAL,
      </if>
      <if test="fsubste != null">
        FSUBSTE,
      </if>
      <if test="cspccaf != null">
        CSPCCAF,
      </if>
      <if test="cspcrea != null">
        CSPCREA,
      </if>
      <if test="dperper != null">
        DPERPER,
      </if>
      <if test="dspcaut != null">
        DSPCAUT,
      </if>
      <if test="sspcauu != null">
        SSPCAUU,
      </if>
      <if test="sspcaup != null">
        SSPCAUP,
      </if>
      <if test="ispcmch != null">
        ISPCMCH,
      </if>
      <if test="fspcsns != null">
        FSPCSNS,
      </if>
      <if test="fspcrep != null">
        FSPCREP,
      </if>
      <if test="fspcema != null">
        FSPCEMA,
      </if>
      <if test="ispccus != null">
        ISPCCUS,
      </if>
      <if test="ispccty != null">
        ISPCCTY,
      </if>
      <if test="qspccou != null">
        QSPCCOU,
      </if>
      <if test="qspcpmc != null">
        QSPCPMC,
      </if>
      <if test="qspctmc != null">
        QSPCTMC,
      </if>
      <if test="cspcica != null">
        CSPCICA,
      </if>
      <if test="cspcipl != null">
        CSPCIPL,
      </if>
      <if test="ispccnm != null">
        ISPCCNM,
      </if>
      <if test="cspctyp != null">
        CSPCTYP,
      </if>
      <if test="cspcrem != null">
        CSPCREM,
      </if>
      <if test="fspcval != null">
        FSPCVAL,
      </if>
      <if test="fspcdbc != null">
        FSPCDBC,
      </if>
    </trim>
    <trim prefix="values (" suffix=")" suffixOverrides=",">
      <if test="isubrid != null">
        #{isubrid,jdbcType=CHAR},
      </if>
      <if test="isubrep != null">
        #{isubrep,jdbcType=INTEGER},
      </if>
      <if test="dsubsts != null">
        #{dsubsts,jdbcType=TIMESTAMP},
      </if>
      <if test="cspccap != null">
        #{cspccap,jdbcType=CHAR},
      </if>
      <if test="cspcval != null">
        #{cspcval,jdbcType=CHAR},
      </if>
      <if test="fsubste != null">
        #{fsubste,jdbcType=CHAR},
      </if>
      <if test="cspccaf != null">
        #{cspccaf,jdbcType=CHAR},
      </if>
      <if test="cspcrea != null">
        #{cspcrea,jdbcType=CHAR},
      </if>
      <if test="dperper != null">
        #{dperper,jdbcType=CHAR},
      </if>
      <if test="dspcaut != null">
        #{dspcaut,jdbcType=TIMESTAMP},
      </if>
      <if test="sspcauu != null">
        #{sspcauu,jdbcType=CHAR},
      </if>
      <if test="sspcaup != null">
        #{sspcaup,jdbcType=CHAR},
      </if>
      <if test="ispcmch != null">
        #{ispcmch,jdbcType=CHAR},
      </if>
      <if test="fspcsns != null">
        #{fspcsns,jdbcType=CHAR},
      </if>
      <if test="fspcrep != null">
        #{fspcrep,jdbcType=CHAR},
      </if>
      <if test="fspcema != null">
        #{fspcema,jdbcType=CHAR},
      </if>
      <if test="ispccus != null">
        #{ispccus,jdbcType=CHAR},
      </if>
      <if test="ispccty != null">
        #{ispccty,jdbcType=CHAR},
      </if>
      <if test="qspccou != null">
        #{qspccou,jdbcType=INTEGER},
      </if>
      <if test="qspcpmc != null">
        #{qspcpmc,jdbcType=INTEGER},
      </if>
      <if test="qspctmc != null">
        #{qspctmc,jdbcType=INTEGER},
      </if>
      <if test="cspcica != null">
        #{cspcica,jdbcType=CHAR},
      </if>
      <if test="cspcipl != null">
        #{cspcipl,jdbcType=CHAR},
      </if>
      <if test="ispccnm != null">
        #{ispccnm,jdbcType=CHAR},
      </if>
      <if test="cspctyp != null">
        #{cspctyp,jdbcType=CHAR},
      </if>
      <if test="cspcrem != null">
        #{cspcrem,jdbcType=CHAR},
      </if>
      <if test="fspcval != null">
        #{fspcval,jdbcType=CHAR},
      </if>
      <if test="fspcdbc != null">
        #{fspcdbc,jdbcType=CHAR},
      </if>
    </trim>
  </insert>
  <update id="updateByPrimaryKeySelective" parameterType="com.ibm.dk.alr.zscm.scrt.storing.mybatis.model.SCRSPC">
    update SCRSPC
    <set>
      <if test="dsubsts != null">
        DSUBSTS = #{dsubsts,jdbcType=TIMESTAMP},
      </if>
      <if test="cspccap != null">
        CSPCCAP = #{cspccap,jdbcType=CHAR},
      </if>
      <if test="cspcval != null">
        CSPCVAL = #{cspcval,jdbcType=CHAR},
      </if>
      <if test="fsubste != null">
        FSUBSTE = #{fsubste,jdbcType=CHAR},
      </if>
      <if test="cspccaf != null">
        CSPCCAF = #{cspccaf,jdbcType=CHAR},
      </if>
      <if test="cspcrea != null">
        CSPCREA = #{cspcrea,jdbcType=CHAR},
      </if>
      <if test="dperper != null">
        DPERPER = #{dperper,jdbcType=CHAR},
      </if>
      <if test="dspcaut != null">
        DSPCAUT = #{dspcaut,jdbcType=TIMESTAMP},
      </if>
      <if test="sspcauu != null">
        SSPCAUU = #{sspcauu,jdbcType=CHAR},
      </if>
      <if test="sspcaup != null">
        SSPCAUP = #{sspcaup,jdbcType=CHAR},
      </if>
      <if test="ispcmch != null">
        ISPCMCH = #{ispcmch,jdbcType=CHAR},
      </if>
      <if test="fspcsns != null">
        FSPCSNS = #{fspcsns,jdbcType=CHAR},
      </if>
      <if test="fspcrep != null">
        FSPCREP = #{fspcrep,jdbcType=CHAR},
      </if>
      <if test="fspcema != null">
        FSPCEMA = #{fspcema,jdbcType=CHAR},
      </if>
      <if test="ispccus != null">
        ISPCCUS = #{ispccus,jdbcType=CHAR},
      </if>
      <if test="ispccty != null">
        ISPCCTY = #{ispccty,jdbcType=CHAR},
      </if>
      <if test="qspccou != null">
        QSPCCOU = #{qspccou,jdbcType=INTEGER},
      </if>
      <if test="qspcpmc != null">
        QSPCPMC = #{qspcpmc,jdbcType=INTEGER},
      </if>
      <if test="qspctmc != null">
        QSPCTMC = #{qspctmc,jdbcType=INTEGER},
      </if>
      <if test="cspcica != null">
        CSPCICA = #{cspcica,jdbcType=CHAR},
      </if>
      <if test="cspcipl != null">
        CSPCIPL = #{cspcipl,jdbcType=CHAR},
      </if>
      <if test="ispccnm != null">
        ISPCCNM = #{ispccnm,jdbcType=CHAR},
      </if>
      <if test="cspctyp != null">
        CSPCTYP = #{cspctyp,jdbcType=CHAR},
      </if>
      <if test="cspcrem != null">
        CSPCREM = #{cspcrem,jdbcType=CHAR},
      </if>
      <if test="fspcval != null">
        FSPCVAL = #{fspcval,jdbcType=CHAR},
      </if>
      <if test="fspcdbc != null">
        FSPCDBC = #{fspcdbc,jdbcType=CHAR},
      </if>
    </set>
    where ISUBRID = #{isubrid,jdbcType=CHAR}
      and ISUBREP = #{isubrep,jdbcType=INTEGER}
  </update>
  <update id="updateByPrimaryKey" parameterType="com.ibm.dk.alr.zscm.scrt.storing.mybatis.model.SCRSPC">
    update SCRSPC
    set DSUBSTS = #{dsubsts,jdbcType=TIMESTAMP},
      CSPCCAP = #{cspccap,jdbcType=CHAR},
      CSPCVAL = #{cspcval,jdbcType=CHAR},
      FSUBSTE = #{fsubste,jdbcType=CHAR},
      CSPCCAF = #{cspccaf,jdbcType=CHAR},
      CSPCREA = #{cspcrea,jdbcType=CHAR},
      DPERPER = #{dperper,jdbcType=CHAR},
      DSPCAUT = #{dspcaut,jdbcType=TIMESTAMP},
      SSPCAUU = #{sspcauu,jdbcType=CHAR},
      SSPCAUP = #{sspcaup,jdbcType=CHAR},
      ISPCMCH = #{ispcmch,jdbcType=CHAR},
      FSPCSNS = #{fspcsns,jdbcType=CHAR},
      FSPCREP = #{fspcrep,jdbcType=CHAR},
      FSPCEMA = #{fspcema,jdbcType=CHAR},
      ISPCCUS = #{ispccus,jdbcType=CHAR},
      ISPCCTY = #{ispccty,jdbcType=CHAR},
      QSPCCOU = #{qspccou,jdbcType=INTEGER},
      QSPCPMC = #{qspcpmc,jdbcType=INTEGER},
      QSPCTMC = #{qspctmc,jdbcType=INTEGER},
      CSPCICA = #{cspcica,jdbcType=CHAR},
      CSPCIPL = #{cspcipl,jdbcType=CHAR},
      ISPCCNM = #{ispccnm,jdbcType=CHAR},
      CSPCTYP = #{cspctyp,jdbcType=CHAR},
      CSPCREM = #{cspcrem,jdbcType=CHAR},
      FSPCVAL = #{fspcval,jdbcType=CHAR},
      FSPCDBC = #{fspcdbc,jdbcType=CHAR}
    where ISUBRID = #{isubrid,jdbcType=CHAR}
      and ISUBREP = #{isubrep,jdbcType=INTEGER}
  </update>
</mapper>