<?xml version="1.0" encoding="UTF-8"?>
<!DOCTYPE mapper PUBLIC "-//mybatis.org//DTD Mapper 3.0//EN" "http://mybatis.org/dtd/mybatis-3-mapper.dtd">
<mapper namespace="com.ibm.dk.alr.zscm.scrt.storing.mybatis.data.SCRSPLMapper">
  <resultMap id="BaseResultMap" type="com.ibm.dk.alr.zscm.scrt.storing.mybatis.model.SCRSPL">
    <result column="ISUBRID" jdbcType="CHAR" property="isubrid" />
    <result column="FSUBSTE" jdbcType="CHAR" property="fsubste" />
    <result column="DSPLTMS" jdbcType="TIMESTAMP" property="dspltms" />
    <result column="ISPLCOM" jdbcType="CHAR" property="isplcom" />
    <result column="CSPLCAS" jdbcType="CHAR" property="csplcas" />
    <result column="TSPLREA" jdbcType="CHAR" property="tsplrea" />
    <result column="TSPLDLO" jdbcType="CHAR" property="tspldlo" />
    <result column="TSPLUSR" jdbcType="CHAR" property="tsplusr" />
    <result column="DPERPER" jdbcType="CHAR" property="dperper" />
    <result column="DSPLAUT" jdbcType="TIMESTAMP" property="dsplaut" />
    <result column="SSPLAUU" jdbcType="CHAR" property="ssplauu" />
    <result column="SSPLAUP" jdbcType="CHAR" property="ssplaup" />
    <result column="ISUBREP" jdbcType="INTEGER" property="isubrep" />
  </resultMap>
  <insert id="insert" parameterType="com.ibm.dk.alr.zscm.scrt.storing.mybatis.model.SCRSPL">
    insert into SCRSPL (ISUBRID, FSUBSTE, DSPLTMS, 
      ISPLCOM, CSPLCAS, TSPLREA, TSPLDLO, 
      TSPLUSR, DPERPER, DSPLAUT, 
      SSPLAUU, SSPLAUP, ISUBREP
      )
    values (#{isubrid,jdbcType=CHAR}, #{fsubste,jdbcType=CHAR}, #{dspltms,jdbcType=TIMESTAMP}, 
      #{isplcom,jdbcType=CHAR}, #{csplcas,jdbcType=CHAR}, #{tsplrea,jdbcType=CHAR}, #{tspldlo,jdbcType=CHAR}, 
      #{tsplusr,jdbcType=CHAR}, #{dperper,jdbcType=CHAR}, #{dsplaut,jdbcType=TIMESTAMP}, 
      #{ssplauu,jdbcType=CHAR}, #{ssplaup,jdbcType=CHAR}, #{isubrep,jdbcType=INTEGER}
      )
  </insert>
  <insert id="insertSelective" parameterType="com.ibm.dk.alr.zscm.scrt.storing.mybatis.model.SCRSPL">
    insert into SCRSPL
    <trim prefix="(" suffix=")" suffixOverrides=",">
      <if test="isubrid != null">
        ISUBRID,
      </if>
      <if test="fsubste != null">
        FSUBSTE,
      </if>
      <if test="dspltms != null">
        DSPLTMS,
      </if>
      <if test="isplcom != null">
        ISPLCOM,
      </if>
      <if test="csplcas != null">
        CSPLCAS,
      </if>
      <if test="tsplrea != null">
        TSPLREA,
      </if>
      <if test="tspldlo != null">
        TSPLDLO,
      </if>
      <if test="tsplusr != null">
        TSPLUSR,
      </if>
      <if test="dperper != null">
        DPERPER,
      </if>
      <if test="dsplaut != null">
        DSPLAUT,
      </if>
      <if test="ssplauu != null">
        SSPLAUU,
      </if>
      <if test="ssplaup != null">
        SSPLAUP,
      </if>
      <if test="isubrep != null">
        ISUBREP,
      </if>
    </trim>
    <trim prefix="values (" suffix=")" suffixOverrides=",">
      <if test="isubrid != null">
        #{isubrid,jdbcType=CHAR},
      </if>
      <if test="fsubste != null">
        #{fsubste,jdbcType=CHAR},
      </if>
      <if test="dspltms != null">
        #{dspltms,jdbcType=TIMESTAMP},
      </if>
      <if test="isplcom != null">
        #{isplcom,jdbcType=CHAR},
      </if>
      <if test="csplcas != null">
        #{csplcas,jdbcType=CHAR},
      </if>
      <if test="tsplrea != null">
        #{tsplrea,jdbcType=CHAR},
      </if>
      <if test="tspldlo != null">
        #{tspldlo,jdbcType=CHAR},
      </if>
      <if test="tsplusr != null">
        #{tsplusr,jdbcType=CHAR},
      </if>
      <if test="dperper != null">
        #{dperper,jdbcType=CHAR},
      </if>
      <if test="dsplaut != null">
        #{dsplaut,jdbcType=TIMESTAMP},
      </if>
      <if test="ssplauu != null">
        #{ssplauu,jdbcType=CHAR},
      </if>
      <if test="ssplaup != null">
        #{ssplaup,jdbcType=CHAR},
      </if>
      <if test="isubrep != null">
        #{isubrep,jdbcType=INTEGER},
      </if>
    </trim>
  </insert>
  <resultMap id="BaseResultMap" type="com.ibm.dk.alr.zscm.scrt.storing.mybatis.model.SCRSPL">
    <result column="ISUBRID" jdbcType="CHAR" property="isubrid" />
    <result column="FSUBSTE" jdbcType="CHAR" property="fsubste" />
    <result column="DSPLTMS" jdbcType="TIMESTAMP" property="dspltms" />
    <result column="ISPLCOM" jdbcType="CHAR" property="isplcom" />
    <result column="CSPLCAS" jdbcType="CHAR" property="csplcas" />
    <result column="TSPLREA" jdbcType="CHAR" property="tsplrea" />
    <result column="TSPLDLO" jdbcType="CHAR" property="tspldlo" />
    <result column="TSPLUSR" jdbcType="CHAR" property="tsplusr" />
    <result column="DPERPER" jdbcType="CHAR" property="dperper" />
    <result column="DSPLAUT" jdbcType="TIMESTAMP" property="dsplaut" />
    <result column="SSPLAUU" jdbcType="CHAR" property="ssplauu" />
    <result column="SSPLAUP" jdbcType="CHAR" property="ssplaup" />
    <result column="ISUBREP" jdbcType="INTEGER" property="isubrep" />
  </resultMap>
  <insert id="insert" parameterType="com.ibm.dk.alr.zscm.scrt.storing.mybatis.model.SCRSPL">
    insert into SCRSPL (ISUBRID, FSUBSTE, DSPLTMS, 
      ISPLCOM, CSPLCAS, TSPLREA, TSPLDLO, 
      TSPLUSR, DPERPER, DSPLAUT, 
      SSPLAUU, SSPLAUP, ISUBREP
      )
    values (#{isubrid,jdbcType=CHAR}, #{fsubste,jdbcType=CHAR}, #{dspltms,jdbcType=TIMESTAMP}, 
      #{isplcom,jdbcType=CHAR}, #{csplcas,jdbcType=CHAR}, #{tsplrea,jdbcType=CHAR}, #{tspldlo,jdbcType=CHAR}, 
      #{tsplusr,jdbcType=CHAR}, #{dperper,jdbcType=CHAR}, #{dsplaut,jdbcType=TIMESTAMP}, 
      #{ssplauu,jdbcType=CHAR}, #{ssplaup,jdbcType=CHAR}, #{isubrep,jdbcType=INTEGER}
      )
  </insert>
  <insert id="insertSelective" parameterType="com.ibm.dk.alr.zscm.scrt.storing.mybatis.model.SCRSPL">
    insert into SCRSPL
    <trim prefix="(" suffix=")" suffixOverrides=",">
      <if test="isubrid != null">
        ISUBRID,
      </if>
      <if test="fsubste != null">
        FSUBSTE,
      </if>
      <if test="dspltms != null">
        DSPLTMS,
      </if>
      <if test="isplcom != null">
        ISPLCOM,
      </if>
      <if test="csplcas != null">
        CSPLCAS,
      </if>
      <if test="tsplrea != null">
        TSPLREA,
      </if>
      <if test="tspldlo != null">
        TSPLDLO,
      </if>
      <if test="tsplusr != null">
        TSPLUSR,
      </if>
      <if test="dperper != null">
        DPERPER,
      </if>
      <if test="dsplaut != null">
        DSPLAUT,
      </if>
      <if test="ssplauu != null">
        SSPLAUU,
      </if>
      <if test="ssplaup != null">
        SSPLAUP,
      </if>
      <if test="isubrep != null">
        ISUBREP,
      </if>
    </trim>
    <trim prefix="values (" suffix=")" suffixOverrides=",">
      <if test="isubrid != null">
        #{isubrid,jdbcType=CHAR},
      </if>
      <if test="fsubste != null">
        #{fsubste,jdbcType=CHAR},
      </if>
      <if test="dspltms != null">
        #{dspltms,jdbcType=TIMESTAMP},
      </if>
      <if test="isplcom != null">
        #{isplcom,jdbcType=CHAR},
      </if>
      <if test="csplcas != null">
        #{csplcas,jdbcType=CHAR},
      </if>
      <if test="tsplrea != null">
        #{tsplrea,jdbcType=CHAR},
      </if>
      <if test="tspldlo != null">
        #{tspldlo,jdbcType=CHAR},
      </if>
      <if test="tsplusr != null">
        #{tsplusr,jdbcType=CHAR},
      </if>
      <if test="dperper != null">
        #{dperper,jdbcType=CHAR},
      </if>
      <if test="dsplaut != null">
        #{dsplaut,jdbcType=TIMESTAMP},
      </if>
      <if test="ssplauu != null">
        #{ssplauu,jdbcType=CHAR},
      </if>
      <if test="ssplaup != null">
        #{ssplaup,jdbcType=CHAR},
      </if>
      <if test="isubrep != null">
        #{isubrep,jdbcType=INTEGER},
      </if>
    </trim>
  </insert>
  <resultMap id="BaseResultMap" type="com.ibm.dk.alr.zscm.scrt.storing.mybatis.model.SCRSPL">
    <result column="ISUBRID" jdbcType="CHAR" property="isubrid" />
    <result column="FSUBSTE" jdbcType="CHAR" property="fsubste" />
    <result column="DSPLTMS" jdbcType="TIMESTAMP" property="dspltms" />
    <result column="ISPLCOM" jdbcType="CHAR" property="isplcom" />
    <result column="CSPLCAS" jdbcType="CHAR" property="csplcas" />
    <result column="TSPLREA" jdbcType="CHAR" property="tsplrea" />
    <result column="TSPLDLO" jdbcType="CHAR" property="tspldlo" />
    <result column="TSPLUSR" jdbcType="CHAR" property="tsplusr" />
    <result column="DPERPER" jdbcType="CHAR" property="dperper" />
    <result column="DSPLAUT" jdbcType="TIMESTAMP" property="dsplaut" />
    <result column="SSPLAUU" jdbcType="CHAR" property="ssplauu" />
    <result column="SSPLAUP" jdbcType="CHAR" property="ssplaup" />
    <result column="ISUBREP" jdbcType="INTEGER" property="isubrep" />
  </resultMap>
  <insert id="insert" parameterType="com.ibm.dk.alr.zscm.scrt.storing.mybatis.model.SCRSPL">
    insert into SCRSPL (ISUBRID, FSUBSTE, DSPLTMS, 
      ISPLCOM, CSPLCAS, TSPLREA, TSPLDLO, 
      TSPLUSR, DPERPER, DSPLAUT, 
      SSPLAUU, SSPLAUP, ISUBREP
      )
    values (#{isubrid,jdbcType=CHAR}, #{fsubste,jdbcType=CHAR}, #{dspltms,jdbcType=TIMESTAMP}, 
      #{isplcom,jdbcType=CHAR}, #{csplcas,jdbcType=CHAR}, #{tsplrea,jdbcType=CHAR}, #{tspldlo,jdbcType=CHAR}, 
      #{tsplusr,jdbcType=CHAR}, #{dperper,jdbcType=CHAR}, #{dsplaut,jdbcType=TIMESTAMP}, 
      #{ssplauu,jdbcType=CHAR}, #{ssplaup,jdbcType=CHAR}, #{isubrep,jdbcType=INTEGER}
      )
  </insert>
  <insert id="insertSelective" parameterType="com.ibm.dk.alr.zscm.scrt.storing.mybatis.model.SCRSPL">
    insert into SCRSPL
    <trim prefix="(" suffix=")" suffixOverrides=",">
      <if test="isubrid != null">
        ISUBRID,
      </if>
      <if test="fsubste != null">
        FSUBSTE,
      </if>
      <if test="dspltms != null">
        DSPLTMS,
      </if>
      <if test="isplcom != null">
        ISPLCOM,
      </if>
      <if test="csplcas != null">
        CSPLCAS,
      </if>
      <if test="tsplrea != null">
        TSPLREA,
      </if>
      <if test="tspldlo != null">
        TSPLDLO,
      </if>
      <if test="tsplusr != null">
        TSPLUSR,
      </if>
      <if test="dperper != null">
        DPERPER,
      </if>
      <if test="dsplaut != null">
        DSPLAUT,
      </if>
      <if test="ssplauu != null">
        SSPLAUU,
      </if>
      <if test="ssplaup != null">
        SSPLAUP,
      </if>
      <if test="isubrep != null">
        ISUBREP,
      </if>
    </trim>
    <trim prefix="values (" suffix=")" suffixOverrides=",">
      <if test="isubrid != null">
        #{isubrid,jdbcType=CHAR},
      </if>
      <if test="fsubste != null">
        #{fsubste,jdbcType=CHAR},
      </if>
      <if test="dspltms != null">
        #{dspltms,jdbcType=TIMESTAMP},
      </if>
      <if test="isplcom != null">
        #{isplcom,jdbcType=CHAR},
      </if>
      <if test="csplcas != null">
        #{csplcas,jdbcType=CHAR},
      </if>
      <if test="tsplrea != null">
        #{tsplrea,jdbcType=CHAR},
      </if>
      <if test="tspldlo != null">
        #{tspldlo,jdbcType=CHAR},
      </if>
      <if test="tsplusr != null">
        #{tsplusr,jdbcType=CHAR},
      </if>
      <if test="dperper != null">
        #{dperper,jdbcType=CHAR},
      </if>
      <if test="dsplaut != null">
        #{dsplaut,jdbcType=TIMESTAMP},
      </if>
      <if test="ssplauu != null">
        #{ssplauu,jdbcType=CHAR},
      </if>
      <if test="ssplaup != null">
        #{ssplaup,jdbcType=CHAR},
      </if>
      <if test="isubrep != null">
        #{isubrep,jdbcType=INTEGER},
      </if>
    </trim>
  </insert>
</mapper>