<?xml version="1.0" encoding="UTF-8"?>
<!DOCTYPE mapper PUBLIC "-//mybatis.org//DTD Mapper 3.0//EN" "http://mybatis.org/dtd/mybatis-3-mapper.dtd">
<mapper namespace="com.ibm.dk.alr.zscm.scrt.storing.mybatis.data.SCRSUXMapper">
  <resultMap id="BaseResultMap" type="com.ibm.dk.alr.zscm.scrt.storing.mybatis.model.SCRSUX">
    <id column="ISUBRID" jdbcType="CHAR" property="isubrid" />
    <id column="ISUBREP" jdbcType="INTEGER" property="isubrep" />
    <result column="FSUXSTA" jdbcType="CHAR" property="fsuxsta" />
    <result column="CSUXRDA" jdbcType="VARCHAR" property="csuxrda" />
    <result column="NSUXTOV" jdbcType="CHAR" property="nsuxtov" />
    <result column="NSUXDTL" jdbcType="CHAR" property="nsuxdtl" />
    <result column="NSUXGCC" jdbcType="CHAR" property="nsuxgcc" />
    <result column="NSUXNME" jdbcType="CHAR" property="nsuxnme" />
    <result column="NSUXPHN" jdbcType="CHAR" property="nsuxphn" />
    <result column="NSUXEML" jdbcType="CHAR" property="nsuxeml" />
    <result column="DSUXSTS" jdbcType="TIMESTAMP" property="dsuxsts" />
    <result column="DSUXUTS" jdbcType="TIMESTAMP" property="dsuxuts" />
    <result column="ICUSLEG" jdbcType="CHAR" property="icusleg" />
    <result column="NSUXCNM" jdbcType="CHAR" property="nsuxcnm" />
    <result column="ISUXHWS" jdbcType="CHAR" property="isuxhws" />
    <result column="ISUXHWT" jdbcType="CHAR" property="isuxhwt" />
    <result column="NSUXMSU" jdbcType="CHAR" property="nsuxmsu" />
    <result column="ISPCMCH" jdbcType="CHAR" property="ispcmch" />
    <result column="NTODNME" jdbcType="CHAR" property="ntodnme" />
    <result column="NTODVER" jdbcType="CHAR" property="ntodver" />
    <result column="NTODREL" jdbcType="CHAR" property="ntodrel" />
    <result column="ICTYCTY" jdbcType="CHAR" property="ictycty" />
    <result column="DSUXPST" jdbcType="DATE" property="dsuxpst" />
    <result column="DSUXPEN" jdbcType="DATE" property="dsuxpen" />
    <result column="NSUXAID" jdbcType="CHAR" property="nsuxaid" />
    <result column="FSUXBSC" jdbcType="CHAR" property="fsuxbsc" />
    <result column="DPERPER" jdbcType="CHAR" property="dperper" />
    <result column="DSUXAUT" jdbcType="TIMESTAMP" property="dsuxaut" />
    <result column="NSUXAUU" jdbcType="CHAR" property="nsuxauu" />
    <result column="NSUXAUP" jdbcType="CHAR" property="nsuxaup" />
    <result column="FSUXIPL" jdbcType="CHAR" property="fsuxipl" />
    <result column="CSUXPER" jdbcType="VARCHAR" property="csuxper" />
    <result column="NSUXUID" jdbcType="CHAR" property="nsuxuid" />
    <result column="NSUXIID" jdbcType="CHAR" property="nsuxiid" />
    <result column="NSUXSID" jdbcType="TIMESTAMP" property="nsuxsid" />
    <result column="NSUXCTY" jdbcType="CHAR" property="nsuxcty" />
    <result column="ICUSPRO" jdbcType="CHAR" property="icuspro" />
    <result column="NSUXRES" jdbcType="CHAR" property="nsuxres" />
    <result column="FSUXEML" jdbcType="CHAR" property="fsuxeml" />
    <result column="FSUXMCO" jdbcType="CHAR" property="fsuxmco" />
    <result column="FSUXCFS" jdbcType="CHAR" property="fsuxcfs" />
    <result column="FSUXHAS" jdbcType="CHAR" property="fsuxhas" />
    <result column="NSUXCFE" jdbcType="CHAR" property="nsuxcfe" />
    <result column="NSUXHAS" jdbcType="CHAR" property="nsuxhas" />
    <result column="FSUXMVM" jdbcType="CHAR" property="fsuxmvm" />
    <result column="NSUXLAG" jdbcType="CHAR" property="nsuxlag" />
    <result column="FSUXLPA" jdbcType="CHAR" property="fsuxlpa" />
  </resultMap>
  <sql id="Base_Column_List">
    ISUBRID, ISUBREP, FSUXSTA, CSUXRDA, NSUXTOV, NSUXDTL, NSUXGCC, NSUXNME, NSUXPHN, 
    NSUXEML, DSUXSTS, DSUXUTS, ICUSLEG, NSUXCNM, ISUXHWS, ISUXHWT, NSUXMSU, ISPCMCH, 
    NTODNME, NTODVER, NTODREL, ICTYCTY, DSUXPST, DSUXPEN, NSUXAID, FSUXBSC, DPERPER, 
    DSUXAUT, NSUXAUU, NSUXAUP, FSUXIPL, CSUXPER, NSUXUID, NSUXIID, NSUXSID, NSUXCTY, 
    ICUSPRO, NSUXRES, FSUXEML, FSUXMCO, FSUXCFS, FSUXHAS, NSUXCFE, NSUXHAS, FSUXMVM, 
    NSUXLAG, FSUXLPA
  </sql>
  <select id="selectByPrimaryKey" parameterType="com.ibm.dk.alr.zscm.scrt.storing.mybatis.model.SCRSUXKey" resultMap="BaseResultMap">
    select 
    <include refid="Base_Column_List" />
    from SCRSUX
    where ISUBRID = #{isubrid,jdbcType=CHAR}
      and ISUBREP = #{isubrep,jdbcType=INTEGER}
  </select>
  <delete id="deleteByPrimaryKey" parameterType="com.ibm.dk.alr.zscm.scrt.storing.mybatis.model.SCRSUXKey">
    delete from SCRSUX
    where ISUBRID = #{isubrid,jdbcType=CHAR}
      and ISUBREP = #{isubrep,jdbcType=INTEGER}
  </delete>
  <insert id="insert" parameterType="com.ibm.dk.alr.zscm.scrt.storing.mybatis.model.SCRSUX">
    insert into SCRSUX (ISUBRID, ISUBREP, FSUXSTA, 
      CSUXRDA, NSUXTOV, NSUXDTL, 
      NSUXGCC, NSUXNME, NSUXPHN, NSUXEML, 
      DSUXSTS, DSUXUTS, ICUSLEG, 
      NSUXCNM, ISUXHWS, ISUXHWT, NSUXMSU, 
      ISPCMCH, NTODNME, NTODVER, NTODREL, 
      ICTYCTY, DSUXPST, DSUXPEN, NSUXAID, 
      FSUXBSC, DPERPER, DSUXAUT, 
      NSUXAUU, NSUXAUP, FSUXIPL, CSUXPER, 
      NSUXUID, NSUXIID, NSUXSID, 
      NSUXCTY, ICUSPRO, NSUXRES, FSUXEML, 
      FSUXMCO, FSUXCFS, FSUXHAS, NSUXCFE, 
      NSUXHAS, FSUXMVM, NSUXLAG, FSUXLPA
      )
    values (#{isubrid,jdbcType=CHAR}, #{isubrep,jdbcType=INTEGER}, #{fsuxsta,jdbcType=CHAR}, 
      #{csuxrda,jdbcType=VARCHAR}, #{nsuxtov,jdbcType=CHAR}, #{nsuxdtl,jdbcType=CHAR}, 
      #{nsuxgcc,jdbcType=CHAR}, #{nsuxnme,jdbcType=CHAR}, #{nsuxphn,jdbcType=CHAR}, #{nsuxeml,jdbcType=CHAR}, 
      #{dsuxsts,jdbcType=TIMESTAMP}, #{dsuxuts,jdbcType=TIMESTAMP}, #{icusleg,jdbcType=CHAR}, 
      #{nsuxcnm,jdbcType=CHAR}, #{isuxhws,jdbcType=CHAR}, #{isuxhwt,jdbcType=CHAR}, #{nsuxmsu,jdbcType=CHAR}, 
      #{ispcmch,jdbcType=CHAR}, #{ntodnme,jdbcType=CHAR}, #{ntodver,jdbcType=CHAR}, #{ntodrel,jdbcType=CHAR}, 
      #{ictycty,jdbcType=CHAR}, #{dsuxpst,jdbcType=DATE}, #{dsuxpen,jdbcType=DATE}, #{nsuxaid,jdbcType=CHAR}, 
      #{fsuxbsc,jdbcType=CHAR}, #{dperper,jdbcType=CHAR}, #{dsuxaut,jdbcType=TIMESTAMP}, 
      #{nsuxauu,jdbcType=CHAR}, #{nsuxaup,jdbcType=CHAR}, #{fsuxipl,jdbcType=CHAR}, #{csuxper,jdbcType=VARCHAR}, 
      #{nsuxuid,jdbcType=CHAR}, #{nsuxiid,jdbcType=CHAR}, #{nsuxsid,jdbcType=TIMESTAMP}, 
      #{nsuxcty,jdbcType=CHAR}, #{icuspro,jdbcType=CHAR}, #{nsuxres,jdbcType=CHAR}, #{fsuxeml,jdbcType=CHAR}, 
      #{fsuxmco,jdbcType=CHAR}, #{fsuxcfs,jdbcType=CHAR}, #{fsuxhas,jdbcType=CHAR}, #{nsuxcfe,jdbcType=CHAR}, 
      #{nsuxhas,jdbcType=CHAR}, #{fsuxmvm,jdbcType=CHAR}, #{nsuxlag,jdbcType=CHAR}, #{fsuxlpa,jdbcType=CHAR}
      )
  </insert>
  <insert id="insertSelective" parameterType="com.ibm.dk.alr.zscm.scrt.storing.mybatis.model.SCRSUX">
    insert into SCRSUX
    <trim prefix="(" suffix=")" suffixOverrides=",">
      <if test="isubrid != null">
        ISUBRID,
      </if>
      <if test="isubrep != null">
        ISUBREP,
      </if>
      <if test="fsuxsta != null">
        FSUXSTA,
      </if>
      <if test="csuxrda != null">
        CSUXRDA,
      </if>
      <if test="nsuxtov != null">
        NSUXTOV,
      </if>
      <if test="nsuxdtl != null">
        NSUXDTL,
      </if>
      <if test="nsuxgcc != null">
        NSUXGCC,
      </if>
      <if test="nsuxnme != null">
        NSUXNME,
      </if>
      <if test="nsuxphn != null">
        NSUXPHN,
      </if>
      <if test="nsuxeml != null">
        NSUXEML,
      </if>
      <if test="dsuxsts != null">
        DSUXSTS,
      </if>
      <if test="dsuxuts != null">
        DSUXUTS,
      </if>
      <if test="icusleg != null">
        ICUSLEG,
      </if>
      <if test="nsuxcnm != null">
        NSUXCNM,
      </if>
      <if test="isuxhws != null">
        ISUXHWS,
      </if>
      <if test="isuxhwt != null">
        ISUXHWT,
      </if>
      <if test="nsuxmsu != null">
        NSUXMSU,
      </if>
      <if test="ispcmch != null">
        ISPCMCH,
      </if>
      <if test="ntodnme != null">
        NTODNME,
      </if>
      <if test="ntodver != null">
        NTODVER,
      </if>
      <if test="ntodrel != null">
        NTODREL,
      </if>
      <if test="ictycty != null">
        ICTYCTY,
      </if>
      <if test="dsuxpst != null">
        DSUXPST,
      </if>
      <if test="dsuxpen != null">
        DSUXPEN,
      </if>
      <if test="nsuxaid != null">
        NSUXAID,
      </if>
      <if test="fsuxbsc != null">
        FSUXBSC,
      </if>
      <if test="dperper != null">
        DPERPER,
      </if>
      <if test="dsuxaut != null">
        DSUXAUT,
      </if>
      <if test="nsuxauu != null">
        NSUXAUU,
      </if>
      <if test="nsuxaup != null">
        NSUXAUP,
      </if>
      <if test="fsuxipl != null">
        FSUXIPL,
      </if>
      <if test="csuxper != null">
        CSUXPER,
      </if>
      <if test="nsuxuid != null">
        NSUXUID,
      </if>
      <if test="nsuxiid != null">
        NSUXIID,
      </if>
      <if test="nsuxsid != null">
        NSUXSID,
      </if>
      <if test="nsuxcty != null">
        NSUXCTY,
      </if>
      <if test="icuspro != null">
        ICUSPRO,
      </if>
      <if test="nsuxres != null">
        NSUXRES,
      </if>
      <if test="fsuxeml != null">
        FSUXEML,
      </if>
      <if test="fsuxmco != null">
        FSUXMCO,
      </if>
      <if test="fsuxcfs != null">
        FSUXCFS,
      </if>
      <if test="fsuxhas != null">
        FSUXHAS,
      </if>
      <if test="nsuxcfe != null">
        NSUXCFE,
      </if>
      <if test="nsuxhas != null">
        NSUXHAS,
      </if>
      <if test="fsuxmvm != null">
        FSUXMVM,
      </if>
      <if test="nsuxlag != null">
        NSUXLAG,
      </if>
      <if test="fsuxlpa != null">
        FSUXLPA,
      </if>
    </trim>
    <trim prefix="values (" suffix=")" suffixOverrides=",">
      <if test="isubrid != null">
        #{isubrid,jdbcType=CHAR},
      </if>
      <if test="isubrep != null">
        #{isubrep,jdbcType=INTEGER},
      </if>
      <if test="fsuxsta != null">
        #{fsuxsta,jdbcType=CHAR},
      </if>
      <if test="csuxrda != null">
        #{csuxrda,jdbcType=VARCHAR},
      </if>
      <if test="nsuxtov != null">
        #{nsuxtov,jdbcType=CHAR},
      </if>
      <if test="nsuxdtl != null">
        #{nsuxdtl,jdbcType=CHAR},
      </if>
      <if test="nsuxgcc != null">
        #{nsuxgcc,jdbcType=CHAR},
      </if>
      <if test="nsuxnme != null">
        #{nsuxnme,jdbcType=CHAR},
      </if>
      <if test="nsuxphn != null">
        #{nsuxphn,jdbcType=CHAR},
      </if>
      <if test="nsuxeml != null">
        #{nsuxeml,jdbcType=CHAR},
      </if>
      <if test="dsuxsts != null">
        #{dsuxsts,jdbcType=TIMESTAMP},
      </if>
      <if test="dsuxuts != null">
        #{dsuxuts,jdbcType=TIMESTAMP},
      </if>
      <if test="icusleg != null">
        #{icusleg,jdbcType=CHAR},
      </if>
      <if test="nsuxcnm != null">
        #{nsuxcnm,jdbcType=CHAR},
      </if>
      <if test="isuxhws != null">
        #{isuxhws,jdbcType=CHAR},
      </if>
      <if test="isuxhwt != null">
        #{isuxhwt,jdbcType=CHAR},
      </if>
      <if test="nsuxmsu != null">
        #{nsuxmsu,jdbcType=CHAR},
      </if>
      <if test="ispcmch != null">
        #{ispcmch,jdbcType=CHAR},
      </if>
      <if test="ntodnme != null">
        #{ntodnme,jdbcType=CHAR},
      </if>
      <if test="ntodver != null">
        #{ntodver,jdbcType=CHAR},
      </if>
      <if test="ntodrel != null">
        #{ntodrel,jdbcType=CHAR},
      </if>
      <if test="ictycty != null">
        #{ictycty,jdbcType=CHAR},
      </if>
      <if test="dsuxpst != null">
        #{dsuxpst,jdbcType=DATE},
      </if>
      <if test="dsuxpen != null">
        #{dsuxpen,jdbcType=DATE},
      </if>
      <if test="nsuxaid != null">
        #{nsuxaid,jdbcType=CHAR},
      </if>
      <if test="fsuxbsc != null">
        #{fsuxbsc,jdbcType=CHAR},
      </if>
      <if test="dperper != null">
        #{dperper,jdbcType=CHAR},
      </if>
      <if test="dsuxaut != null">
        #{dsuxaut,jdbcType=TIMESTAMP},
      </if>
      <if test="nsuxauu != null">
        #{nsuxauu,jdbcType=CHAR},
      </if>
      <if test="nsuxaup != null">
        #{nsuxaup,jdbcType=CHAR},
      </if>
      <if test="fsuxipl != null">
        #{fsuxipl,jdbcType=CHAR},
      </if>
      <if test="csuxper != null">
        #{csuxper,jdbcType=VARCHAR},
      </if>
      <if test="nsuxuid != null">
        #{nsuxuid,jdbcType=CHAR},
      </if>
      <if test="nsuxiid != null">
        #{nsuxiid,jdbcType=CHAR},
      </if>
      <if test="nsuxsid != null">
        #{nsuxsid,jdbcType=TIMESTAMP},
      </if>
      <if test="nsuxcty != null">
        #{nsuxcty,jdbcType=CHAR},
      </if>
      <if test="icuspro != null">
        #{icuspro,jdbcType=CHAR},
      </if>
      <if test="nsuxres != null">
        #{nsuxres,jdbcType=CHAR},
      </if>
      <if test="fsuxeml != null">
        #{fsuxeml,jdbcType=CHAR},
      </if>
      <if test="fsuxmco != null">
        #{fsuxmco,jdbcType=CHAR},
      </if>
      <if test="fsuxcfs != null">
        #{fsuxcfs,jdbcType=CHAR},
      </if>
      <if test="fsuxhas != null">
        #{fsuxhas,jdbcType=CHAR},
      </if>
      <if test="nsuxcfe != null">
        #{nsuxcfe,jdbcType=CHAR},
      </if>
      <if test="nsuxhas != null">
        #{nsuxhas,jdbcType=CHAR},
      </if>
      <if test="fsuxmvm != null">
        #{fsuxmvm,jdbcType=CHAR},
      </if>
      <if test="nsuxlag != null">
        #{nsuxlag,jdbcType=CHAR},
      </if>
      <if test="fsuxlpa != null">
        #{fsuxlpa,jdbcType=CHAR},
      </if>
    </trim>
  </insert>
  <update id="updateByPrimaryKeySelective" parameterType="com.ibm.dk.alr.zscm.scrt.storing.mybatis.model.SCRSUX">
    update SCRSUX
    <set>
      <if test="fsuxsta != null">
        FSUXSTA = #{fsuxsta,jdbcType=CHAR},
      </if>
      <if test="csuxrda != null">
        CSUXRDA = #{csuxrda,jdbcType=VARCHAR},
      </if>
      <if test="nsuxtov != null">
        NSUXTOV = #{nsuxtov,jdbcType=CHAR},
      </if>
      <if test="nsuxdtl != null">
        NSUXDTL = #{nsuxdtl,jdbcType=CHAR},
      </if>
      <if test="nsuxgcc != null">
        NSUXGCC = #{nsuxgcc,jdbcType=CHAR},
      </if>
      <if test="nsuxnme != null">
        NSUXNME = #{nsuxnme,jdbcType=CHAR},
      </if>
      <if test="nsuxphn != null">
        NSUXPHN = #{nsuxphn,jdbcType=CHAR},
      </if>
      <if test="nsuxeml != null">
        NSUXEML = #{nsuxeml,jdbcType=CHAR},
      </if>
      <if test="dsuxsts != null">
        DSUXSTS = #{dsuxsts,jdbcType=TIMESTAMP},
      </if>
      <if test="dsuxuts != null">
        DSUXUTS = #{dsuxuts,jdbcType=TIMESTAMP},
      </if>
      <if test="icusleg != null">
        ICUSLEG = #{icusleg,jdbcType=CHAR},
      </if>
      <if test="nsuxcnm != null">
        NSUXCNM = #{nsuxcnm,jdbcType=CHAR},
      </if>
      <if test="isuxhws != null">
        ISUXHWS = #{isuxhws,jdbcType=CHAR},
      </if>
      <if test="isuxhwt != null">
        ISUXHWT = #{isuxhwt,jdbcType=CHAR},
      </if>
      <if test="nsuxmsu != null">
        NSUXMSU = #{nsuxmsu,jdbcType=CHAR},
      </if>
      <if test="ispcmch != null">
        ISPCMCH = #{ispcmch,jdbcType=CHAR},
      </if>
      <if test="ntodnme != null">
        NTODNME = #{ntodnme,jdbcType=CHAR},
      </if>
      <if test="ntodver != null">
        NTODVER = #{ntodver,jdbcType=CHAR},
      </if>
      <if test="ntodrel != null">
        NTODREL = #{ntodrel,jdbcType=CHAR},
      </if>
      <if test="ictycty != null">
        ICTYCTY = #{ictycty,jdbcType=CHAR},
      </if>
      <if test="dsuxpst != null">
        DSUXPST = #{dsuxpst,jdbcType=DATE},
      </if>
      <if test="dsuxpen != null">
        DSUXPEN = #{dsuxpen,jdbcType=DATE},
      </if>
      <if test="nsuxaid != null">
        NSUXAID = #{nsuxaid,jdbcType=CHAR},
      </if>
      <if test="fsuxbsc != null">
        FSUXBSC = #{fsuxbsc,jdbcType=CHAR},
      </if>
      <if test="dperper != null">
        DPERPER = #{dperper,jdbcType=CHAR},
      </if>
      <if test="dsuxaut != null">
        DSUXAUT = #{dsuxaut,jdbcType=TIMESTAMP},
      </if>
      <if test="nsuxauu != null">
        NSUXAUU = #{nsuxauu,jdbcType=CHAR},
      </if>
      <if test="nsuxaup != null">
        NSUXAUP = #{nsuxaup,jdbcType=CHAR},
      </if>
      <if test="fsuxipl != null">
        FSUXIPL = #{fsuxipl,jdbcType=CHAR},
      </if>
      <if test="csuxper != null">
        CSUXPER = #{csuxper,jdbcType=VARCHAR},
      </if>
      <if test="nsuxuid != null">
        NSUXUID = #{nsuxuid,jdbcType=CHAR},
      </if>
      <if test="nsuxiid != null">
        NSUXIID = #{nsuxiid,jdbcType=CHAR},
      </if>
      <if test="nsuxsid != null">
        NSUXSID = #{nsuxsid,jdbcType=TIMESTAMP},
      </if>
      <if test="nsuxcty != null">
        NSUXCTY = #{nsuxcty,jdbcType=CHAR},
      </if>
      <if test="icuspro != null">
        ICUSPRO = #{icuspro,jdbcType=CHAR},
      </if>
      <if test="nsuxres != null">
        NSUXRES = #{nsuxres,jdbcType=CHAR},
      </if>
      <if test="fsuxeml != null">
        FSUXEML = #{fsuxeml,jdbcType=CHAR},
      </if>
      <if test="fsuxmco != null">
        FSUXMCO = #{fsuxmco,jdbcType=CHAR},
      </if>
      <if test="fsuxcfs != null">
        FSUXCFS = #{fsuxcfs,jdbcType=CHAR},
      </if>
      <if test="fsuxhas != null">
        FSUXHAS = #{fsuxhas,jdbcType=CHAR},
      </if>
      <if test="nsuxcfe != null">
        NSUXCFE = #{nsuxcfe,jdbcType=CHAR},
      </if>
      <if test="nsuxhas != null">
        NSUXHAS = #{nsuxhas,jdbcType=CHAR},
      </if>
      <if test="fsuxmvm != null">
        FSUXMVM = #{fsuxmvm,jdbcType=CHAR},
      </if>
      <if test="nsuxlag != null">
        NSUXLAG = #{nsuxlag,jdbcType=CHAR},
      </if>
      <if test="fsuxlpa != null">
        FSUXLPA = #{fsuxlpa,jdbcType=CHAR},
      </if>
    </set>
    where ISUBRID = #{isubrid,jdbcType=CHAR}
      and ISUBREP = #{isubrep,jdbcType=INTEGER}
  </update>
  <update id="updateByPrimaryKey" parameterType="com.ibm.dk.alr.zscm.scrt.storing.mybatis.model.SCRSUX">
    update SCRSUX
    set FSUXSTA = #{fsuxsta,jdbcType=CHAR},
      CSUXRDA = #{csuxrda,jdbcType=VARCHAR},
      NSUXTOV = #{nsuxtov,jdbcType=CHAR},
      NSUXDTL = #{nsuxdtl,jdbcType=CHAR},
      NSUXGCC = #{nsuxgcc,jdbcType=CHAR},
      NSUXNME = #{nsuxnme,jdbcType=CHAR},
      NSUXPHN = #{nsuxphn,jdbcType=CHAR},
      NSUXEML = #{nsuxeml,jdbcType=CHAR},
      DSUXSTS = #{dsuxsts,jdbcType=TIMESTAMP},
      DSUXUTS = #{dsuxuts,jdbcType=TIMESTAMP},
      ICUSLEG = #{icusleg,jdbcType=CHAR},
      NSUXCNM = #{nsuxcnm,jdbcType=CHAR},
      ISUXHWS = #{isuxhws,jdbcType=CHAR},
      ISUXHWT = #{isuxhwt,jdbcType=CHAR},
      NSUXMSU = #{nsuxmsu,jdbcType=CHAR},
      ISPCMCH = #{ispcmch,jdbcType=CHAR},
      NTODNME = #{ntodnme,jdbcType=CHAR},
      NTODVER = #{ntodver,jdbcType=CHAR},
      NTODREL = #{ntodrel,jdbcType=CHAR},
      ICTYCTY = #{ictycty,jdbcType=CHAR},
      DSUXPST = #{dsuxpst,jdbcType=DATE},
      DSUXPEN = #{dsuxpen,jdbcType=DATE},
      NSUXAID = #{nsuxaid,jdbcType=CHAR},
      FSUXBSC = #{fsuxbsc,jdbcType=CHAR},
      DPERPER = #{dperper,jdbcType=CHAR},
      DSUXAUT = #{dsuxaut,jdbcType=TIMESTAMP},
      NSUXAUU = #{nsuxauu,jdbcType=CHAR},
      NSUXAUP = #{nsuxaup,jdbcType=CHAR},
      FSUXIPL = #{fsuxipl,jdbcType=CHAR},
      CSUXPER = #{csuxper,jdbcType=VARCHAR},
      NSUXUID = #{nsuxuid,jdbcType=CHAR},
      NSUXIID = #{nsuxiid,jdbcType=CHAR},
      NSUXSID = #{nsuxsid,jdbcType=TIMESTAMP},
      NSUXCTY = #{nsuxcty,jdbcType=CHAR},
      ICUSPRO = #{icuspro,jdbcType=CHAR},
      NSUXRES = #{nsuxres,jdbcType=CHAR},
      FSUXEML = #{fsuxeml,jdbcType=CHAR},
      FSUXMCO = #{fsuxmco,jdbcType=CHAR},
      FSUXCFS = #{fsuxcfs,jdbcType=CHAR},
      FSUXHAS = #{fsuxhas,jdbcType=CHAR},
      NSUXCFE = #{nsuxcfe,jdbcType=CHAR},
      NSUXHAS = #{nsuxhas,jdbcType=CHAR},
      FSUXMVM = #{fsuxmvm,jdbcType=CHAR},
      NSUXLAG = #{nsuxlag,jdbcType=CHAR},
      FSUXLPA = #{fsuxlpa,jdbcType=CHAR}
    where ISUBRID = #{isubrid,jdbcType=CHAR}
      and ISUBREP = #{isubrep,jdbcType=INTEGER}
  </update>
  <resultMap id="BaseResultMap" type="com.ibm.dk.alr.zscm.scrt.storing.mybatis.model.SCRSUX">
    <id column="ISUBRID" jdbcType="CHAR" property="isubrid" />
    <id column="ISUBREP" jdbcType="INTEGER" property="isubrep" />
    <result column="FSUXSTA" jdbcType="CHAR" property="fsuxsta" />
    <result column="CSUXRDA" jdbcType="VARCHAR" property="csuxrda" />
    <result column="NSUXTOV" jdbcType="CHAR" property="nsuxtov" />
    <result column="NSUXDTL" jdbcType="CHAR" property="nsuxdtl" />
    <result column="NSUXGCC" jdbcType="CHAR" property="nsuxgcc" />
    <result column="NSUXNME" jdbcType="CHAR" property="nsuxnme" />
    <result column="NSUXPHN" jdbcType="CHAR" property="nsuxphn" />
    <result column="NSUXEML" jdbcType="CHAR" property="nsuxeml" />
    <result column="DSUXSTS" jdbcType="TIMESTAMP" property="dsuxsts" />
    <result column="DSUXUTS" jdbcType="TIMESTAMP" property="dsuxuts" />
    <result column="ICUSLEG" jdbcType="CHAR" property="icusleg" />
    <result column="NSUXCNM" jdbcType="CHAR" property="nsuxcnm" />
    <result column="ISUXHWS" jdbcType="CHAR" property="isuxhws" />
    <result column="ISUXHWT" jdbcType="CHAR" property="isuxhwt" />
    <result column="NSUXMSU" jdbcType="CHAR" property="nsuxmsu" />
    <result column="ISPCMCH" jdbcType="CHAR" property="ispcmch" />
    <result column="NTODNME" jdbcType="CHAR" property="ntodnme" />
    <result column="NTODVER" jdbcType="CHAR" property="ntodver" />
    <result column="NTODREL" jdbcType="CHAR" property="ntodrel" />
    <result column="ICTYCTY" jdbcType="CHAR" property="ictycty" />
    <result column="DSUXPST" jdbcType="DATE" property="dsuxpst" />
    <result column="DSUXPEN" jdbcType="DATE" property="dsuxpen" />
    <result column="NSUXAID" jdbcType="CHAR" property="nsuxaid" />
    <result column="FSUXBSC" jdbcType="CHAR" property="fsuxbsc" />
    <result column="DPERPER" jdbcType="CHAR" property="dperper" />
    <result column="DSUXAUT" jdbcType="TIMESTAMP" property="dsuxaut" />
    <result column="NSUXAUU" jdbcType="CHAR" property="nsuxauu" />
    <result column="NSUXAUP" jdbcType="CHAR" property="nsuxaup" />
    <result column="FSUXIPL" jdbcType="CHAR" property="fsuxipl" />
    <result column="CSUXPER" jdbcType="VARCHAR" property="csuxper" />
    <result column="NSUXUID" jdbcType="CHAR" property="nsuxuid" />
    <result column="NSUXIID" jdbcType="CHAR" property="nsuxiid" />
    <result column="NSUXSID" jdbcType="TIMESTAMP" property="nsuxsid" />
    <result column="NSUXCTY" jdbcType="CHAR" property="nsuxcty" />
    <result column="ICUSPRO" jdbcType="CHAR" property="icuspro" />
    <result column="NSUXRES" jdbcType="CHAR" property="nsuxres" />
    <result column="FSUXEML" jdbcType="CHAR" property="fsuxeml" />
    <result column="FSUXMCO" jdbcType="CHAR" property="fsuxmco" />
    <result column="FSUXCFS" jdbcType="CHAR" property="fsuxcfs" />
    <result column="FSUXHAS" jdbcType="CHAR" property="fsuxhas" />
    <result column="NSUXCFE" jdbcType="CHAR" property="nsuxcfe" />
    <result column="NSUXHAS" jdbcType="CHAR" property="nsuxhas" />
    <result column="FSUXMVM" jdbcType="CHAR" property="fsuxmvm" />
    <result column="NSUXLAG" jdbcType="CHAR" property="nsuxlag" />
    <result column="FSUXLPA" jdbcType="CHAR" property="fsuxlpa" />
  </resultMap>
  <sql id="Base_Column_List">
    ISUBRID, ISUBREP, FSUXSTA, CSUXRDA, NSUXTOV, NSUXDTL, NSUXGCC, NSUXNME, NSUXPHN, 
    NSUXEML, DSUXSTS, DSUXUTS, ICUSLEG, NSUXCNM, ISUXHWS, ISUXHWT, NSUXMSU, ISPCMCH, 
    NTODNME, NTODVER, NTODREL, ICTYCTY, DSUXPST, DSUXPEN, NSUXAID, FSUXBSC, DPERPER, 
    DSUXAUT, NSUXAUU, NSUXAUP, FSUXIPL, CSUXPER, NSUXUID, NSUXIID, NSUXSID, NSUXCTY, 
    ICUSPRO, NSUXRES, FSUXEML, FSUXMCO, FSUXCFS, FSUXHAS, NSUXCFE, NSUXHAS, FSUXMVM, 
    NSUXLAG, FSUXLPA
  </sql>
  <select id="selectByPrimaryKey" parameterType="com.ibm.dk.alr.zscm.scrt.storing.mybatis.model.SCRSUXKey" resultMap="BaseResultMap">
    select 
    <include refid="Base_Column_List" />
    from SCRSUX
    where ISUBRID = #{isubrid,jdbcType=CHAR}
      and ISUBREP = #{isubrep,jdbcType=INTEGER}
  </select>
  <delete id="deleteByPrimaryKey" parameterType="com.ibm.dk.alr.zscm.scrt.storing.mybatis.model.SCRSUXKey">
    delete from SCRSUX
    where ISUBRID = #{isubrid,jdbcType=CHAR}
      and ISUBREP = #{isubrep,jdbcType=INTEGER}
  </delete>
  <insert id="insert" parameterType="com.ibm.dk.alr.zscm.scrt.storing.mybatis.model.SCRSUX">
    insert into SCRSUX (ISUBRID, ISUBREP, FSUXSTA, 
      CSUXRDA, NSUXTOV, NSUXDTL, 
      NSUXGCC, NSUXNME, NSUXPHN, NSUXEML, 
      DSUXSTS, DSUXUTS, ICUSLEG, 
      NSUXCNM, ISUXHWS, ISUXHWT, NSUXMSU, 
      ISPCMCH, NTODNME, NTODVER, NTODREL, 
      ICTYCTY, DSUXPST, DSUXPEN, NSUXAID, 
      FSUXBSC, DPERPER, DSUXAUT, 
      NSUXAUU, NSUXAUP, FSUXIPL, CSUXPER, 
      NSUXUID, NSUXIID, NSUXSID, 
      NSUXCTY, ICUSPRO, NSUXRES, FSUXEML, 
      FSUXMCO, FSUXCFS, FSUXHAS, NSUXCFE, 
      NSUXHAS, FSUXMVM, NSUXLAG, FSUXLPA
      )
    values (#{isubrid,jdbcType=CHAR}, #{isubrep,jdbcType=INTEGER}, #{fsuxsta,jdbcType=CHAR}, 
      #{csuxrda,jdbcType=VARCHAR}, #{nsuxtov,jdbcType=CHAR}, #{nsuxdtl,jdbcType=CHAR}, 
      #{nsuxgcc,jdbcType=CHAR}, #{nsuxnme,jdbcType=CHAR}, #{nsuxphn,jdbcType=CHAR}, #{nsuxeml,jdbcType=CHAR}, 
      #{dsuxsts,jdbcType=TIMESTAMP}, #{dsuxuts,jdbcType=TIMESTAMP}, #{icusleg,jdbcType=CHAR}, 
      #{nsuxcnm,jdbcType=CHAR}, #{isuxhws,jdbcType=CHAR}, #{isuxhwt,jdbcType=CHAR}, #{nsuxmsu,jdbcType=CHAR}, 
      #{ispcmch,jdbcType=CHAR}, #{ntodnme,jdbcType=CHAR}, #{ntodver,jdbcType=CHAR}, #{ntodrel,jdbcType=CHAR}, 
      #{ictycty,jdbcType=CHAR}, #{dsuxpst,jdbcType=DATE}, #{dsuxpen,jdbcType=DATE}, #{nsuxaid,jdbcType=CHAR}, 
      #{fsuxbsc,jdbcType=CHAR}, #{dperper,jdbcType=CHAR}, #{dsuxaut,jdbcType=TIMESTAMP}, 
      #{nsuxauu,jdbcType=CHAR}, #{nsuxaup,jdbcType=CHAR}, #{fsuxipl,jdbcType=CHAR}, #{csuxper,jdbcType=VARCHAR}, 
      #{nsuxuid,jdbcType=CHAR}, #{nsuxiid,jdbcType=CHAR}, #{nsuxsid,jdbcType=TIMESTAMP}, 
      #{nsuxcty,jdbcType=CHAR}, #{icuspro,jdbcType=CHAR}, #{nsuxres,jdbcType=CHAR}, #{fsuxeml,jdbcType=CHAR}, 
      #{fsuxmco,jdbcType=CHAR}, #{fsuxcfs,jdbcType=CHAR}, #{fsuxhas,jdbcType=CHAR}, #{nsuxcfe,jdbcType=CHAR}, 
      #{nsuxhas,jdbcType=CHAR}, #{fsuxmvm,jdbcType=CHAR}, #{nsuxlag,jdbcType=CHAR}, #{fsuxlpa,jdbcType=CHAR}
      )
  </insert>
  <insert id="insertSelective" parameterType="com.ibm.dk.alr.zscm.scrt.storing.mybatis.model.SCRSUX">
    insert into SCRSUX
    <trim prefix="(" suffix=")" suffixOverrides=",">
      <if test="isubrid != null">
        ISUBRID,
      </if>
      <if test="isubrep != null">
        ISUBREP,
      </if>
      <if test="fsuxsta != null">
        FSUXSTA,
      </if>
      <if test="csuxrda != null">
        CSUXRDA,
      </if>
      <if test="nsuxtov != null">
        NSUXTOV,
      </if>
      <if test="nsuxdtl != null">
        NSUXDTL,
      </if>
      <if test="nsuxgcc != null">
        NSUXGCC,
      </if>
      <if test="nsuxnme != null">
        NSUXNME,
      </if>
      <if test="nsuxphn != null">
        NSUXPHN,
      </if>
      <if test="nsuxeml != null">
        NSUXEML,
      </if>
      <if test="dsuxsts != null">
        DSUXSTS,
      </if>
      <if test="dsuxuts != null">
        DSUXUTS,
      </if>
      <if test="icusleg != null">
        ICUSLEG,
      </if>
      <if test="nsuxcnm != null">
        NSUXCNM,
      </if>
      <if test="isuxhws != null">
        ISUXHWS,
      </if>
      <if test="isuxhwt != null">
        ISUXHWT,
      </if>
      <if test="nsuxmsu != null">
        NSUXMSU,
      </if>
      <if test="ispcmch != null">
        ISPCMCH,
      </if>
      <if test="ntodnme != null">
        NTODNME,
      </if>
      <if test="ntodver != null">
        NTODVER,
      </if>
      <if test="ntodrel != null">
        NTODREL,
      </if>
      <if test="ictycty != null">
        ICTYCTY,
      </if>
      <if test="dsuxpst != null">
        DSUXPST,
      </if>
      <if test="dsuxpen != null">
        DSUXPEN,
      </if>
      <if test="nsuxaid != null">
        NSUXAID,
      </if>
      <if test="fsuxbsc != null">
        FSUXBSC,
      </if>
      <if test="dperper != null">
        DPERPER,
      </if>
      <if test="dsuxaut != null">
        DSUXAUT,
      </if>
      <if test="nsuxauu != null">
        NSUXAUU,
      </if>
      <if test="nsuxaup != null">
        NSUXAUP,
      </if>
      <if test="fsuxipl != null">
        FSUXIPL,
      </if>
      <if test="csuxper != null">
        CSUXPER,
      </if>
      <if test="nsuxuid != null">
        NSUXUID,
      </if>
      <if test="nsuxiid != null">
        NSUXIID,
      </if>
      <if test="nsuxsid != null">
        NSUXSID,
      </if>
      <if test="nsuxcty != null">
        NSUXCTY,
      </if>
      <if test="icuspro != null">
        ICUSPRO,
      </if>
      <if test="nsuxres != null">
        NSUXRES,
      </if>
      <if test="fsuxeml != null">
        FSUXEML,
      </if>
      <if test="fsuxmco != null">
        FSUXMCO,
      </if>
      <if test="fsuxcfs != null">
        FSUXCFS,
      </if>
      <if test="fsuxhas != null">
        FSUXHAS,
      </if>
      <if test="nsuxcfe != null">
        NSUXCFE,
      </if>
      <if test="nsuxhas != null">
        NSUXHAS,
      </if>
      <if test="fsuxmvm != null">
        FSUXMVM,
      </if>
      <if test="nsuxlag != null">
        NSUXLAG,
      </if>
      <if test="fsuxlpa != null">
        FSUXLPA,
      </if>
    </trim>
    <trim prefix="values (" suffix=")" suffixOverrides=",">
      <if test="isubrid != null">
        #{isubrid,jdbcType=CHAR},
      </if>
      <if test="isubrep != null">
        #{isubrep,jdbcType=INTEGER},
      </if>
      <if test="fsuxsta != null">
        #{fsuxsta,jdbcType=CHAR},
      </if>
      <if test="csuxrda != null">
        #{csuxrda,jdbcType=VARCHAR},
      </if>
      <if test="nsuxtov != null">
        #{nsuxtov,jdbcType=CHAR},
      </if>
      <if test="nsuxdtl != null">
        #{nsuxdtl,jdbcType=CHAR},
      </if>
      <if test="nsuxgcc != null">
        #{nsuxgcc,jdbcType=CHAR},
      </if>
      <if test="nsuxnme != null">
        #{nsuxnme,jdbcType=CHAR},
      </if>
      <if test="nsuxphn != null">
        #{nsuxphn,jdbcType=CHAR},
      </if>
      <if test="nsuxeml != null">
        #{nsuxeml,jdbcType=CHAR},
      </if>
      <if test="dsuxsts != null">
        #{dsuxsts,jdbcType=TIMESTAMP},
      </if>
      <if test="dsuxuts != null">
        #{dsuxuts,jdbcType=TIMESTAMP},
      </if>
      <if test="icusleg != null">
        #{icusleg,jdbcType=CHAR},
      </if>
      <if test="nsuxcnm != null">
        #{nsuxcnm,jdbcType=CHAR},
      </if>
      <if test="isuxhws != null">
        #{isuxhws,jdbcType=CHAR},
      </if>
      <if test="isuxhwt != null">
        #{isuxhwt,jdbcType=CHAR},
      </if>
      <if test="nsuxmsu != null">
        #{nsuxmsu,jdbcType=CHAR},
      </if>
      <if test="ispcmch != null">
        #{ispcmch,jdbcType=CHAR},
      </if>
      <if test="ntodnme != null">
        #{ntodnme,jdbcType=CHAR},
      </if>
      <if test="ntodver != null">
        #{ntodver,jdbcType=CHAR},
      </if>
      <if test="ntodrel != null">
        #{ntodrel,jdbcType=CHAR},
      </if>
      <if test="ictycty != null">
        #{ictycty,jdbcType=CHAR},
      </if>
      <if test="dsuxpst != null">
        #{dsuxpst,jdbcType=DATE},
      </if>
      <if test="dsuxpen != null">
        #{dsuxpen,jdbcType=DATE},
      </if>
      <if test="nsuxaid != null">
        #{nsuxaid,jdbcType=CHAR},
      </if>
      <if test="fsuxbsc != null">
        #{fsuxbsc,jdbcType=CHAR},
      </if>
      <if test="dperper != null">
        #{dperper,jdbcType=CHAR},
      </if>
      <if test="dsuxaut != null">
        #{dsuxaut,jdbcType=TIMESTAMP},
      </if>
      <if test="nsuxauu != null">
        #{nsuxauu,jdbcType=CHAR},
      </if>
      <if test="nsuxaup != null">
        #{nsuxaup,jdbcType=CHAR},
      </if>
      <if test="fsuxipl != null">
        #{fsuxipl,jdbcType=CHAR},
      </if>
      <if test="csuxper != null">
        #{csuxper,jdbcType=VARCHAR},
      </if>
      <if test="nsuxuid != null">
        #{nsuxuid,jdbcType=CHAR},
      </if>
      <if test="nsuxiid != null">
        #{nsuxiid,jdbcType=CHAR},
      </if>
      <if test="nsuxsid != null">
        #{nsuxsid,jdbcType=TIMESTAMP},
      </if>
      <if test="nsuxcty != null">
        #{nsuxcty,jdbcType=CHAR},
      </if>
      <if test="icuspro != null">
        #{icuspro,jdbcType=CHAR},
      </if>
      <if test="nsuxres != null">
        #{nsuxres,jdbcType=CHAR},
      </if>
      <if test="fsuxeml != null">
        #{fsuxeml,jdbcType=CHAR},
      </if>
      <if test="fsuxmco != null">
        #{fsuxmco,jdbcType=CHAR},
      </if>
      <if test="fsuxcfs != null">
        #{fsuxcfs,jdbcType=CHAR},
      </if>
      <if test="fsuxhas != null">
        #{fsuxhas,jdbcType=CHAR},
      </if>
      <if test="nsuxcfe != null">
        #{nsuxcfe,jdbcType=CHAR},
      </if>
      <if test="nsuxhas != null">
        #{nsuxhas,jdbcType=CHAR},
      </if>
      <if test="fsuxmvm != null">
        #{fsuxmvm,jdbcType=CHAR},
      </if>
      <if test="nsuxlag != null">
        #{nsuxlag,jdbcType=CHAR},
      </if>
      <if test="fsuxlpa != null">
        #{fsuxlpa,jdbcType=CHAR},
      </if>
    </trim>
  </insert>
  <update id="updateByPrimaryKeySelective" parameterType="com.ibm.dk.alr.zscm.scrt.storing.mybatis.model.SCRSUX">
    update SCRSUX
    <set>
      <if test="fsuxsta != null">
        FSUXSTA = #{fsuxsta,jdbcType=CHAR},
      </if>
      <if test="csuxrda != null">
        CSUXRDA = #{csuxrda,jdbcType=VARCHAR},
      </if>
      <if test="nsuxtov != null">
        NSUXTOV = #{nsuxtov,jdbcType=CHAR},
      </if>
      <if test="nsuxdtl != null">
        NSUXDTL = #{nsuxdtl,jdbcType=CHAR},
      </if>
      <if test="nsuxgcc != null">
        NSUXGCC = #{nsuxgcc,jdbcType=CHAR},
      </if>
      <if test="nsuxnme != null">
        NSUXNME = #{nsuxnme,jdbcType=CHAR},
      </if>
      <if test="nsuxphn != null">
        NSUXPHN = #{nsuxphn,jdbcType=CHAR},
      </if>
      <if test="nsuxeml != null">
        NSUXEML = #{nsuxeml,jdbcType=CHAR},
      </if>
      <if test="dsuxsts != null">
        DSUXSTS = #{dsuxsts,jdbcType=TIMESTAMP},
      </if>
      <if test="dsuxuts != null">
        DSUXUTS = #{dsuxuts,jdbcType=TIMESTAMP},
      </if>
      <if test="icusleg != null">
        ICUSLEG = #{icusleg,jdbcType=CHAR},
      </if>
      <if test="nsuxcnm != null">
        NSUXCNM = #{nsuxcnm,jdbcType=CHAR},
      </if>
      <if test="isuxhws != null">
        ISUXHWS = #{isuxhws,jdbcType=CHAR},
      </if>
      <if test="isuxhwt != null">
        ISUXHWT = #{isuxhwt,jdbcType=CHAR},
      </if>
      <if test="nsuxmsu != null">
        NSUXMSU = #{nsuxmsu,jdbcType=CHAR},
      </if>
      <if test="ispcmch != null">
        ISPCMCH = #{ispcmch,jdbcType=CHAR},
      </if>
      <if test="ntodnme != null">
        NTODNME = #{ntodnme,jdbcType=CHAR},
      </if>
      <if test="ntodver != null">
        NTODVER = #{ntodver,jdbcType=CHAR},
      </if>
      <if test="ntodrel != null">
        NTODREL = #{ntodrel,jdbcType=CHAR},
      </if>
      <if test="ictycty != null">
        ICTYCTY = #{ictycty,jdbcType=CHAR},
      </if>
      <if test="dsuxpst != null">
        DSUXPST = #{dsuxpst,jdbcType=DATE},
      </if>
      <if test="dsuxpen != null">
        DSUXPEN = #{dsuxpen,jdbcType=DATE},
      </if>
      <if test="nsuxaid != null">
        NSUXAID = #{nsuxaid,jdbcType=CHAR},
      </if>
      <if test="fsuxbsc != null">
        FSUXBSC = #{fsuxbsc,jdbcType=CHAR},
      </if>
      <if test="dperper != null">
        DPERPER = #{dperper,jdbcType=CHAR},
      </if>
      <if test="dsuxaut != null">
        DSUXAUT = #{dsuxaut,jdbcType=TIMESTAMP},
      </if>
      <if test="nsuxauu != null">
        NSUXAUU = #{nsuxauu,jdbcType=CHAR},
      </if>
      <if test="nsuxaup != null">
        NSUXAUP = #{nsuxaup,jdbcType=CHAR},
      </if>
      <if test="fsuxipl != null">
        FSUXIPL = #{fsuxipl,jdbcType=CHAR},
      </if>
      <if test="csuxper != null">
        CSUXPER = #{csuxper,jdbcType=VARCHAR},
      </if>
      <if test="nsuxuid != null">
        NSUXUID = #{nsuxuid,jdbcType=CHAR},
      </if>
      <if test="nsuxiid != null">
        NSUXIID = #{nsuxiid,jdbcType=CHAR},
      </if>
      <if test="nsuxsid != null">
        NSUXSID = #{nsuxsid,jdbcType=TIMESTAMP},
      </if>
      <if test="nsuxcty != null">
        NSUXCTY = #{nsuxcty,jdbcType=CHAR},
      </if>
      <if test="icuspro != null">
        ICUSPRO = #{icuspro,jdbcType=CHAR},
      </if>
      <if test="nsuxres != null">
        NSUXRES = #{nsuxres,jdbcType=CHAR},
      </if>
      <if test="fsuxeml != null">
        FSUXEML = #{fsuxeml,jdbcType=CHAR},
      </if>
      <if test="fsuxmco != null">
        FSUXMCO = #{fsuxmco,jdbcType=CHAR},
      </if>
      <if test="fsuxcfs != null">
        FSUXCFS = #{fsuxcfs,jdbcType=CHAR},
      </if>
      <if test="fsuxhas != null">
        FSUXHAS = #{fsuxhas,jdbcType=CHAR},
      </if>
      <if test="nsuxcfe != null">
        NSUXCFE = #{nsuxcfe,jdbcType=CHAR},
      </if>
      <if test="nsuxhas != null">
        NSUXHAS = #{nsuxhas,jdbcType=CHAR},
      </if>
      <if test="fsuxmvm != null">
        FSUXMVM = #{fsuxmvm,jdbcType=CHAR},
      </if>
      <if test="nsuxlag != null">
        NSUXLAG = #{nsuxlag,jdbcType=CHAR},
      </if>
      <if test="fsuxlpa != null">
        FSUXLPA = #{fsuxlpa,jdbcType=CHAR},
      </if>
    </set>
    where ISUBRID = #{isubrid,jdbcType=CHAR}
      and ISUBREP = #{isubrep,jdbcType=INTEGER}
  </update>
  <update id="updateByPrimaryKey" parameterType="com.ibm.dk.alr.zscm.scrt.storing.mybatis.model.SCRSUX">
    update SCRSUX
    set FSUXSTA = #{fsuxsta,jdbcType=CHAR},
      CSUXRDA = #{csuxrda,jdbcType=VARCHAR},
      NSUXTOV = #{nsuxtov,jdbcType=CHAR},
      NSUXDTL = #{nsuxdtl,jdbcType=CHAR},
      NSUXGCC = #{nsuxgcc,jdbcType=CHAR},
      NSUXNME = #{nsuxnme,jdbcType=CHAR},
      NSUXPHN = #{nsuxphn,jdbcType=CHAR},
      NSUXEML = #{nsuxeml,jdbcType=CHAR},
      DSUXSTS = #{dsuxsts,jdbcType=TIMESTAMP},
      DSUXUTS = #{dsuxuts,jdbcType=TIMESTAMP},
      ICUSLEG = #{icusleg,jdbcType=CHAR},
      NSUXCNM = #{nsuxcnm,jdbcType=CHAR},
      ISUXHWS = #{isuxhws,jdbcType=CHAR},
      ISUXHWT = #{isuxhwt,jdbcType=CHAR},
      NSUXMSU = #{nsuxmsu,jdbcType=CHAR},
      ISPCMCH = #{ispcmch,jdbcType=CHAR},
      NTODNME = #{ntodnme,jdbcType=CHAR},
      NTODVER = #{ntodver,jdbcType=CHAR},
      NTODREL = #{ntodrel,jdbcType=CHAR},
      ICTYCTY = #{ictycty,jdbcType=CHAR},
      DSUXPST = #{dsuxpst,jdbcType=DATE},
      DSUXPEN = #{dsuxpen,jdbcType=DATE},
      NSUXAID = #{nsuxaid,jdbcType=CHAR},
      FSUXBSC = #{fsuxbsc,jdbcType=CHAR},
      DPERPER = #{dperper,jdbcType=CHAR},
      DSUXAUT = #{dsuxaut,jdbcType=TIMESTAMP},
      NSUXAUU = #{nsuxauu,jdbcType=CHAR},
      NSUXAUP = #{nsuxaup,jdbcType=CHAR},
      FSUXIPL = #{fsuxipl,jdbcType=CHAR},
      CSUXPER = #{csuxper,jdbcType=VARCHAR},
      NSUXUID = #{nsuxuid,jdbcType=CHAR},
      NSUXIID = #{nsuxiid,jdbcType=CHAR},
      NSUXSID = #{nsuxsid,jdbcType=TIMESTAMP},
      NSUXCTY = #{nsuxcty,jdbcType=CHAR},
      ICUSPRO = #{icuspro,jdbcType=CHAR},
      NSUXRES = #{nsuxres,jdbcType=CHAR},
      FSUXEML = #{fsuxeml,jdbcType=CHAR},
      FSUXMCO = #{fsuxmco,jdbcType=CHAR},
      FSUXCFS = #{fsuxcfs,jdbcType=CHAR},
      FSUXHAS = #{fsuxhas,jdbcType=CHAR},
      NSUXCFE = #{nsuxcfe,jdbcType=CHAR},
      NSUXHAS = #{nsuxhas,jdbcType=CHAR},
      FSUXMVM = #{fsuxmvm,jdbcType=CHAR},
      NSUXLAG = #{nsuxlag,jdbcType=CHAR},
      FSUXLPA = #{fsuxlpa,jdbcType=CHAR}
    where ISUBRID = #{isubrid,jdbcType=CHAR}
      and ISUBREP = #{isubrep,jdbcType=INTEGER}
  </update>
  <resultMap id="BaseResultMap" type="com.ibm.dk.alr.zscm.scrt.storing.mybatis.model.SCRSUX">
    <id column="ISUBRID" jdbcType="CHAR" property="isubrid" />
    <id column="ISUBREP" jdbcType="INTEGER" property="isubrep" />
    <result column="FSUXSTA" jdbcType="CHAR" property="fsuxsta" />
    <result column="CSUXRDA" jdbcType="VARCHAR" property="csuxrda" />
    <result column="NSUXTOV" jdbcType="CHAR" property="nsuxtov" />
    <result column="NSUXDTL" jdbcType="CHAR" property="nsuxdtl" />
    <result column="NSUXGCC" jdbcType="CHAR" property="nsuxgcc" />
    <result column="NSUXNME" jdbcType="CHAR" property="nsuxnme" />
    <result column="NSUXPHN" jdbcType="CHAR" property="nsuxphn" />
    <result column="NSUXEML" jdbcType="CHAR" property="nsuxeml" />
    <result column="DSUXSTS" jdbcType="TIMESTAMP" property="dsuxsts" />
    <result column="DSUXUTS" jdbcType="TIMESTAMP" property="dsuxuts" />
    <result column="ICUSLEG" jdbcType="CHAR" property="icusleg" />
    <result column="NSUXCNM" jdbcType="CHAR" property="nsuxcnm" />
    <result column="ISUXHWS" jdbcType="CHAR" property="isuxhws" />
    <result column="ISUXHWT" jdbcType="CHAR" property="isuxhwt" />
    <result column="NSUXMSU" jdbcType="CHAR" property="nsuxmsu" />
    <result column="ISPCMCH" jdbcType="CHAR" property="ispcmch" />
    <result column="NTODNME" jdbcType="CHAR" property="ntodnme" />
    <result column="NTODVER" jdbcType="CHAR" property="ntodver" />
    <result column="NTODREL" jdbcType="CHAR" property="ntodrel" />
    <result column="ICTYCTY" jdbcType="CHAR" property="ictycty" />
    <result column="DSUXPST" jdbcType="DATE" property="dsuxpst" />
    <result column="DSUXPEN" jdbcType="DATE" property="dsuxpen" />
    <result column="NSUXAID" jdbcType="CHAR" property="nsuxaid" />
    <result column="FSUXBSC" jdbcType="CHAR" property="fsuxbsc" />
    <result column="DPERPER" jdbcType="CHAR" property="dperper" />
    <result column="DSUXAUT" jdbcType="TIMESTAMP" property="dsuxaut" />
    <result column="NSUXAUU" jdbcType="CHAR" property="nsuxauu" />
    <result column="NSUXAUP" jdbcType="CHAR" property="nsuxaup" />
    <result column="FSUXIPL" jdbcType="CHAR" property="fsuxipl" />
    <result column="CSUXPER" jdbcType="VARCHAR" property="csuxper" />
    <result column="NSUXUID" jdbcType="CHAR" property="nsuxuid" />
    <result column="NSUXIID" jdbcType="CHAR" property="nsuxiid" />
    <result column="NSUXSID" jdbcType="TIMESTAMP" property="nsuxsid" />
    <result column="NSUXCTY" jdbcType="CHAR" property="nsuxcty" />
    <result column="ICUSPRO" jdbcType="CHAR" property="icuspro" />
    <result column="NSUXRES" jdbcType="CHAR" property="nsuxres" />
    <result column="FSUXEML" jdbcType="CHAR" property="fsuxeml" />
    <result column="FSUXMCO" jdbcType="CHAR" property="fsuxmco" />
    <result column="FSUXCFS" jdbcType="CHAR" property="fsuxcfs" />
    <result column="FSUXHAS" jdbcType="CHAR" property="fsuxhas" />
    <result column="NSUXCFE" jdbcType="CHAR" property="nsuxcfe" />
    <result column="NSUXHAS" jdbcType="CHAR" property="nsuxhas" />
    <result column="FSUXMVM" jdbcType="CHAR" property="fsuxmvm" />
    <result column="NSUXLAG" jdbcType="CHAR" property="nsuxlag" />
    <result column="FSUXLPA" jdbcType="CHAR" property="fsuxlpa" />
  </resultMap>
  <sql id="Base_Column_List">
    ISUBRID, ISUBREP, FSUXSTA, CSUXRDA, NSUXTOV, NSUXDTL, NSUXGCC, NSUXNME, NSUXPHN, 
    NSUXEML, DSUXSTS, DSUXUTS, ICUSLEG, NSUXCNM, ISUXHWS, ISUXHWT, NSUXMSU, ISPCMCH, 
    NTODNME, NTODVER, NTODREL, ICTYCTY, DSUXPST, DSUXPEN, NSUXAID, FSUXBSC, DPERPER, 
    DSUXAUT, NSUXAUU, NSUXAUP, FSUXIPL, CSUXPER, NSUXUID, NSUXIID, NSUXSID, NSUXCTY, 
    ICUSPRO, NSUXRES, FSUXEML, FSUXMCO, FSUXCFS, FSUXHAS, NSUXCFE, NSUXHAS, FSUXMVM, 
    NSUXLAG, FSUXLPA
  </sql>
  <select id="selectByPrimaryKey" parameterType="com.ibm.dk.alr.zscm.scrt.storing.mybatis.model.SCRSUXKey" resultMap="BaseResultMap">
    select 
    <include refid="Base_Column_List" />
    from SCRSUX
    where ISUBRID = #{isubrid,jdbcType=CHAR}
      and ISUBREP = #{isubrep,jdbcType=INTEGER}
  </select>
  <delete id="deleteByPrimaryKey" parameterType="com.ibm.dk.alr.zscm.scrt.storing.mybatis.model.SCRSUXKey">
    delete from SCRSUX
    where ISUBRID = #{isubrid,jdbcType=CHAR}
      and ISUBREP = #{isubrep,jdbcType=INTEGER}
  </delete>
  <insert id="insert" parameterType="com.ibm.dk.alr.zscm.scrt.storing.mybatis.model.SCRSUX">
    insert into SCRSUX (ISUBRID, ISUBREP, FSUXSTA, 
      CSUXRDA, NSUXTOV, NSUXDTL, 
      NSUXGCC, NSUXNME, NSUXPHN, NSUXEML, 
      DSUXSTS, DSUXUTS, ICUSLEG, 
      NSUXCNM, ISUXHWS, ISUXHWT, NSUXMSU, 
      ISPCMCH, NTODNME, NTODVER, NTODREL, 
      ICTYCTY, DSUXPST, DSUXPEN, NSUXAID, 
      FSUXBSC, DPERPER, DSUXAUT, 
      NSUXAUU, NSUXAUP, FSUXIPL, CSUXPER, 
      NSUXUID, NSUXIID, NSUXSID, 
      NSUXCTY, ICUSPRO, NSUXRES, FSUXEML, 
      FSUXMCO, FSUXCFS, FSUXHAS, NSUXCFE, 
      NSUXHAS, FSUXMVM, NSUXLAG, FSUXLPA
      )
    values (#{isubrid,jdbcType=CHAR}, #{isubrep,jdbcType=INTEGER}, #{fsuxsta,jdbcType=CHAR}, 
      #{csuxrda,jdbcType=VARCHAR}, #{nsuxtov,jdbcType=CHAR}, #{nsuxdtl,jdbcType=CHAR}, 
      #{nsuxgcc,jdbcType=CHAR}, #{nsuxnme,jdbcType=CHAR}, #{nsuxphn,jdbcType=CHAR}, #{nsuxeml,jdbcType=CHAR}, 
      #{dsuxsts,jdbcType=TIMESTAMP}, #{dsuxuts,jdbcType=TIMESTAMP}, #{icusleg,jdbcType=CHAR}, 
      #{nsuxcnm,jdbcType=CHAR}, #{isuxhws,jdbcType=CHAR}, #{isuxhwt,jdbcType=CHAR}, #{nsuxmsu,jdbcType=CHAR}, 
      #{ispcmch,jdbcType=CHAR}, #{ntodnme,jdbcType=CHAR}, #{ntodver,jdbcType=CHAR}, #{ntodrel,jdbcType=CHAR}, 
      #{ictycty,jdbcType=CHAR}, #{dsuxpst,jdbcType=DATE}, #{dsuxpen,jdbcType=DATE}, #{nsuxaid,jdbcType=CHAR}, 
      #{fsuxbsc,jdbcType=CHAR}, #{dperper,jdbcType=CHAR}, #{dsuxaut,jdbcType=TIMESTAMP}, 
      #{nsuxauu,jdbcType=CHAR}, #{nsuxaup,jdbcType=CHAR}, #{fsuxipl,jdbcType=CHAR}, #{csuxper,jdbcType=VARCHAR}, 
      #{nsuxuid,jdbcType=CHAR}, #{nsuxiid,jdbcType=CHAR}, #{nsuxsid,jdbcType=TIMESTAMP}, 
      #{nsuxcty,jdbcType=CHAR}, #{icuspro,jdbcType=CHAR}, #{nsuxres,jdbcType=CHAR}, #{fsuxeml,jdbcType=CHAR}, 
      #{fsuxmco,jdbcType=CHAR}, #{fsuxcfs,jdbcType=CHAR}, #{fsuxhas,jdbcType=CHAR}, #{nsuxcfe,jdbcType=CHAR}, 
      #{nsuxhas,jdbcType=CHAR}, #{fsuxmvm,jdbcType=CHAR}, #{nsuxlag,jdbcType=CHAR}, #{fsuxlpa,jdbcType=CHAR}
      )
  </insert>
  <insert id="insertSelective" parameterType="com.ibm.dk.alr.zscm.scrt.storing.mybatis.model.SCRSUX">
    insert into SCRSUX
    <trim prefix="(" suffix=")" suffixOverrides=",">
      <if test="isubrid != null">
        ISUBRID,
      </if>
      <if test="isubrep != null">
        ISUBREP,
      </if>
      <if test="fsuxsta != null">
        FSUXSTA,
      </if>
      <if test="csuxrda != null">
        CSUXRDA,
      </if>
      <if test="nsuxtov != null">
        NSUXTOV,
      </if>
      <if test="nsuxdtl != null">
        NSUXDTL,
      </if>
      <if test="nsuxgcc != null">
        NSUXGCC,
      </if>
      <if test="nsuxnme != null">
        NSUXNME,
      </if>
      <if test="nsuxphn != null">
        NSUXPHN,
      </if>
      <if test="nsuxeml != null">
        NSUXEML,
      </if>
      <if test="dsuxsts != null">
        DSUXSTS,
      </if>
      <if test="dsuxuts != null">
        DSUXUTS,
      </if>
      <if test="icusleg != null">
        ICUSLEG,
      </if>
      <if test="nsuxcnm != null">
        NSUXCNM,
      </if>
      <if test="isuxhws != null">
        ISUXHWS,
      </if>
      <if test="isuxhwt != null">
        ISUXHWT,
      </if>
      <if test="nsuxmsu != null">
        NSUXMSU,
      </if>
      <if test="ispcmch != null">
        ISPCMCH,
      </if>
      <if test="ntodnme != null">
        NTODNME,
      </if>
      <if test="ntodver != null">
        NTODVER,
      </if>
      <if test="ntodrel != null">
        NTODREL,
      </if>
      <if test="ictycty != null">
        ICTYCTY,
      </if>
      <if test="dsuxpst != null">
        DSUXPST,
      </if>
      <if test="dsuxpen != null">
        DSUXPEN,
      </if>
      <if test="nsuxaid != null">
        NSUXAID,
      </if>
      <if test="fsuxbsc != null">
        FSUXBSC,
      </if>
      <if test="dperper != null">
        DPERPER,
      </if>
      <if test="dsuxaut != null">
        DSUXAUT,
      </if>
      <if test="nsuxauu != null">
        NSUXAUU,
      </if>
      <if test="nsuxaup != null">
        NSUXAUP,
      </if>
      <if test="fsuxipl != null">
        FSUXIPL,
      </if>
      <if test="csuxper != null">
        CSUXPER,
      </if>
      <if test="nsuxuid != null">
        NSUXUID,
      </if>
      <if test="nsuxiid != null">
        NSUXIID,
      </if>
      <if test="nsuxsid != null">
        NSUXSID,
      </if>
      <if test="nsuxcty != null">
        NSUXCTY,
      </if>
      <if test="icuspro != null">
        ICUSPRO,
      </if>
      <if test="nsuxres != null">
        NSUXRES,
      </if>
      <if test="fsuxeml != null">
        FSUXEML,
      </if>
      <if test="fsuxmco != null">
        FSUXMCO,
      </if>
      <if test="fsuxcfs != null">
        FSUXCFS,
      </if>
      <if test="fsuxhas != null">
        FSUXHAS,
      </if>
      <if test="nsuxcfe != null">
        NSUXCFE,
      </if>
      <if test="nsuxhas != null">
        NSUXHAS,
      </if>
      <if test="fsuxmvm != null">
        FSUXMVM,
      </if>
      <if test="nsuxlag != null">
        NSUXLAG,
      </if>
      <if test="fsuxlpa != null">
        FSUXLPA,
      </if>
    </trim>
    <trim prefix="values (" suffix=")" suffixOverrides=",">
      <if test="isubrid != null">
        #{isubrid,jdbcType=CHAR},
      </if>
      <if test="isubrep != null">
        #{isubrep,jdbcType=INTEGER},
      </if>
      <if test="fsuxsta != null">
        #{fsuxsta,jdbcType=CHAR},
      </if>
      <if test="csuxrda != null">
        #{csuxrda,jdbcType=VARCHAR},
      </if>
      <if test="nsuxtov != null">
        #{nsuxtov,jdbcType=CHAR},
      </if>
      <if test="nsuxdtl != null">
        #{nsuxdtl,jdbcType=CHAR},
      </if>
      <if test="nsuxgcc != null">
        #{nsuxgcc,jdbcType=CHAR},
      </if>
      <if test="nsuxnme != null">
        #{nsuxnme,jdbcType=CHAR},
      </if>
      <if test="nsuxphn != null">
        #{nsuxphn,jdbcType=CHAR},
      </if>
      <if test="nsuxeml != null">
        #{nsuxeml,jdbcType=CHAR},
      </if>
      <if test="dsuxsts != null">
        #{dsuxsts,jdbcType=TIMESTAMP},
      </if>
      <if test="dsuxuts != null">
        #{dsuxuts,jdbcType=TIMESTAMP},
      </if>
      <if test="icusleg != null">
        #{icusleg,jdbcType=CHAR},
      </if>
      <if test="nsuxcnm != null">
        #{nsuxcnm,jdbcType=CHAR},
      </if>
      <if test="isuxhws != null">
        #{isuxhws,jdbcType=CHAR},
      </if>
      <if test="isuxhwt != null">
        #{isuxhwt,jdbcType=CHAR},
      </if>
      <if test="nsuxmsu != null">
        #{nsuxmsu,jdbcType=CHAR},
      </if>
      <if test="ispcmch != null">
        #{ispcmch,jdbcType=CHAR},
      </if>
      <if test="ntodnme != null">
        #{ntodnme,jdbcType=CHAR},
      </if>
      <if test="ntodver != null">
        #{ntodver,jdbcType=CHAR},
      </if>
      <if test="ntodrel != null">
        #{ntodrel,jdbcType=CHAR},
      </if>
      <if test="ictycty != null">
        #{ictycty,jdbcType=CHAR},
      </if>
      <if test="dsuxpst != null">
        #{dsuxpst,jdbcType=DATE},
      </if>
      <if test="dsuxpen != null">
        #{dsuxpen,jdbcType=DATE},
      </if>
      <if test="nsuxaid != null">
        #{nsuxaid,jdbcType=CHAR},
      </if>
      <if test="fsuxbsc != null">
        #{fsuxbsc,jdbcType=CHAR},
      </if>
      <if test="dperper != null">
        #{dperper,jdbcType=CHAR},
      </if>
      <if test="dsuxaut != null">
        #{dsuxaut,jdbcType=TIMESTAMP},
      </if>
      <if test="nsuxauu != null">
        #{nsuxauu,jdbcType=CHAR},
      </if>
      <if test="nsuxaup != null">
        #{nsuxaup,jdbcType=CHAR},
      </if>
      <if test="fsuxipl != null">
        #{fsuxipl,jdbcType=CHAR},
      </if>
      <if test="csuxper != null">
        #{csuxper,jdbcType=VARCHAR},
      </if>
      <if test="nsuxuid != null">
        #{nsuxuid,jdbcType=CHAR},
      </if>
      <if test="nsuxiid != null">
        #{nsuxiid,jdbcType=CHAR},
      </if>
      <if test="nsuxsid != null">
        #{nsuxsid,jdbcType=TIMESTAMP},
      </if>
      <if test="nsuxcty != null">
        #{nsuxcty,jdbcType=CHAR},
      </if>
      <if test="icuspro != null">
        #{icuspro,jdbcType=CHAR},
      </if>
      <if test="nsuxres != null">
        #{nsuxres,jdbcType=CHAR},
      </if>
      <if test="fsuxeml != null">
        #{fsuxeml,jdbcType=CHAR},
      </if>
      <if test="fsuxmco != null">
        #{fsuxmco,jdbcType=CHAR},
      </if>
      <if test="fsuxcfs != null">
        #{fsuxcfs,jdbcType=CHAR},
      </if>
      <if test="fsuxhas != null">
        #{fsuxhas,jdbcType=CHAR},
      </if>
      <if test="nsuxcfe != null">
        #{nsuxcfe,jdbcType=CHAR},
      </if>
      <if test="nsuxhas != null">
        #{nsuxhas,jdbcType=CHAR},
      </if>
      <if test="fsuxmvm != null">
        #{fsuxmvm,jdbcType=CHAR},
      </if>
      <if test="nsuxlag != null">
        #{nsuxlag,jdbcType=CHAR},
      </if>
      <if test="fsuxlpa != null">
        #{fsuxlpa,jdbcType=CHAR},
      </if>
    </trim>
  </insert>
  <update id="updateByPrimaryKeySelective" parameterType="com.ibm.dk.alr.zscm.scrt.storing.mybatis.model.SCRSUX">
    update SCRSUX
    <set>
      <if test="fsuxsta != null">
        FSUXSTA = #{fsuxsta,jdbcType=CHAR},
      </if>
      <if test="csuxrda != null">
        CSUXRDA = #{csuxrda,jdbcType=VARCHAR},
      </if>
      <if test="nsuxtov != null">
        NSUXTOV = #{nsuxtov,jdbcType=CHAR},
      </if>
      <if test="nsuxdtl != null">
        NSUXDTL = #{nsuxdtl,jdbcType=CHAR},
      </if>
      <if test="nsuxgcc != null">
        NSUXGCC = #{nsuxgcc,jdbcType=CHAR},
      </if>
      <if test="nsuxnme != null">
        NSUXNME = #{nsuxnme,jdbcType=CHAR},
      </if>
      <if test="nsuxphn != null">
        NSUXPHN = #{nsuxphn,jdbcType=CHAR},
      </if>
      <if test="nsuxeml != null">
        NSUXEML = #{nsuxeml,jdbcType=CHAR},
      </if>
      <if test="dsuxsts != null">
        DSUXSTS = #{dsuxsts,jdbcType=TIMESTAMP},
      </if>
      <if test="dsuxuts != null">
        DSUXUTS = #{dsuxuts,jdbcType=TIMESTAMP},
      </if>
      <if test="icusleg != null">
        ICUSLEG = #{icusleg,jdbcType=CHAR},
      </if>
      <if test="nsuxcnm != null">
        NSUXCNM = #{nsuxcnm,jdbcType=CHAR},
      </if>
      <if test="isuxhws != null">
        ISUXHWS = #{isuxhws,jdbcType=CHAR},
      </if>
      <if test="isuxhwt != null">
        ISUXHWT = #{isuxhwt,jdbcType=CHAR},
      </if>
      <if test="nsuxmsu != null">
        NSUXMSU = #{nsuxmsu,jdbcType=CHAR},
      </if>
      <if test="ispcmch != null">
        ISPCMCH = #{ispcmch,jdbcType=CHAR},
      </if>
      <if test="ntodnme != null">
        NTODNME = #{ntodnme,jdbcType=CHAR},
      </if>
      <if test="ntodver != null">
        NTODVER = #{ntodver,jdbcType=CHAR},
      </if>
      <if test="ntodrel != null">
        NTODREL = #{ntodrel,jdbcType=CHAR},
      </if>
      <if test="ictycty != null">
        ICTYCTY = #{ictycty,jdbcType=CHAR},
      </if>
      <if test="dsuxpst != null">
        DSUXPST = #{dsuxpst,jdbcType=DATE},
      </if>
      <if test="dsuxpen != null">
        DSUXPEN = #{dsuxpen,jdbcType=DATE},
      </if>
      <if test="nsuxaid != null">
        NSUXAID = #{nsuxaid,jdbcType=CHAR},
      </if>
      <if test="fsuxbsc != null">
        FSUXBSC = #{fsuxbsc,jdbcType=CHAR},
      </if>
      <if test="dperper != null">
        DPERPER = #{dperper,jdbcType=CHAR},
      </if>
      <if test="dsuxaut != null">
        DSUXAUT = #{dsuxaut,jdbcType=TIMESTAMP},
      </if>
      <if test="nsuxauu != null">
        NSUXAUU = #{nsuxauu,jdbcType=CHAR},
      </if>
      <if test="nsuxaup != null">
        NSUXAUP = #{nsuxaup,jdbcType=CHAR},
      </if>
      <if test="fsuxipl != null">
        FSUXIPL = #{fsuxipl,jdbcType=CHAR},
      </if>
      <if test="csuxper != null">
        CSUXPER = #{csuxper,jdbcType=VARCHAR},
      </if>
      <if test="nsuxuid != null">
        NSUXUID = #{nsuxuid,jdbcType=CHAR},
      </if>
      <if test="nsuxiid != null">
        NSUXIID = #{nsuxiid,jdbcType=CHAR},
      </if>
      <if test="nsuxsid != null">
        NSUXSID = #{nsuxsid,jdbcType=TIMESTAMP},
      </if>
      <if test="nsuxcty != null">
        NSUXCTY = #{nsuxcty,jdbcType=CHAR},
      </if>
      <if test="icuspro != null">
        ICUSPRO = #{icuspro,jdbcType=CHAR},
      </if>
      <if test="nsuxres != null">
        NSUXRES = #{nsuxres,jdbcType=CHAR},
      </if>
      <if test="fsuxeml != null">
        FSUXEML = #{fsuxeml,jdbcType=CHAR},
      </if>
      <if test="fsuxmco != null">
        FSUXMCO = #{fsuxmco,jdbcType=CHAR},
      </if>
      <if test="fsuxcfs != null">
        FSUXCFS = #{fsuxcfs,jdbcType=CHAR},
      </if>
      <if test="fsuxhas != null">
        FSUXHAS = #{fsuxhas,jdbcType=CHAR},
      </if>
      <if test="nsuxcfe != null">
        NSUXCFE = #{nsuxcfe,jdbcType=CHAR},
      </if>
      <if test="nsuxhas != null">
        NSUXHAS = #{nsuxhas,jdbcType=CHAR},
      </if>
      <if test="fsuxmvm != null">
        FSUXMVM = #{fsuxmvm,jdbcType=CHAR},
      </if>
      <if test="nsuxlag != null">
        NSUXLAG = #{nsuxlag,jdbcType=CHAR},
      </if>
      <if test="fsuxlpa != null">
        FSUXLPA = #{fsuxlpa,jdbcType=CHAR},
      </if>
    </set>
    where ISUBRID = #{isubrid,jdbcType=CHAR}
      and ISUBREP = #{isubrep,jdbcType=INTEGER}
  </update>
  <update id="updateByPrimaryKey" parameterType="com.ibm.dk.alr.zscm.scrt.storing.mybatis.model.SCRSUX">
    update SCRSUX
    set FSUXSTA = #{fsuxsta,jdbcType=CHAR},
      CSUXRDA = #{csuxrda,jdbcType=VARCHAR},
      NSUXTOV = #{nsuxtov,jdbcType=CHAR},
      NSUXDTL = #{nsuxdtl,jdbcType=CHAR},
      NSUXGCC = #{nsuxgcc,jdbcType=CHAR},
      NSUXNME = #{nsuxnme,jdbcType=CHAR},
      NSUXPHN = #{nsuxphn,jdbcType=CHAR},
      NSUXEML = #{nsuxeml,jdbcType=CHAR},
      DSUXSTS = #{dsuxsts,jdbcType=TIMESTAMP},
      DSUXUTS = #{dsuxuts,jdbcType=TIMESTAMP},
      ICUSLEG = #{icusleg,jdbcType=CHAR},
      NSUXCNM = #{nsuxcnm,jdbcType=CHAR},
      ISUXHWS = #{isuxhws,jdbcType=CHAR},
      ISUXHWT = #{isuxhwt,jdbcType=CHAR},
      NSUXMSU = #{nsuxmsu,jdbcType=CHAR},
      ISPCMCH = #{ispcmch,jdbcType=CHAR},
      NTODNME = #{ntodnme,jdbcType=CHAR},
      NTODVER = #{ntodver,jdbcType=CHAR},
      NTODREL = #{ntodrel,jdbcType=CHAR},
      ICTYCTY = #{ictycty,jdbcType=CHAR},
      DSUXPST = #{dsuxpst,jdbcType=DATE},
      DSUXPEN = #{dsuxpen,jdbcType=DATE},
      NSUXAID = #{nsuxaid,jdbcType=CHAR},
      FSUXBSC = #{fsuxbsc,jdbcType=CHAR},
      DPERPER = #{dperper,jdbcType=CHAR},
      DSUXAUT = #{dsuxaut,jdbcType=TIMESTAMP},
      NSUXAUU = #{nsuxauu,jdbcType=CHAR},
      NSUXAUP = #{nsuxaup,jdbcType=CHAR},
      FSUXIPL = #{fsuxipl,jdbcType=CHAR},
      CSUXPER = #{csuxper,jdbcType=VARCHAR},
      NSUXUID = #{nsuxuid,jdbcType=CHAR},
      NSUXIID = #{nsuxiid,jdbcType=CHAR},
      NSUXSID = #{nsuxsid,jdbcType=TIMESTAMP},
      NSUXCTY = #{nsuxcty,jdbcType=CHAR},
      ICUSPRO = #{icuspro,jdbcType=CHAR},
      NSUXRES = #{nsuxres,jdbcType=CHAR},
      FSUXEML = #{fsuxeml,jdbcType=CHAR},
      FSUXMCO = #{fsuxmco,jdbcType=CHAR},
      FSUXCFS = #{fsuxcfs,jdbcType=CHAR},
      FSUXHAS = #{fsuxhas,jdbcType=CHAR},
      NSUXCFE = #{nsuxcfe,jdbcType=CHAR},
      NSUXHAS = #{nsuxhas,jdbcType=CHAR},
      FSUXMVM = #{fsuxmvm,jdbcType=CHAR},
      NSUXLAG = #{nsuxlag,jdbcType=CHAR},
      FSUXLPA = #{fsuxlpa,jdbcType=CHAR}
    where ISUBRID = #{isubrid,jdbcType=CHAR}
      and ISUBREP = #{isubrep,jdbcType=INTEGER}
  </update>
  <resultMap id="BaseResultMap" type="com.ibm.dk.alr.zscm.scrt.storing.mybatis.model.SCRSUX">
    <id column="ISUBRID" jdbcType="CHAR" property="isubrid" />
    <id column="ISUBREP" jdbcType="INTEGER" property="isubrep" />
    <result column="FSUXSTA" jdbcType="CHAR" property="fsuxsta" />
    <result column="CSUXRDA" jdbcType="VARCHAR" property="csuxrda" />
    <result column="NSUXTOV" jdbcType="CHAR" property="nsuxtov" />
    <result column="NSUXDTL" jdbcType="CHAR" property="nsuxdtl" />
    <result column="NSUXGCC" jdbcType="CHAR" property="nsuxgcc" />
    <result column="NSUXNME" jdbcType="CHAR" property="nsuxnme" />
    <result column="NSUXPHN" jdbcType="CHAR" property="nsuxphn" />
    <result column="NSUXEML" jdbcType="CHAR" property="nsuxeml" />
    <result column="DSUXSTS" jdbcType="TIMESTAMP" property="dsuxsts" />
    <result column="DSUXUTS" jdbcType="TIMESTAMP" property="dsuxuts" />
    <result column="ICUSLEG" jdbcType="CHAR" property="icusleg" />
    <result column="NSUXCNM" jdbcType="CHAR" property="nsuxcnm" />
    <result column="ISUXHWS" jdbcType="CHAR" property="isuxhws" />
    <result column="ISUXHWT" jdbcType="CHAR" property="isuxhwt" />
    <result column="NSUXMSU" jdbcType="CHAR" property="nsuxmsu" />
    <result column="ISPCMCH" jdbcType="CHAR" property="ispcmch" />
    <result column="NTODNME" jdbcType="CHAR" property="ntodnme" />
    <result column="NTODVER" jdbcType="CHAR" property="ntodver" />
    <result column="NTODREL" jdbcType="CHAR" property="ntodrel" />
    <result column="ICTYCTY" jdbcType="CHAR" property="ictycty" />
    <result column="DSUXPST" jdbcType="DATE" property="dsuxpst" />
    <result column="DSUXPEN" jdbcType="DATE" property="dsuxpen" />
    <result column="NSUXAID" jdbcType="CHAR" property="nsuxaid" />
    <result column="FSUXBSC" jdbcType="CHAR" property="fsuxbsc" />
    <result column="DPERPER" jdbcType="CHAR" property="dperper" />
    <result column="DSUXAUT" jdbcType="TIMESTAMP" property="dsuxaut" />
    <result column="NSUXAUU" jdbcType="CHAR" property="nsuxauu" />
    <result column="NSUXAUP" jdbcType="CHAR" property="nsuxaup" />
    <result column="FSUXIPL" jdbcType="CHAR" property="fsuxipl" />
    <result column="CSUXPER" jdbcType="VARCHAR" property="csuxper" />
    <result column="NSUXUID" jdbcType="CHAR" property="nsuxuid" />
    <result column="NSUXIID" jdbcType="CHAR" property="nsuxiid" />
    <result column="NSUXSID" jdbcType="TIMESTAMP" property="nsuxsid" />
    <result column="NSUXCTY" jdbcType="CHAR" property="nsuxcty" />
    <result column="ICUSPRO" jdbcType="CHAR" property="icuspro" />
    <result column="NSUXRES" jdbcType="CHAR" property="nsuxres" />
    <result column="FSUXEML" jdbcType="CHAR" property="fsuxeml" />
    <result column="FSUXMCO" jdbcType="CHAR" property="fsuxmco" />
    <result column="FSUXCFS" jdbcType="CHAR" property="fsuxcfs" />
    <result column="FSUXHAS" jdbcType="CHAR" property="fsuxhas" />
    <result column="NSUXCFE" jdbcType="CHAR" property="nsuxcfe" />
    <result column="NSUXHAS" jdbcType="CHAR" property="nsuxhas" />
    <result column="FSUXMVM" jdbcType="CHAR" property="fsuxmvm" />
    <result column="NSUXLAG" jdbcType="CHAR" property="nsuxlag" />
    <result column="FSUXLPA" jdbcType="CHAR" property="fsuxlpa" />
  </resultMap>
  <sql id="Base_Column_List">
    ISUBRID, ISUBREP, FSUXSTA, CSUXRDA, NSUXTOV, NSUXDTL, NSUXGCC, NSUXNME, NSUXPHN, 
    NSUXEML, DSUXSTS, DSUXUTS, ICUSLEG, NSUXCNM, ISUXHWS, ISUXHWT, NSUXMSU, ISPCMCH, 
    NTODNME, NTODVER, NTODREL, ICTYCTY, DSUXPST, DSUXPEN, NSUXAID, FSUXBSC, DPERPER, 
    DSUXAUT, NSUXAUU, NSUXAUP, FSUXIPL, CSUXPER, NSUXUID, NSUXIID, NSUXSID, NSUXCTY, 
    ICUSPRO, NSUXRES, FSUXEML, FSUXMCO, FSUXCFS, FSUXHAS, NSUXCFE, NSUXHAS, FSUXMVM, 
    NSUXLAG, FSUXLPA
  </sql>
  <select id="selectByPrimaryKey" parameterType="com.ibm.dk.alr.zscm.scrt.storing.mybatis.model.SCRSUXKey" resultMap="BaseResultMap">
    select 
    <include refid="Base_Column_List" />
    from SCRSUX
    where ISUBRID = #{isubrid,jdbcType=CHAR}
      and ISUBREP = #{isubrep,jdbcType=INTEGER}
  </select>
  <delete id="deleteByPrimaryKey" parameterType="com.ibm.dk.alr.zscm.scrt.storing.mybatis.model.SCRSUXKey">
    delete from SCRSUX
    where ISUBRID = #{isubrid,jdbcType=CHAR}
      and ISUBREP = #{isubrep,jdbcType=INTEGER}
  </delete>
  <insert id="insert" parameterType="com.ibm.dk.alr.zscm.scrt.storing.mybatis.model.SCRSUX">
    insert into SCRSUX (ISUBRID, ISUBREP, FSUXSTA, 
      CSUXRDA, NSUXTOV, NSUXDTL, 
      NSUXGCC, NSUXNME, NSUXPHN, NSUXEML, 
      DSUXSTS, DSUXUTS, ICUSLEG, 
      NSUXCNM, ISUXHWS, ISUXHWT, NSUXMSU, 
      ISPCMCH, NTODNME, NTODVER, NTODREL, 
      ICTYCTY, DSUXPST, DSUXPEN, NSUXAID, 
      FSUXBSC, DPERPER, DSUXAUT, 
      NSUXAUU, NSUXAUP, FSUXIPL, CSUXPER, 
      NSUXUID, NSUXIID, NSUXSID, 
      NSUXCTY, ICUSPRO, NSUXRES, FSUXEML, 
      FSUXMCO, FSUXCFS, FSUXHAS, NSUXCFE, 
      NSUXHAS, FSUXMVM, NSUXLAG, FSUXLPA
      )
    values (#{isubrid,jdbcType=CHAR}, #{isubrep,jdbcType=INTEGER}, #{fsuxsta,jdbcType=CHAR}, 
      #{csuxrda,jdbcType=VARCHAR}, #{nsuxtov,jdbcType=CHAR}, #{nsuxdtl,jdbcType=CHAR}, 
      #{nsuxgcc,jdbcType=CHAR}, #{nsuxnme,jdbcType=CHAR}, #{nsuxphn,jdbcType=CHAR}, #{nsuxeml,jdbcType=CHAR}, 
      #{dsuxsts,jdbcType=TIMESTAMP}, #{dsuxuts,jdbcType=TIMESTAMP}, #{icusleg,jdbcType=CHAR}, 
      #{nsuxcnm,jdbcType=CHAR}, #{isuxhws,jdbcType=CHAR}, #{isuxhwt,jdbcType=CHAR}, #{nsuxmsu,jdbcType=CHAR}, 
      #{ispcmch,jdbcType=CHAR}, #{ntodnme,jdbcType=CHAR}, #{ntodver,jdbcType=CHAR}, #{ntodrel,jdbcType=CHAR}, 
      #{ictycty,jdbcType=CHAR}, #{dsuxpst,jdbcType=DATE}, #{dsuxpen,jdbcType=DATE}, #{nsuxaid,jdbcType=CHAR}, 
      #{fsuxbsc,jdbcType=CHAR}, #{dperper,jdbcType=CHAR}, #{dsuxaut,jdbcType=TIMESTAMP}, 
      #{nsuxauu,jdbcType=CHAR}, #{nsuxaup,jdbcType=CHAR}, #{fsuxipl,jdbcType=CHAR}, #{csuxper,jdbcType=VARCHAR}, 
      #{nsuxuid,jdbcType=CHAR}, #{nsuxiid,jdbcType=CHAR}, #{nsuxsid,jdbcType=TIMESTAMP}, 
      #{nsuxcty,jdbcType=CHAR}, #{icuspro,jdbcType=CHAR}, #{nsuxres,jdbcType=CHAR}, #{fsuxeml,jdbcType=CHAR}, 
      #{fsuxmco,jdbcType=CHAR}, #{fsuxcfs,jdbcType=CHAR}, #{fsuxhas,jdbcType=CHAR}, #{nsuxcfe,jdbcType=CHAR}, 
      #{nsuxhas,jdbcType=CHAR}, #{fsuxmvm,jdbcType=CHAR}, #{nsuxlag,jdbcType=CHAR}, #{fsuxlpa,jdbcType=CHAR}
      )
  </insert>
  <insert id="insertSelective" parameterType="com.ibm.dk.alr.zscm.scrt.storing.mybatis.model.SCRSUX">
    insert into SCRSUX
    <trim prefix="(" suffix=")" suffixOverrides=",">
      <if test="isubrid != null">
        ISUBRID,
      </if>
      <if test="isubrep != null">
        ISUBREP,
      </if>
      <if test="fsuxsta != null">
        FSUXSTA,
      </if>
      <if test="csuxrda != null">
        CSUXRDA,
      </if>
      <if test="nsuxtov != null">
        NSUXTOV,
      </if>
      <if test="nsuxdtl != null">
        NSUXDTL,
      </if>
      <if test="nsuxgcc != null">
        NSUXGCC,
      </if>
      <if test="nsuxnme != null">
        NSUXNME,
      </if>
      <if test="nsuxphn != null">
        NSUXPHN,
      </if>
      <if test="nsuxeml != null">
        NSUXEML,
      </if>
      <if test="dsuxsts != null">
        DSUXSTS,
      </if>
      <if test="dsuxuts != null">
        DSUXUTS,
      </if>
      <if test="icusleg != null">
        ICUSLEG,
      </if>
      <if test="nsuxcnm != null">
        NSUXCNM,
      </if>
      <if test="isuxhws != null">
        ISUXHWS,
      </if>
      <if test="isuxhwt != null">
        ISUXHWT,
      </if>
      <if test="nsuxmsu != null">
        NSUXMSU,
      </if>
      <if test="ispcmch != null">
        ISPCMCH,
      </if>
      <if test="ntodnme != null">
        NTODNME,
      </if>
      <if test="ntodver != null">
        NTODVER,
      </if>
      <if test="ntodrel != null">
        NTODREL,
      </if>
      <if test="ictycty != null">
        ICTYCTY,
      </if>
      <if test="dsuxpst != null">
        DSUXPST,
      </if>
      <if test="dsuxpen != null">
        DSUXPEN,
      </if>
      <if test="nsuxaid != null">
        NSUXAID,
      </if>
      <if test="fsuxbsc != null">
        FSUXBSC,
      </if>
      <if test="dperper != null">
        DPERPER,
      </if>
      <if test="dsuxaut != null">
        DSUXAUT,
      </if>
      <if test="nsuxauu != null">
        NSUXAUU,
      </if>
      <if test="nsuxaup != null">
        NSUXAUP,
      </if>
      <if test="fsuxipl != null">
        FSUXIPL,
      </if>
      <if test="csuxper != null">
        CSUXPER,
      </if>
      <if test="nsuxuid != null">
        NSUXUID,
      </if>
      <if test="nsuxiid != null">
        NSUXIID,
      </if>
      <if test="nsuxsid != null">
        NSUXSID,
      </if>
      <if test="nsuxcty != null">
        NSUXCTY,
      </if>
      <if test="icuspro != null">
        ICUSPRO,
      </if>
      <if test="nsuxres != null">
        NSUXRES,
      </if>
      <if test="fsuxeml != null">
        FSUXEML,
      </if>
      <if test="fsuxmco != null">
        FSUXMCO,
      </if>
      <if test="fsuxcfs != null">
        FSUXCFS,
      </if>
      <if test="fsuxhas != null">
        FSUXHAS,
      </if>
      <if test="nsuxcfe != null">
        NSUXCFE,
      </if>
      <if test="nsuxhas != null">
        NSUXHAS,
      </if>
      <if test="fsuxmvm != null">
        FSUXMVM,
      </if>
      <if test="nsuxlag != null">
        NSUXLAG,
      </if>
      <if test="fsuxlpa != null">
        FSUXLPA,
      </if>
    </trim>
    <trim prefix="values (" suffix=")" suffixOverrides=",">
      <if test="isubrid != null">
        #{isubrid,jdbcType=CHAR},
      </if>
      <if test="isubrep != null">
        #{isubrep,jdbcType=INTEGER},
      </if>
      <if test="fsuxsta != null">
        #{fsuxsta,jdbcType=CHAR},
      </if>
      <if test="csuxrda != null">
        #{csuxrda,jdbcType=VARCHAR},
      </if>
      <if test="nsuxtov != null">
        #{nsuxtov,jdbcType=CHAR},
      </if>
      <if test="nsuxdtl != null">
        #{nsuxdtl,jdbcType=CHAR},
      </if>
      <if test="nsuxgcc != null">
        #{nsuxgcc,jdbcType=CHAR},
      </if>
      <if test="nsuxnme != null">
        #{nsuxnme,jdbcType=CHAR},
      </if>
      <if test="nsuxphn != null">
        #{nsuxphn,jdbcType=CHAR},
      </if>
      <if test="nsuxeml != null">
        #{nsuxeml,jdbcType=CHAR},
      </if>
      <if test="dsuxsts != null">
        #{dsuxsts,jdbcType=TIMESTAMP},
      </if>
      <if test="dsuxuts != null">
        #{dsuxuts,jdbcType=TIMESTAMP},
      </if>
      <if test="icusleg != null">
        #{icusleg,jdbcType=CHAR},
      </if>
      <if test="nsuxcnm != null">
        #{nsuxcnm,jdbcType=CHAR},
      </if>
      <if test="isuxhws != null">
        #{isuxhws,jdbcType=CHAR},
      </if>
      <if test="isuxhwt != null">
        #{isuxhwt,jdbcType=CHAR},
      </if>
      <if test="nsuxmsu != null">
        #{nsuxmsu,jdbcType=CHAR},
      </if>
      <if test="ispcmch != null">
        #{ispcmch,jdbcType=CHAR},
      </if>
      <if test="ntodnme != null">
        #{ntodnme,jdbcType=CHAR},
      </if>
      <if test="ntodver != null">
        #{ntodver,jdbcType=CHAR},
      </if>
      <if test="ntodrel != null">
        #{ntodrel,jdbcType=CHAR},
      </if>
      <if test="ictycty != null">
        #{ictycty,jdbcType=CHAR},
      </if>
      <if test="dsuxpst != null">
        #{dsuxpst,jdbcType=DATE},
      </if>
      <if test="dsuxpen != null">
        #{dsuxpen,jdbcType=DATE},
      </if>
      <if test="nsuxaid != null">
        #{nsuxaid,jdbcType=CHAR},
      </if>
      <if test="fsuxbsc != null">
        #{fsuxbsc,jdbcType=CHAR},
      </if>
      <if test="dperper != null">
        #{dperper,jdbcType=CHAR},
      </if>
      <if test="dsuxaut != null">
        #{dsuxaut,jdbcType=TIMESTAMP},
      </if>
      <if test="nsuxauu != null">
        #{nsuxauu,jdbcType=CHAR},
      </if>
      <if test="nsuxaup != null">
        #{nsuxaup,jdbcType=CHAR},
      </if>
      <if test="fsuxipl != null">
        #{fsuxipl,jdbcType=CHAR},
      </if>
      <if test="csuxper != null">
        #{csuxper,jdbcType=VARCHAR},
      </if>
      <if test="nsuxuid != null">
        #{nsuxuid,jdbcType=CHAR},
      </if>
      <if test="nsuxiid != null">
        #{nsuxiid,jdbcType=CHAR},
      </if>
      <if test="nsuxsid != null">
        #{nsuxsid,jdbcType=TIMESTAMP},
      </if>
      <if test="nsuxcty != null">
        #{nsuxcty,jdbcType=CHAR},
      </if>
      <if test="icuspro != null">
        #{icuspro,jdbcType=CHAR},
      </if>
      <if test="nsuxres != null">
        #{nsuxres,jdbcType=CHAR},
      </if>
      <if test="fsuxeml != null">
        #{fsuxeml,jdbcType=CHAR},
      </if>
      <if test="fsuxmco != null">
        #{fsuxmco,jdbcType=CHAR},
      </if>
      <if test="fsuxcfs != null">
        #{fsuxcfs,jdbcType=CHAR},
      </if>
      <if test="fsuxhas != null">
        #{fsuxhas,jdbcType=CHAR},
      </if>
      <if test="nsuxcfe != null">
        #{nsuxcfe,jdbcType=CHAR},
      </if>
      <if test="nsuxhas != null">
        #{nsuxhas,jdbcType=CHAR},
      </if>
      <if test="fsuxmvm != null">
        #{fsuxmvm,jdbcType=CHAR},
      </if>
      <if test="nsuxlag != null">
        #{nsuxlag,jdbcType=CHAR},
      </if>
      <if test="fsuxlpa != null">
        #{fsuxlpa,jdbcType=CHAR},
      </if>
    </trim>
  </insert>
  <update id="updateByPrimaryKeySelective" parameterType="com.ibm.dk.alr.zscm.scrt.storing.mybatis.model.SCRSUX">
    update SCRSUX
    <set>
      <if test="fsuxsta != null">
        FSUXSTA = #{fsuxsta,jdbcType=CHAR},
      </if>
      <if test="csuxrda != null">
        CSUXRDA = #{csuxrda,jdbcType=VARCHAR},
      </if>
      <if test="nsuxtov != null">
        NSUXTOV = #{nsuxtov,jdbcType=CHAR},
      </if>
      <if test="nsuxdtl != null">
        NSUXDTL = #{nsuxdtl,jdbcType=CHAR},
      </if>
      <if test="nsuxgcc != null">
        NSUXGCC = #{nsuxgcc,jdbcType=CHAR},
      </if>
      <if test="nsuxnme != null">
        NSUXNME = #{nsuxnme,jdbcType=CHAR},
      </if>
      <if test="nsuxphn != null">
        NSUXPHN = #{nsuxphn,jdbcType=CHAR},
      </if>
      <if test="nsuxeml != null">
        NSUXEML = #{nsuxeml,jdbcType=CHAR},
      </if>
      <if test="dsuxsts != null">
        DSUXSTS = #{dsuxsts,jdbcType=TIMESTAMP},
      </if>
      <if test="dsuxuts != null">
        DSUXUTS = #{dsuxuts,jdbcType=TIMESTAMP},
      </if>
      <if test="icusleg != null">
        ICUSLEG = #{icusleg,jdbcType=CHAR},
      </if>
      <if test="nsuxcnm != null">
        NSUXCNM = #{nsuxcnm,jdbcType=CHAR},
      </if>
      <if test="isuxhws != null">
        ISUXHWS = #{isuxhws,jdbcType=CHAR},
      </if>
      <if test="isuxhwt != null">
        ISUXHWT = #{isuxhwt,jdbcType=CHAR},
      </if>
      <if test="nsuxmsu != null">
        NSUXMSU = #{nsuxmsu,jdbcType=CHAR},
      </if>
      <if test="ispcmch != null">
        ISPCMCH = #{ispcmch,jdbcType=CHAR},
      </if>
      <if test="ntodnme != null">
        NTODNME = #{ntodnme,jdbcType=CHAR},
      </if>
      <if test="ntodver != null">
        NTODVER = #{ntodver,jdbcType=CHAR},
      </if>
      <if test="ntodrel != null">
        NTODREL = #{ntodrel,jdbcType=CHAR},
      </if>
      <if test="ictycty != null">
        ICTYCTY = #{ictycty,jdbcType=CHAR},
      </if>
      <if test="dsuxpst != null">
        DSUXPST = #{dsuxpst,jdbcType=DATE},
      </if>
      <if test="dsuxpen != null">
        DSUXPEN = #{dsuxpen,jdbcType=DATE},
      </if>
      <if test="nsuxaid != null">
        NSUXAID = #{nsuxaid,jdbcType=CHAR},
      </if>
      <if test="fsuxbsc != null">
        FSUXBSC = #{fsuxbsc,jdbcType=CHAR},
      </if>
      <if test="dperper != null">
        DPERPER = #{dperper,jdbcType=CHAR},
      </if>
      <if test="dsuxaut != null">
        DSUXAUT = #{dsuxaut,jdbcType=TIMESTAMP},
      </if>
      <if test="nsuxauu != null">
        NSUXAUU = #{nsuxauu,jdbcType=CHAR},
      </if>
      <if test="nsuxaup != null">
        NSUXAUP = #{nsuxaup,jdbcType=CHAR},
      </if>
      <if test="fsuxipl != null">
        FSUXIPL = #{fsuxipl,jdbcType=CHAR},
      </if>
      <if test="csuxper != null">
        CSUXPER = #{csuxper,jdbcType=VARCHAR},
      </if>
      <if test="nsuxuid != null">
        NSUXUID = #{nsuxuid,jdbcType=CHAR},
      </if>
      <if test="nsuxiid != null">
        NSUXIID = #{nsuxiid,jdbcType=CHAR},
      </if>
      <if test="nsuxsid != null">
        NSUXSID = #{nsuxsid,jdbcType=TIMESTAMP},
      </if>
      <if test="nsuxcty != null">
        NSUXCTY = #{nsuxcty,jdbcType=CHAR},
      </if>
      <if test="icuspro != null">
        ICUSPRO = #{icuspro,jdbcType=CHAR},
      </if>
      <if test="nsuxres != null">
        NSUXRES = #{nsuxres,jdbcType=CHAR},
      </if>
      <if test="fsuxeml != null">
        FSUXEML = #{fsuxeml,jdbcType=CHAR},
      </if>
      <if test="fsuxmco != null">
        FSUXMCO = #{fsuxmco,jdbcType=CHAR},
      </if>
      <if test="fsuxcfs != null">
        FSUXCFS = #{fsuxcfs,jdbcType=CHAR},
      </if>
      <if test="fsuxhas != null">
        FSUXHAS = #{fsuxhas,jdbcType=CHAR},
      </if>
      <if test="nsuxcfe != null">
        NSUXCFE = #{nsuxcfe,jdbcType=CHAR},
      </if>
      <if test="nsuxhas != null">
        NSUXHAS = #{nsuxhas,jdbcType=CHAR},
      </if>
      <if test="fsuxmvm != null">
        FSUXMVM = #{fsuxmvm,jdbcType=CHAR},
      </if>
      <if test="nsuxlag != null">
        NSUXLAG = #{nsuxlag,jdbcType=CHAR},
      </if>
      <if test="fsuxlpa != null">
        FSUXLPA = #{fsuxlpa,jdbcType=CHAR},
      </if>
    </set>
    where ISUBRID = #{isubrid,jdbcType=CHAR}
      and ISUBREP = #{isubrep,jdbcType=INTEGER}
  </update>
  <update id="updateByPrimaryKey" parameterType="com.ibm.dk.alr.zscm.scrt.storing.mybatis.model.SCRSUX">
    update SCRSUX
    set FSUXSTA = #{fsuxsta,jdbcType=CHAR},
      CSUXRDA = #{csuxrda,jdbcType=VARCHAR},
      NSUXTOV = #{nsuxtov,jdbcType=CHAR},
      NSUXDTL = #{nsuxdtl,jdbcType=CHAR},
      NSUXGCC = #{nsuxgcc,jdbcType=CHAR},
      NSUXNME = #{nsuxnme,jdbcType=CHAR},
      NSUXPHN = #{nsuxphn,jdbcType=CHAR},
      NSUXEML = #{nsuxeml,jdbcType=CHAR},
      DSUXSTS = #{dsuxsts,jdbcType=TIMESTAMP},
      DSUXUTS = #{dsuxuts,jdbcType=TIMESTAMP},
      ICUSLEG = #{icusleg,jdbcType=CHAR},
      NSUXCNM = #{nsuxcnm,jdbcType=CHAR},
      ISUXHWS = #{isuxhws,jdbcType=CHAR},
      ISUXHWT = #{isuxhwt,jdbcType=CHAR},
      NSUXMSU = #{nsuxmsu,jdbcType=CHAR},
      ISPCMCH = #{ispcmch,jdbcType=CHAR},
      NTODNME = #{ntodnme,jdbcType=CHAR},
      NTODVER = #{ntodver,jdbcType=CHAR},
      NTODREL = #{ntodrel,jdbcType=CHAR},
      ICTYCTY = #{ictycty,jdbcType=CHAR},
      DSUXPST = #{dsuxpst,jdbcType=DATE},
      DSUXPEN = #{dsuxpen,jdbcType=DATE},
      NSUXAID = #{nsuxaid,jdbcType=CHAR},
      FSUXBSC = #{fsuxbsc,jdbcType=CHAR},
      DPERPER = #{dperper,jdbcType=CHAR},
      DSUXAUT = #{dsuxaut,jdbcType=TIMESTAMP},
      NSUXAUU = #{nsuxauu,jdbcType=CHAR},
      NSUXAUP = #{nsuxaup,jdbcType=CHAR},
      FSUXIPL = #{fsuxipl,jdbcType=CHAR},
      CSUXPER = #{csuxper,jdbcType=VARCHAR},
      NSUXUID = #{nsuxuid,jdbcType=CHAR},
      NSUXIID = #{nsuxiid,jdbcType=CHAR},
      NSUXSID = #{nsuxsid,jdbcType=TIMESTAMP},
      NSUXCTY = #{nsuxcty,jdbcType=CHAR},
      ICUSPRO = #{icuspro,jdbcType=CHAR},
      NSUXRES = #{nsuxres,jdbcType=CHAR},
      FSUXEML = #{fsuxeml,jdbcType=CHAR},
      FSUXMCO = #{fsuxmco,jdbcType=CHAR},
      FSUXCFS = #{fsuxcfs,jdbcType=CHAR},
      FSUXHAS = #{fsuxhas,jdbcType=CHAR},
      NSUXCFE = #{nsuxcfe,jdbcType=CHAR},
      NSUXHAS = #{nsuxhas,jdbcType=CHAR},
      FSUXMVM = #{fsuxmvm,jdbcType=CHAR},
      NSUXLAG = #{nsuxlag,jdbcType=CHAR},
      FSUXLPA = #{fsuxlpa,jdbcType=CHAR}
    where ISUBRID = #{isubrid,jdbcType=CHAR}
      and ISUBREP = #{isubrep,jdbcType=INTEGER}
  </update>
</mapper>