<?xml version="1.0" encoding="UTF-8"?>
<!DOCTYPE mapper PUBLIC "-//mybatis.org//DTD Mapper 3.0//EN" "http://mybatis.org/dtd/mybatis-3-mapper.dtd">
<mapper namespace="com.ibm.dk.alr.zscm.scrt.storing.mybatis.data.WLMAMCMapper">
  <resultMap id="BaseResultMap" type="com.ibm.dk.alr.zscm.scrt.storing.mybatis.model.WLMAMC">
    <result column="IAMCRMC" jdbcType="CHAR" property="iamcrmc" />
    <result column="IAMCAMC" jdbcType="CHAR" property="iamcamc" />
    <result column="CAMCREM" jdbcType="VARCHAR" property="camcrem" />
    <result column="CAMCJUS" jdbcType="VARCHAR" property="camcjus" />
    <result column="DAMCAUT" jdbcType="TIMESTAMP" property="damcaut" />
    <result column="SAMCAUP" jdbcType="CHAR" property="samcaup" />
    <result column="SAMCAUU" jdbcType="CHAR" property="samcauu" />
  </resultMap>
  <insert id="insert" parameterType="com.ibm.dk.alr.zscm.scrt.storing.mybatis.model.WLMAMC">
    insert into WLMAMC (IAMCRMC, IAMCAMC, CAMCREM, 
      CAMCJUS, DAMCAUT, SAMCAUP, 
      SAMCAUU)
    values (#{iamcrmc,jdbcType=CHAR}, #{iamcamc,jdbcType=CHAR}, #{camcrem,jdbcType=VARCHAR}, 
      #{camcjus,jdbcType=VARCHAR}, #{damcaut,jdbcType=TIMESTAMP}, #{samcaup,jdbcType=CHAR}, 
      #{samcauu,jdbcType=CHAR})
  </insert>
  <insert id="insertSelective" parameterType="com.ibm.dk.alr.zscm.scrt.storing.mybatis.model.WLMAMC">
    insert into WLMAMC
    <trim prefix="(" suffix=")" suffixOverrides=",">
      <if test="iamcrmc != null">
        IAMCRMC,
      </if>
      <if test="iamcamc != null">
        IAMCAMC,
      </if>
      <if test="camcrem != null">
        CAMCREM,
      </if>
      <if test="camcjus != null">
        CAMCJUS,
      </if>
      <if test="damcaut != null">
        DAMCAUT,
      </if>
      <if test="samcaup != null">
        SAMCAUP,
      </if>
      <if test="samcauu != null">
        SAMCAUU,
      </if>
    </trim>
    <trim prefix="values (" suffix=")" suffixOverrides=",">
      <if test="iamcrmc != null">
        #{iamcrmc,jdbcType=CHAR},
      </if>
      <if test="iamcamc != null">
        #{iamcamc,jdbcType=CHAR},
      </if>
      <if test="camcrem != null">
        #{camcrem,jdbcType=VARCHAR},
      </if>
      <if test="camcjus != null">
        #{camcjus,jdbcType=VARCHAR},
      </if>
      <if test="damcaut != null">
        #{damcaut,jdbcType=TIMESTAMP},
      </if>
      <if test="samcaup != null">
        #{samcaup,jdbcType=CHAR},
      </if>
      <if test="samcauu != null">
        #{samcauu,jdbcType=CHAR},
      </if>
    </trim>
  </insert>
  <resultMap id="BaseResultMap" type="com.ibm.dk.alr.zscm.scrt.storing.mybatis.model.WLMAMC">
    <result column="IAMCRMC" jdbcType="CHAR" property="iamcrmc" />
    <result column="IAMCAMC" jdbcType="CHAR" property="iamcamc" />
    <result column="CAMCREM" jdbcType="VARCHAR" property="camcrem" />
    <result column="CAMCJUS" jdbcType="VARCHAR" property="camcjus" />
    <result column="DAMCAUT" jdbcType="TIMESTAMP" property="damcaut" />
    <result column="SAMCAUP" jdbcType="CHAR" property="samcaup" />
    <result column="SAMCAUU" jdbcType="CHAR" property="samcauu" />
  </resultMap>
  <insert id="insert" parameterType="com.ibm.dk.alr.zscm.scrt.storing.mybatis.model.WLMAMC">
    insert into WLMAMC (IAMCRMC, IAMCAMC, CAMCREM, 
      CAMCJUS, DAMCAUT, SAMCAUP, 
      SAMCAUU)
    values (#{iamcrmc,jdbcType=CHAR}, #{iamcamc,jdbcType=CHAR}, #{camcrem,jdbcType=VARCHAR}, 
      #{camcjus,jdbcType=VARCHAR}, #{damcaut,jdbcType=TIMESTAMP}, #{samcaup,jdbcType=CHAR}, 
      #{samcauu,jdbcType=CHAR})
  </insert>
  <insert id="insertSelective" parameterType="com.ibm.dk.alr.zscm.scrt.storing.mybatis.model.WLMAMC">
    insert into WLMAMC
    <trim prefix="(" suffix=")" suffixOverrides=",">
      <if test="iamcrmc != null">
        IAMCRMC,
      </if>
      <if test="iamcamc != null">
        IAMCAMC,
      </if>
      <if test="camcrem != null">
        CAMCREM,
      </if>
      <if test="camcjus != null">
        CAMCJUS,
      </if>
      <if test="damcaut != null">
        DAMCAUT,
      </if>
      <if test="samcaup != null">
        SAMCAUP,
      </if>
      <if test="samcauu != null">
        SAMCAUU,
      </if>
    </trim>
    <trim prefix="values (" suffix=")" suffixOverrides=",">
      <if test="iamcrmc != null">
        #{iamcrmc,jdbcType=CHAR},
      </if>
      <if test="iamcamc != null">
        #{iamcamc,jdbcType=CHAR},
      </if>
      <if test="camcrem != null">
        #{camcrem,jdbcType=VARCHAR},
      </if>
      <if test="camcjus != null">
        #{camcjus,jdbcType=VARCHAR},
      </if>
      <if test="damcaut != null">
        #{damcaut,jdbcType=TIMESTAMP},
      </if>
      <if test="samcaup != null">
        #{samcaup,jdbcType=CHAR},
      </if>
      <if test="samcauu != null">
        #{samcauu,jdbcType=CHAR},
      </if>
    </trim>
  </insert>
  <resultMap id="BaseResultMap" type="com.ibm.dk.alr.zscm.scrt.storing.mybatis.model.WLMAMC">
    <result column="IAMCRMC" jdbcType="CHAR" property="iamcrmc" />
    <result column="IAMCAMC" jdbcType="CHAR" property="iamcamc" />
    <result column="CAMCREM" jdbcType="VARCHAR" property="camcrem" />
    <result column="CAMCJUS" jdbcType="VARCHAR" property="camcjus" />
    <result column="DAMCAUT" jdbcType="TIMESTAMP" property="damcaut" />
    <result column="SAMCAUP" jdbcType="CHAR" property="samcaup" />
    <result column="SAMCAUU" jdbcType="CHAR" property="samcauu" />
  </resultMap>
  <insert id="insert" parameterType="com.ibm.dk.alr.zscm.scrt.storing.mybatis.model.WLMAMC">
    insert into WLMAMC (IAMCRMC, IAMCAMC, CAMCREM, 
      CAMCJUS, DAMCAUT, SAMCAUP, 
      SAMCAUU)
    values (#{iamcrmc,jdbcType=CHAR}, #{iamcamc,jdbcType=CHAR}, #{camcrem,jdbcType=VARCHAR}, 
      #{camcjus,jdbcType=VARCHAR}, #{damcaut,jdbcType=TIMESTAMP}, #{samcaup,jdbcType=CHAR}, 
      #{samcauu,jdbcType=CHAR})
  </insert>
  <insert id="insertSelective" parameterType="com.ibm.dk.alr.zscm.scrt.storing.mybatis.model.WLMAMC">
    insert into WLMAMC
    <trim prefix="(" suffix=")" suffixOverrides=",">
      <if test="iamcrmc != null">
        IAMCRMC,
      </if>
      <if test="iamcamc != null">
        IAMCAMC,
      </if>
      <if test="camcrem != null">
        CAMCREM,
      </if>
      <if test="camcjus != null">
        CAMCJUS,
      </if>
      <if test="damcaut != null">
        DAMCAUT,
      </if>
      <if test="samcaup != null">
        SAMCAUP,
      </if>
      <if test="samcauu != null">
        SAMCAUU,
      </if>
    </trim>
    <trim prefix="values (" suffix=")" suffixOverrides=",">
      <if test="iamcrmc != null">
        #{iamcrmc,jdbcType=CHAR},
      </if>
      <if test="iamcamc != null">
        #{iamcamc,jdbcType=CHAR},
      </if>
      <if test="camcrem != null">
        #{camcrem,jdbcType=VARCHAR},
      </if>
      <if test="camcjus != null">
        #{camcjus,jdbcType=VARCHAR},
      </if>
      <if test="damcaut != null">
        #{damcaut,jdbcType=TIMESTAMP},
      </if>
      <if test="samcaup != null">
        #{samcaup,jdbcType=CHAR},
      </if>
      <if test="samcauu != null">
        #{samcauu,jdbcType=CHAR},
      </if>
    </trim>
  </insert>
  <resultMap id="BaseResultMap" type="com.ibm.dk.alr.zscm.scrt.storing.mybatis.model.WLMAMC">
    <result column="IAMCRMC" jdbcType="CHAR" property="iamcrmc" />
    <result column="IAMCAMC" jdbcType="CHAR" property="iamcamc" />
    <result column="CAMCREM" jdbcType="VARCHAR" property="camcrem" />
    <result column="CAMCJUS" jdbcType="VARCHAR" property="camcjus" />
    <result column="DAMCAUT" jdbcType="TIMESTAMP" property="damcaut" />
    <result column="SAMCAUP" jdbcType="CHAR" property="samcaup" />
    <result column="SAMCAUU" jdbcType="CHAR" property="samcauu" />
  </resultMap>
  <insert id="insert" parameterType="com.ibm.dk.alr.zscm.scrt.storing.mybatis.model.WLMAMC">
    insert into WLMAMC (IAMCRMC, IAMCAMC, CAMCREM, 
      CAMCJUS, DAMCAUT, SAMCAUP, 
      SAMCAUU)
    values (#{iamcrmc,jdbcType=CHAR}, #{iamcamc,jdbcType=CHAR}, #{camcrem,jdbcType=VARCHAR}, 
      #{camcjus,jdbcType=VARCHAR}, #{damcaut,jdbcType=TIMESTAMP}, #{samcaup,jdbcType=CHAR}, 
      #{samcauu,jdbcType=CHAR})
  </insert>
  <insert id="insertSelective" parameterType="com.ibm.dk.alr.zscm.scrt.storing.mybatis.model.WLMAMC">
    insert into WLMAMC
    <trim prefix="(" suffix=")" suffixOverrides=",">
      <if test="iamcrmc != null">
        IAMCRMC,
      </if>
      <if test="iamcamc != null">
        IAMCAMC,
      </if>
      <if test="camcrem != null">
        CAMCREM,
      </if>
      <if test="camcjus != null">
        CAMCJUS,
      </if>
      <if test="damcaut != null">
        DAMCAUT,
      </if>
      <if test="samcaup != null">
        SAMCAUP,
      </if>
      <if test="samcauu != null">
        SAMCAUU,
      </if>
    </trim>
    <trim prefix="values (" suffix=")" suffixOverrides=",">
      <if test="iamcrmc != null">
        #{iamcrmc,jdbcType=CHAR},
      </if>
      <if test="iamcamc != null">
        #{iamcamc,jdbcType=CHAR},
      </if>
      <if test="camcrem != null">
        #{camcrem,jdbcType=VARCHAR},
      </if>
      <if test="camcjus != null">
        #{camcjus,jdbcType=VARCHAR},
      </if>
      <if test="damcaut != null">
        #{damcaut,jdbcType=TIMESTAMP},
      </if>
      <if test="samcaup != null">
        #{samcaup,jdbcType=CHAR},
      </if>
      <if test="samcauu != null">
        #{samcauu,jdbcType=CHAR},
      </if>
    </trim>
  </insert>
  <resultMap id="BaseResultMap" type="com.ibm.dk.alr.zscm.scrt.storing.mybatis.model.WLMAMC">
    <result column="IAMCRMC" jdbcType="CHAR" property="iamcrmc" />
    <result column="IAMCAMC" jdbcType="CHAR" property="iamcamc" />
    <result column="CAMCREM" jdbcType="VARCHAR" property="camcrem" />
    <result column="CAMCJUS" jdbcType="VARCHAR" property="camcjus" />
    <result column="DAMCAUT" jdbcType="TIMESTAMP" property="damcaut" />
    <result column="SAMCAUP" jdbcType="CHAR" property="samcaup" />
    <result column="SAMCAUU" jdbcType="CHAR" property="samcauu" />
  </resultMap>
  <insert id="insert" parameterType="com.ibm.dk.alr.zscm.scrt.storing.mybatis.model.WLMAMC">
    insert into WLMAMC (IAMCRMC, IAMCAMC, CAMCREM, 
      CAMCJUS, DAMCAUT, SAMCAUP, 
      SAMCAUU)
    values (#{iamcrmc,jdbcType=CHAR}, #{iamcamc,jdbcType=CHAR}, #{camcrem,jdbcType=VARCHAR}, 
      #{camcjus,jdbcType=VARCHAR}, #{damcaut,jdbcType=TIMESTAMP}, #{samcaup,jdbcType=CHAR}, 
      #{samcauu,jdbcType=CHAR})
  </insert>
  <insert id="insertSelective" parameterType="com.ibm.dk.alr.zscm.scrt.storing.mybatis.model.WLMAMC">
    insert into WLMAMC
    <trim prefix="(" suffix=")" suffixOverrides=",">
      <if test="iamcrmc != null">
        IAMCRMC,
      </if>
      <if test="iamcamc != null">
        IAMCAMC,
      </if>
      <if test="camcrem != null">
        CAMCREM,
      </if>
      <if test="camcjus != null">
        CAMCJUS,
      </if>
      <if test="damcaut != null">
        DAMCAUT,
      </if>
      <if test="samcaup != null">
        SAMCAUP,
      </if>
      <if test="samcauu != null">
        SAMCAUU,
      </if>
    </trim>
    <trim prefix="values (" suffix=")" suffixOverrides=",">
      <if test="iamcrmc != null">
        #{iamcrmc,jdbcType=CHAR},
      </if>
      <if test="iamcamc != null">
        #{iamcamc,jdbcType=CHAR},
      </if>
      <if test="camcrem != null">
        #{camcrem,jdbcType=VARCHAR},
      </if>
      <if test="camcjus != null">
        #{camcjus,jdbcType=VARCHAR},
      </if>
      <if test="damcaut != null">
        #{damcaut,jdbcType=TIMESTAMP},
      </if>
      <if test="samcaup != null">
        #{samcaup,jdbcType=CHAR},
      </if>
      <if test="samcauu != null">
        #{samcauu,jdbcType=CHAR},
      </if>
    </trim>
  </insert>
</mapper>