<?xml version="1.0" encoding="UTF-8"?>
<!DOCTYPE mapper PUBLIC "-//mybatis.org//DTD Mapper 3.0//EN" "http://mybatis.org/dtd/mybatis-3-mapper.dtd">
<mapper namespace="com.ibm.dk.alr.zscm.scrt.storing.mybatis.data.WLMCSVMapper">
  <resultMap id="BaseResultMap" type="com.ibm.dk.alr.zscm.scrt.storing.mybatis.model.WLMCSV">
    <result column="ISUBRID" jdbcType="CHAR" property="isubrid" />
    <result column="LCSVFLE" jdbcType="VARCHAR" property="lcsvfle" />
    <result column="QCSVROW" jdbcType="INTEGER" property="qcsvrow" />
    <result column="DCSVAUT" jdbcType="TIMESTAMP" property="dcsvaut" />
    <result column="NCSVAUU" jdbcType="CHAR" property="ncsvauu" />
    <result column="NCSVAUP" jdbcType="CHAR" property="ncsvaup" />
    <result column="FSUBSTE" jdbcType="CHAR" property="fsubste" />
    <result column="ISUBREP" jdbcType="INTEGER" property="isubrep" />
  </resultMap>
  <insert id="insert" parameterType="com.ibm.dk.alr.zscm.scrt.storing.mybatis.model.WLMCSV">
    insert into WLMCSV (ISUBRID, LCSVFLE, QCSVROW, 
      DCSVAUT, NCSVAUU, NCSVAUP, 
      FSUBSTE, ISUBREP)
    values (#{isubrid,jdbcType=CHAR}, #{lcsvfle,jdbcType=VARCHAR}, #{qcsvrow,jdbcType=INTEGER}, 
      #{dcsvaut,jdbcType=TIMESTAMP}, #{ncsvauu,jdbcType=CHAR}, #{ncsvaup,jdbcType=CHAR}, 
      #{fsubste,jdbcType=CHAR}, #{isubrep,jdbcType=INTEGER})
  </insert>
  <insert id="insertSelective" parameterType="com.ibm.dk.alr.zscm.scrt.storing.mybatis.model.WLMCSV">
    insert into WLMCSV
    <trim prefix="(" suffix=")" suffixOverrides=",">
      <if test="isubrid != null">
        ISUBRID,
      </if>
      <if test="lcsvfle != null">
        LCSVFLE,
      </if>
      <if test="qcsvrow != null">
        QCSVROW,
      </if>
      <if test="dcsvaut != null">
        DCSVAUT,
      </if>
      <if test="ncsvauu != null">
        NCSVAUU,
      </if>
      <if test="ncsvaup != null">
        NCSVAUP,
      </if>
      <if test="fsubste != null">
        FSUBSTE,
      </if>
      <if test="isubrep != null">
        ISUBREP,
      </if>
    </trim>
    <trim prefix="values (" suffix=")" suffixOverrides=",">
      <if test="isubrid != null">
        #{isubrid,jdbcType=CHAR},
      </if>
      <if test="lcsvfle != null">
        #{lcsvfle,jdbcType=VARCHAR},
      </if>
      <if test="qcsvrow != null">
        #{qcsvrow,jdbcType=INTEGER},
      </if>
      <if test="dcsvaut != null">
        #{dcsvaut,jdbcType=TIMESTAMP},
      </if>
      <if test="ncsvauu != null">
        #{ncsvauu,jdbcType=CHAR},
      </if>
      <if test="ncsvaup != null">
        #{ncsvaup,jdbcType=CHAR},
      </if>
      <if test="fsubste != null">
        #{fsubste,jdbcType=CHAR},
      </if>
      <if test="isubrep != null">
        #{isubrep,jdbcType=INTEGER},
      </if>
    </trim>
  </insert>
  <resultMap id="BaseResultMap" type="com.ibm.dk.alr.zscm.scrt.storing.mybatis.model.WLMCSV">
    <result column="ISUBRID" jdbcType="CHAR" property="isubrid" />
    <result column="LCSVFLE" jdbcType="VARCHAR" property="lcsvfle" />
    <result column="QCSVROW" jdbcType="INTEGER" property="qcsvrow" />
    <result column="DCSVAUT" jdbcType="TIMESTAMP" property="dcsvaut" />
    <result column="NCSVAUU" jdbcType="CHAR" property="ncsvauu" />
    <result column="NCSVAUP" jdbcType="CHAR" property="ncsvaup" />
    <result column="FSUBSTE" jdbcType="CHAR" property="fsubste" />
    <result column="ISUBREP" jdbcType="INTEGER" property="isubrep" />
  </resultMap>
  <insert id="insert" parameterType="com.ibm.dk.alr.zscm.scrt.storing.mybatis.model.WLMCSV">
    insert into WLMCSV (ISUBRID, LCSVFLE, QCSVROW, 
      DCSVAUT, NCSVAUU, NCSVAUP, 
      FSUBSTE, ISUBREP)
    values (#{isubrid,jdbcType=CHAR}, #{lcsvfle,jdbcType=VARCHAR}, #{qcsvrow,jdbcType=INTEGER}, 
      #{dcsvaut,jdbcType=TIMESTAMP}, #{ncsvauu,jdbcType=CHAR}, #{ncsvaup,jdbcType=CHAR}, 
      #{fsubste,jdbcType=CHAR}, #{isubrep,jdbcType=INTEGER})
  </insert>
  <insert id="insertSelective" parameterType="com.ibm.dk.alr.zscm.scrt.storing.mybatis.model.WLMCSV">
    insert into WLMCSV
    <trim prefix="(" suffix=")" suffixOverrides=",">
      <if test="isubrid != null">
        ISUBRID,
      </if>
      <if test="lcsvfle != null">
        LCSVFLE,
      </if>
      <if test="qcsvrow != null">
        QCSVROW,
      </if>
      <if test="dcsvaut != null">
        DCSVAUT,
      </if>
      <if test="ncsvauu != null">
        NCSVAUU,
      </if>
      <if test="ncsvaup != null">
        NCSVAUP,
      </if>
      <if test="fsubste != null">
        FSUBSTE,
      </if>
      <if test="isubrep != null">
        ISUBREP,
      </if>
    </trim>
    <trim prefix="values (" suffix=")" suffixOverrides=",">
      <if test="isubrid != null">
        #{isubrid,jdbcType=CHAR},
      </if>
      <if test="lcsvfle != null">
        #{lcsvfle,jdbcType=VARCHAR},
      </if>
      <if test="qcsvrow != null">
        #{qcsvrow,jdbcType=INTEGER},
      </if>
      <if test="dcsvaut != null">
        #{dcsvaut,jdbcType=TIMESTAMP},
      </if>
      <if test="ncsvauu != null">
        #{ncsvauu,jdbcType=CHAR},
      </if>
      <if test="ncsvaup != null">
        #{ncsvaup,jdbcType=CHAR},
      </if>
      <if test="fsubste != null">
        #{fsubste,jdbcType=CHAR},
      </if>
      <if test="isubrep != null">
        #{isubrep,jdbcType=INTEGER},
      </if>
    </trim>
  </insert>
  <resultMap id="BaseResultMap" type="com.ibm.dk.alr.zscm.scrt.storing.mybatis.model.WLMCSV">
    <result column="ISUBRID" jdbcType="CHAR" property="isubrid" />
    <result column="LCSVFLE" jdbcType="VARCHAR" property="lcsvfle" />
    <result column="QCSVROW" jdbcType="INTEGER" property="qcsvrow" />
    <result column="DCSVAUT" jdbcType="TIMESTAMP" property="dcsvaut" />
    <result column="NCSVAUU" jdbcType="CHAR" property="ncsvauu" />
    <result column="NCSVAUP" jdbcType="CHAR" property="ncsvaup" />
    <result column="FSUBSTE" jdbcType="CHAR" property="fsubste" />
    <result column="ISUBREP" jdbcType="INTEGER" property="isubrep" />
  </resultMap>
  <insert id="insert" parameterType="com.ibm.dk.alr.zscm.scrt.storing.mybatis.model.WLMCSV">
    insert into WLMCSV (ISUBRID, LCSVFLE, QCSVROW, 
      DCSVAUT, NCSVAUU, NCSVAUP, 
      FSUBSTE, ISUBREP)
    values (#{isubrid,jdbcType=CHAR}, #{lcsvfle,jdbcType=VARCHAR}, #{qcsvrow,jdbcType=INTEGER}, 
      #{dcsvaut,jdbcType=TIMESTAMP}, #{ncsvauu,jdbcType=CHAR}, #{ncsvaup,jdbcType=CHAR}, 
      #{fsubste,jdbcType=CHAR}, #{isubrep,jdbcType=INTEGER})
  </insert>
  <insert id="insertSelective" parameterType="com.ibm.dk.alr.zscm.scrt.storing.mybatis.model.WLMCSV">
    insert into WLMCSV
    <trim prefix="(" suffix=")" suffixOverrides=",">
      <if test="isubrid != null">
        ISUBRID,
      </if>
      <if test="lcsvfle != null">
        LCSVFLE,
      </if>
      <if test="qcsvrow != null">
        QCSVROW,
      </if>
      <if test="dcsvaut != null">
        DCSVAUT,
      </if>
      <if test="ncsvauu != null">
        NCSVAUU,
      </if>
      <if test="ncsvaup != null">
        NCSVAUP,
      </if>
      <if test="fsubste != null">
        FSUBSTE,
      </if>
      <if test="isubrep != null">
        ISUBREP,
      </if>
    </trim>
    <trim prefix="values (" suffix=")" suffixOverrides=",">
      <if test="isubrid != null">
        #{isubrid,jdbcType=CHAR},
      </if>
      <if test="lcsvfle != null">
        #{lcsvfle,jdbcType=VARCHAR},
      </if>
      <if test="qcsvrow != null">
        #{qcsvrow,jdbcType=INTEGER},
      </if>
      <if test="dcsvaut != null">
        #{dcsvaut,jdbcType=TIMESTAMP},
      </if>
      <if test="ncsvauu != null">
        #{ncsvauu,jdbcType=CHAR},
      </if>
      <if test="ncsvaup != null">
        #{ncsvaup,jdbcType=CHAR},
      </if>
      <if test="fsubste != null">
        #{fsubste,jdbcType=CHAR},
      </if>
      <if test="isubrep != null">
        #{isubrep,jdbcType=INTEGER},
      </if>
    </trim>
  </insert>
  <resultMap id="BaseResultMap" type="com.ibm.dk.alr.zscm.scrt.storing.mybatis.model.WLMCSV">
    <result column="ISUBRID" jdbcType="CHAR" property="isubrid" />
    <result column="LCSVFLE" jdbcType="VARCHAR" property="lcsvfle" />
    <result column="QCSVROW" jdbcType="INTEGER" property="qcsvrow" />
    <result column="DCSVAUT" jdbcType="TIMESTAMP" property="dcsvaut" />
    <result column="NCSVAUU" jdbcType="CHAR" property="ncsvauu" />
    <result column="NCSVAUP" jdbcType="CHAR" property="ncsvaup" />
    <result column="FSUBSTE" jdbcType="CHAR" property="fsubste" />
    <result column="ISUBREP" jdbcType="INTEGER" property="isubrep" />
  </resultMap>
  <insert id="insert" parameterType="com.ibm.dk.alr.zscm.scrt.storing.mybatis.model.WLMCSV">
    insert into WLMCSV (ISUBRID, LCSVFLE, QCSVROW, 
      DCSVAUT, NCSVAUU, NCSVAUP, 
      FSUBSTE, ISUBREP)
    values (#{isubrid,jdbcType=CHAR}, #{lcsvfle,jdbcType=VARCHAR}, #{qcsvrow,jdbcType=INTEGER}, 
      #{dcsvaut,jdbcType=TIMESTAMP}, #{ncsvauu,jdbcType=CHAR}, #{ncsvaup,jdbcType=CHAR}, 
      #{fsubste,jdbcType=CHAR}, #{isubrep,jdbcType=INTEGER})
  </insert>
  <insert id="insertSelective" parameterType="com.ibm.dk.alr.zscm.scrt.storing.mybatis.model.WLMCSV">
    insert into WLMCSV
    <trim prefix="(" suffix=")" suffixOverrides=",">
      <if test="isubrid != null">
        ISUBRID,
      </if>
      <if test="lcsvfle != null">
        LCSVFLE,
      </if>
      <if test="qcsvrow != null">
        QCSVROW,
      </if>
      <if test="dcsvaut != null">
        DCSVAUT,
      </if>
      <if test="ncsvauu != null">
        NCSVAUU,
      </if>
      <if test="ncsvaup != null">
        NCSVAUP,
      </if>
      <if test="fsubste != null">
        FSUBSTE,
      </if>
      <if test="isubrep != null">
        ISUBREP,
      </if>
    </trim>
    <trim prefix="values (" suffix=")" suffixOverrides=",">
      <if test="isubrid != null">
        #{isubrid,jdbcType=CHAR},
      </if>
      <if test="lcsvfle != null">
        #{lcsvfle,jdbcType=VARCHAR},
      </if>
      <if test="qcsvrow != null">
        #{qcsvrow,jdbcType=INTEGER},
      </if>
      <if test="dcsvaut != null">
        #{dcsvaut,jdbcType=TIMESTAMP},
      </if>
      <if test="ncsvauu != null">
        #{ncsvauu,jdbcType=CHAR},
      </if>
      <if test="ncsvaup != null">
        #{ncsvaup,jdbcType=CHAR},
      </if>
      <if test="fsubste != null">
        #{fsubste,jdbcType=CHAR},
      </if>
      <if test="isubrep != null">
        #{isubrep,jdbcType=INTEGER},
      </if>
    </trim>
  </insert>
  <resultMap id="BaseResultMap" type="com.ibm.dk.alr.zscm.scrt.storing.mybatis.model.WLMCSV">
    <result column="ISUBRID" jdbcType="CHAR" property="isubrid" />
    <result column="LCSVFLE" jdbcType="VARCHAR" property="lcsvfle" />
    <result column="QCSVROW" jdbcType="INTEGER" property="qcsvrow" />
    <result column="DCSVAUT" jdbcType="TIMESTAMP" property="dcsvaut" />
    <result column="NCSVAUU" jdbcType="CHAR" property="ncsvauu" />
    <result column="NCSVAUP" jdbcType="CHAR" property="ncsvaup" />
    <result column="FSUBSTE" jdbcType="CHAR" property="fsubste" />
    <result column="ISUBREP" jdbcType="INTEGER" property="isubrep" />
  </resultMap>
  <insert id="insert" parameterType="com.ibm.dk.alr.zscm.scrt.storing.mybatis.model.WLMCSV">
    insert into WLMCSV (ISUBRID, LCSVFLE, QCSVROW, 
      DCSVAUT, NCSVAUU, NCSVAUP, 
      FSUBSTE, ISUBREP)
    values (#{isubrid,jdbcType=CHAR}, #{lcsvfle,jdbcType=VARCHAR}, #{qcsvrow,jdbcType=INTEGER}, 
      #{dcsvaut,jdbcType=TIMESTAMP}, #{ncsvauu,jdbcType=CHAR}, #{ncsvaup,jdbcType=CHAR}, 
      #{fsubste,jdbcType=CHAR}, #{isubrep,jdbcType=INTEGER})
  </insert>
  <insert id="insertSelective" parameterType="com.ibm.dk.alr.zscm.scrt.storing.mybatis.model.WLMCSV">
    insert into WLMCSV
    <trim prefix="(" suffix=")" suffixOverrides=",">
      <if test="isubrid != null">
        ISUBRID,
      </if>
      <if test="lcsvfle != null">
        LCSVFLE,
      </if>
      <if test="qcsvrow != null">
        QCSVROW,
      </if>
      <if test="dcsvaut != null">
        DCSVAUT,
      </if>
      <if test="ncsvauu != null">
        NCSVAUU,
      </if>
      <if test="ncsvaup != null">
        NCSVAUP,
      </if>
      <if test="fsubste != null">
        FSUBSTE,
      </if>
      <if test="isubrep != null">
        ISUBREP,
      </if>
    </trim>
    <trim prefix="values (" suffix=")" suffixOverrides=",">
      <if test="isubrid != null">
        #{isubrid,jdbcType=CHAR},
      </if>
      <if test="lcsvfle != null">
        #{lcsvfle,jdbcType=VARCHAR},
      </if>
      <if test="qcsvrow != null">
        #{qcsvrow,jdbcType=INTEGER},
      </if>
      <if test="dcsvaut != null">
        #{dcsvaut,jdbcType=TIMESTAMP},
      </if>
      <if test="ncsvauu != null">
        #{ncsvauu,jdbcType=CHAR},
      </if>
      <if test="ncsvaup != null">
        #{ncsvaup,jdbcType=CHAR},
      </if>
      <if test="fsubste != null">
        #{fsubste,jdbcType=CHAR},
      </if>
      <if test="isubrep != null">
        #{isubrep,jdbcType=INTEGER},
      </if>
    </trim>
  </insert>
  <resultMap id="BaseResultMap" type="com.ibm.dk.alr.zscm.scrt.storing.mybatis.model.WLMCSV">
    <result column="ISUBRID" jdbcType="CHAR" property="isubrid" />
    <result column="LCSVFLE" jdbcType="VARCHAR" property="lcsvfle" />
    <result column="QCSVROW" jdbcType="INTEGER" property="qcsvrow" />
    <result column="DCSVAUT" jdbcType="TIMESTAMP" property="dcsvaut" />
    <result column="NCSVAUU" jdbcType="CHAR" property="ncsvauu" />
    <result column="NCSVAUP" jdbcType="CHAR" property="ncsvaup" />
    <result column="FSUBSTE" jdbcType="CHAR" property="fsubste" />
    <result column="ISUBREP" jdbcType="INTEGER" property="isubrep" />
  </resultMap>
  <insert id="insert" parameterType="com.ibm.dk.alr.zscm.scrt.storing.mybatis.model.WLMCSV">
    insert into WLMCSV (ISUBRID, LCSVFLE, QCSVROW, 
      DCSVAUT, NCSVAUU, NCSVAUP, 
      FSUBSTE, ISUBREP)
    values (#{isubrid,jdbcType=CHAR}, #{lcsvfle,jdbcType=VARCHAR}, #{qcsvrow,jdbcType=INTEGER}, 
      #{dcsvaut,jdbcType=TIMESTAMP}, #{ncsvauu,jdbcType=CHAR}, #{ncsvaup,jdbcType=CHAR}, 
      #{fsubste,jdbcType=CHAR}, #{isubrep,jdbcType=INTEGER})
  </insert>
  <insert id="insertSelective" parameterType="com.ibm.dk.alr.zscm.scrt.storing.mybatis.model.WLMCSV">
    insert into WLMCSV
    <trim prefix="(" suffix=")" suffixOverrides=",">
      <if test="isubrid != null">
        ISUBRID,
      </if>
      <if test="lcsvfle != null">
        LCSVFLE,
      </if>
      <if test="qcsvrow != null">
        QCSVROW,
      </if>
      <if test="dcsvaut != null">
        DCSVAUT,
      </if>
      <if test="ncsvauu != null">
        NCSVAUU,
      </if>
      <if test="ncsvaup != null">
        NCSVAUP,
      </if>
      <if test="fsubste != null">
        FSUBSTE,
      </if>
      <if test="isubrep != null">
        ISUBREP,
      </if>
    </trim>
    <trim prefix="values (" suffix=")" suffixOverrides=",">
      <if test="isubrid != null">
        #{isubrid,jdbcType=CHAR},
      </if>
      <if test="lcsvfle != null">
        #{lcsvfle,jdbcType=VARCHAR},
      </if>
      <if test="qcsvrow != null">
        #{qcsvrow,jdbcType=INTEGER},
      </if>
      <if test="dcsvaut != null">
        #{dcsvaut,jdbcType=TIMESTAMP},
      </if>
      <if test="ncsvauu != null">
        #{ncsvauu,jdbcType=CHAR},
      </if>
      <if test="ncsvaup != null">
        #{ncsvaup,jdbcType=CHAR},
      </if>
      <if test="fsubste != null">
        #{fsubste,jdbcType=CHAR},
      </if>
      <if test="isubrep != null">
        #{isubrep,jdbcType=INTEGER},
      </if>
    </trim>
  </insert>
  <resultMap id="BaseResultMap" type="com.ibm.dk.alr.zscm.scrt.storing.mybatis.model.WLMCSV">
    <result column="ISUBRID" jdbcType="CHAR" property="isubrid" />
    <result column="LCSVFLE" jdbcType="VARCHAR" property="lcsvfle" />
    <result column="QCSVROW" jdbcType="INTEGER" property="qcsvrow" />
    <result column="DCSVAUT" jdbcType="TIMESTAMP" property="dcsvaut" />
    <result column="NCSVAUU" jdbcType="CHAR" property="ncsvauu" />
    <result column="NCSVAUP" jdbcType="CHAR" property="ncsvaup" />
    <result column="FSUBSTE" jdbcType="CHAR" property="fsubste" />
    <result column="ISUBREP" jdbcType="INTEGER" property="isubrep" />
  </resultMap>
  <insert id="insert" parameterType="com.ibm.dk.alr.zscm.scrt.storing.mybatis.model.WLMCSV">
    insert into WLMCSV (ISUBRID, LCSVFLE, QCSVROW, 
      DCSVAUT, NCSVAUU, NCSVAUP, 
      FSUBSTE, ISUBREP)
    values (#{isubrid,jdbcType=CHAR}, #{lcsvfle,jdbcType=VARCHAR}, #{qcsvrow,jdbcType=INTEGER}, 
      #{dcsvaut,jdbcType=TIMESTAMP}, #{ncsvauu,jdbcType=CHAR}, #{ncsvaup,jdbcType=CHAR}, 
      #{fsubste,jdbcType=CHAR}, #{isubrep,jdbcType=INTEGER})
  </insert>
  <insert id="insertSelective" parameterType="com.ibm.dk.alr.zscm.scrt.storing.mybatis.model.WLMCSV">
    insert into WLMCSV
    <trim prefix="(" suffix=")" suffixOverrides=",">
      <if test="isubrid != null">
        ISUBRID,
      </if>
      <if test="lcsvfle != null">
        LCSVFLE,
      </if>
      <if test="qcsvrow != null">
        QCSVROW,
      </if>
      <if test="dcsvaut != null">
        DCSVAUT,
      </if>
      <if test="ncsvauu != null">
        NCSVAUU,
      </if>
      <if test="ncsvaup != null">
        NCSVAUP,
      </if>
      <if test="fsubste != null">
        FSUBSTE,
      </if>
      <if test="isubrep != null">
        ISUBREP,
      </if>
    </trim>
    <trim prefix="values (" suffix=")" suffixOverrides=",">
      <if test="isubrid != null">
        #{isubrid,jdbcType=CHAR},
      </if>
      <if test="lcsvfle != null">
        #{lcsvfle,jdbcType=VARCHAR},
      </if>
      <if test="qcsvrow != null">
        #{qcsvrow,jdbcType=INTEGER},
      </if>
      <if test="dcsvaut != null">
        #{dcsvaut,jdbcType=TIMESTAMP},
      </if>
      <if test="ncsvauu != null">
        #{ncsvauu,jdbcType=CHAR},
      </if>
      <if test="ncsvaup != null">
        #{ncsvaup,jdbcType=CHAR},
      </if>
      <if test="fsubste != null">
        #{fsubste,jdbcType=CHAR},
      </if>
      <if test="isubrep != null">
        #{isubrep,jdbcType=INTEGER},
      </if>
    </trim>
  </insert>
  <resultMap id="BaseResultMap" type="com.ibm.dk.alr.zscm.scrt.storing.mybatis.model.WLMCSV">
    <result column="ISUBRID" jdbcType="CHAR" property="isubrid" />
    <result column="LCSVFLE" jdbcType="VARCHAR" property="lcsvfle" />
    <result column="QCSVROW" jdbcType="INTEGER" property="qcsvrow" />
    <result column="DCSVAUT" jdbcType="TIMESTAMP" property="dcsvaut" />
    <result column="NCSVAUU" jdbcType="CHAR" property="ncsvauu" />
    <result column="NCSVAUP" jdbcType="CHAR" property="ncsvaup" />
    <result column="FSUBSTE" jdbcType="CHAR" property="fsubste" />
    <result column="ISUBREP" jdbcType="INTEGER" property="isubrep" />
  </resultMap>
  <insert id="insert" parameterType="com.ibm.dk.alr.zscm.scrt.storing.mybatis.model.WLMCSV">
    insert into WLMCSV (ISUBRID, LCSVFLE, QCSVROW, 
      DCSVAUT, NCSVAUU, NCSVAUP, 
      FSUBSTE, ISUBREP)
    values (#{isubrid,jdbcType=CHAR}, #{lcsvfle,jdbcType=VARCHAR}, #{qcsvrow,jdbcType=INTEGER}, 
      #{dcsvaut,jdbcType=TIMESTAMP}, #{ncsvauu,jdbcType=CHAR}, #{ncsvaup,jdbcType=CHAR}, 
      #{fsubste,jdbcType=CHAR}, #{isubrep,jdbcType=INTEGER})
  </insert>
  <insert id="insertSelective" parameterType="com.ibm.dk.alr.zscm.scrt.storing.mybatis.model.WLMCSV">
    insert into WLMCSV
    <trim prefix="(" suffix=")" suffixOverrides=",">
      <if test="isubrid != null">
        ISUBRID,
      </if>
      <if test="lcsvfle != null">
        LCSVFLE,
      </if>
      <if test="qcsvrow != null">
        QCSVROW,
      </if>
      <if test="dcsvaut != null">
        DCSVAUT,
      </if>
      <if test="ncsvauu != null">
        NCSVAUU,
      </if>
      <if test="ncsvaup != null">
        NCSVAUP,
      </if>
      <if test="fsubste != null">
        FSUBSTE,
      </if>
      <if test="isubrep != null">
        ISUBREP,
      </if>
    </trim>
    <trim prefix="values (" suffix=")" suffixOverrides=",">
      <if test="isubrid != null">
        #{isubrid,jdbcType=CHAR},
      </if>
      <if test="lcsvfle != null">
        #{lcsvfle,jdbcType=VARCHAR},
      </if>
      <if test="qcsvrow != null">
        #{qcsvrow,jdbcType=INTEGER},
      </if>
      <if test="dcsvaut != null">
        #{dcsvaut,jdbcType=TIMESTAMP},
      </if>
      <if test="ncsvauu != null">
        #{ncsvauu,jdbcType=CHAR},
      </if>
      <if test="ncsvaup != null">
        #{ncsvaup,jdbcType=CHAR},
      </if>
      <if test="fsubste != null">
        #{fsubste,jdbcType=CHAR},
      </if>
      <if test="isubrep != null">
        #{isubrep,jdbcType=INTEGER},
      </if>
    </trim>
  </insert>
</mapper>