<?xml version="1.0" encoding="UTF-8"?>
<!DOCTYPE mapper PUBLIC "-//mybatis.org//DTD Mapper 3.0//EN" "http://mybatis.org/dtd/mybatis-3-mapper.dtd">
<mapper namespace="com.ibm.dk.alr.zscm.scrt.storing.mybatis.data.WLMCPMMapper">
  <resultMap id="BaseResultMap" type="com.ibm.dk.alr.zscm.scrt.storing.mybatis.model.WLMCPM">
    <id column="ISUBRID" jdbcType="CHAR" property="isubrid" />
    <id column="ISUBREP" jdbcType="INTEGER" property="isubrep" />
    <id column="ICPSSID" jdbcType="CHAR" property="icpssid" />
    <id column="ICPMSEQ" jdbcType="INTEGER" property="icpmseq" />
    <result column="DPERPER" jdbcType="CHAR" property="dperper" />
    <result column="IPGMNBR" jdbcType="CHAR" property="ipgmnbr" />
    <result column="NCPMCPN" jdbcType="CHAR" property="ncpmcpn" />
    <result column="NPRDNBR" jdbcType="CHAR" property="nprdnbr" />
    <result column="QCPMPRU" jdbcType="INTEGER" property="qcpmpru" />
    <result column="TCPMPRM" jdbcType="CHAR" property="tcpmprm" />
    <result column="DCPMAUT" jdbcType="TIMESTAMP" property="dcpmaut" />
    <result column="SCPMAUP" jdbcType="CHAR" property="scpmaup" />
    <result column="SCPMAUU" jdbcType="CHAR" property="scpmauu" />
  </resultMap>
  <sql id="Base_Column_List">
    ISUBRID, ISUBREP, ICPSSID, ICPMSEQ, DPERPER, IPGMNBR, NCPMCPN, NPRDNBR, QCPMPRU, 
    TCPMPRM, DCPMAUT, SCPMAUP, SCPMAUU
  </sql>
  <select id="selectByPrimaryKey" parameterType="com.ibm.dk.alr.zscm.scrt.storing.mybatis.model.WLMCPMKey" resultMap="BaseResultMap">
    select 
    <include refid="Base_Column_List" />
    from WLMCPM
    where ISUBRID = #{isubrid,jdbcType=CHAR}
      and ISUBREP = #{isubrep,jdbcType=INTEGER}
      and ICPSSID = #{icpssid,jdbcType=CHAR}
      and ICPMSEQ = #{icpmseq,jdbcType=INTEGER}
  </select>
  <delete id="deleteByPrimaryKey" parameterType="com.ibm.dk.alr.zscm.scrt.storing.mybatis.model.WLMCPMKey">
    delete from WLMCPM
    where ISUBRID = #{isubrid,jdbcType=CHAR}
      and ISUBREP = #{isubrep,jdbcType=INTEGER}
      and ICPSSID = #{icpssid,jdbcType=CHAR}
      and ICPMSEQ = #{icpmseq,jdbcType=INTEGER}
  </delete>
  <insert id="insert" parameterType="com.ibm.dk.alr.zscm.scrt.storing.mybatis.model.WLMCPM">
    insert into WLMCPM (ISUBRID, ISUBREP, ICPSSID, 
      ICPMSEQ, DPERPER, IPGMNBR, 
      NCPMCPN, NPRDNBR, QCPMPRU, 
      TCPMPRM, DCPMAUT, SCPMAUP, 
      SCPMAUU)
    values (#{isubrid,jdbcType=CHAR}, #{isubrep,jdbcType=INTEGER}, #{icpssid,jdbcType=CHAR}, 
      #{icpmseq,jdbcType=INTEGER}, #{dperper,jdbcType=CHAR}, #{ipgmnbr,jdbcType=CHAR}, 
      #{ncpmcpn,jdbcType=CHAR}, #{nprdnbr,jdbcType=CHAR}, #{qcpmpru,jdbcType=INTEGER}, 
      #{tcpmprm,jdbcType=CHAR}, #{dcpmaut,jdbcType=TIMESTAMP}, #{scpmaup,jdbcType=CHAR}, 
      #{scpmauu,jdbcType=CHAR})
  </insert>
  <insert id="insertSelective" parameterType="com.ibm.dk.alr.zscm.scrt.storing.mybatis.model.WLMCPM">
    insert into WLMCPM
    <trim prefix="(" suffix=")" suffixOverrides=",">
      <if test="isubrid != null">
        ISUBRID,
      </if>
      <if test="isubrep != null">
        ISUBREP,
      </if>
      <if test="icpssid != null">
        ICPSSID,
      </if>
      <if test="icpmseq != null">
        ICPMSEQ,
      </if>
      <if test="dperper != null">
        DPERPER,
      </if>
      <if test="ipgmnbr != null">
        IPGMNBR,
      </if>
      <if test="ncpmcpn != null">
        NCPMCPN,
      </if>
      <if test="nprdnbr != null">
        NPRDNBR,
      </if>
      <if test="qcpmpru != null">
        QCPMPRU,
      </if>
      <if test="tcpmprm != null">
        TCPMPRM,
      </if>
      <if test="dcpmaut != null">
        DCPMAUT,
      </if>
      <if test="scpmaup != null">
        SCPMAUP,
      </if>
      <if test="scpmauu != null">
        SCPMAUU,
      </if>
    </trim>
    <trim prefix="values (" suffix=")" suffixOverrides=",">
      <if test="isubrid != null">
        #{isubrid,jdbcType=CHAR},
      </if>
      <if test="isubrep != null">
        #{isubrep,jdbcType=INTEGER},
      </if>
      <if test="icpssid != null">
        #{icpssid,jdbcType=CHAR},
      </if>
      <if test="icpmseq != null">
        #{icpmseq,jdbcType=INTEGER},
      </if>
      <if test="dperper != null">
        #{dperper,jdbcType=CHAR},
      </if>
      <if test="ipgmnbr != null">
        #{ipgmnbr,jdbcType=CHAR},
      </if>
      <if test="ncpmcpn != null">
        #{ncpmcpn,jdbcType=CHAR},
      </if>
      <if test="nprdnbr != null">
        #{nprdnbr,jdbcType=CHAR},
      </if>
      <if test="qcpmpru != null">
        #{qcpmpru,jdbcType=INTEGER},
      </if>
      <if test="tcpmprm != null">
        #{tcpmprm,jdbcType=CHAR},
      </if>
      <if test="dcpmaut != null">
        #{dcpmaut,jdbcType=TIMESTAMP},
      </if>
      <if test="scpmaup != null">
        #{scpmaup,jdbcType=CHAR},
      </if>
      <if test="scpmauu != null">
        #{scpmauu,jdbcType=CHAR},
      </if>
    </trim>
  </insert>
  <update id="updateByPrimaryKeySelective" parameterType="com.ibm.dk.alr.zscm.scrt.storing.mybatis.model.WLMCPM">
    update WLMCPM
    <set>
      <if test="dperper != null">
        DPERPER = #{dperper,jdbcType=CHAR},
      </if>
      <if test="ipgmnbr != null">
        IPGMNBR = #{ipgmnbr,jdbcType=CHAR},
      </if>
      <if test="ncpmcpn != null">
        NCPMCPN = #{ncpmcpn,jdbcType=CHAR},
      </if>
      <if test="nprdnbr != null">
        NPRDNBR = #{nprdnbr,jdbcType=CHAR},
      </if>
      <if test="qcpmpru != null">
        QCPMPRU = #{qcpmpru,jdbcType=INTEGER},
      </if>
      <if test="tcpmprm != null">
        TCPMPRM = #{tcpmprm,jdbcType=CHAR},
      </if>
      <if test="dcpmaut != null">
        DCPMAUT = #{dcpmaut,jdbcType=TIMESTAMP},
      </if>
      <if test="scpmaup != null">
        SCPMAUP = #{scpmaup,jdbcType=CHAR},
      </if>
      <if test="scpmauu != null">
        SCPMAUU = #{scpmauu,jdbcType=CHAR},
      </if>
    </set>
    where ISUBRID = #{isubrid,jdbcType=CHAR}
      and ISUBREP = #{isubrep,jdbcType=INTEGER}
      and ICPSSID = #{icpssid,jdbcType=CHAR}
      and ICPMSEQ = #{icpmseq,jdbcType=INTEGER}
  </update>
  <update id="updateByPrimaryKey" parameterType="com.ibm.dk.alr.zscm.scrt.storing.mybatis.model.WLMCPM">
    update WLMCPM
    set DPERPER = #{dperper,jdbcType=CHAR},
      IPGMNBR = #{ipgmnbr,jdbcType=CHAR},
      NCPMCPN = #{ncpmcpn,jdbcType=CHAR},
      NPRDNBR = #{nprdnbr,jdbcType=CHAR},
      QCPMPRU = #{qcpmpru,jdbcType=INTEGER},
      TCPMPRM = #{tcpmprm,jdbcType=CHAR},
      DCPMAUT = #{dcpmaut,jdbcType=TIMESTAMP},
      SCPMAUP = #{scpmaup,jdbcType=CHAR},
      SCPMAUU = #{scpmauu,jdbcType=CHAR}
    where ISUBRID = #{isubrid,jdbcType=CHAR}
      and ISUBREP = #{isubrep,jdbcType=INTEGER}
      and ICPSSID = #{icpssid,jdbcType=CHAR}
      and ICPMSEQ = #{icpmseq,jdbcType=INTEGER}
  </update>
  <resultMap id="BaseResultMap" type="com.ibm.dk.alr.zscm.scrt.storing.mybatis.model.WLMCPM">
    <id column="ISUBRID" jdbcType="CHAR" property="isubrid" />
    <id column="ISUBREP" jdbcType="INTEGER" property="isubrep" />
    <id column="ICPSSID" jdbcType="CHAR" property="icpssid" />
    <id column="ICPMSEQ" jdbcType="INTEGER" property="icpmseq" />
    <result column="DPERPER" jdbcType="CHAR" property="dperper" />
    <result column="IPGMNBR" jdbcType="CHAR" property="ipgmnbr" />
    <result column="NCPMCPN" jdbcType="CHAR" property="ncpmcpn" />
    <result column="NPRDNBR" jdbcType="CHAR" property="nprdnbr" />
    <result column="QCPMPRU" jdbcType="INTEGER" property="qcpmpru" />
    <result column="TCPMPRM" jdbcType="CHAR" property="tcpmprm" />
    <result column="DCPMAUT" jdbcType="TIMESTAMP" property="dcpmaut" />
    <result column="SCPMAUP" jdbcType="CHAR" property="scpmaup" />
    <result column="SCPMAUU" jdbcType="CHAR" property="scpmauu" />
  </resultMap>
  <sql id="Base_Column_List">
    ISUBRID, ISUBREP, ICPSSID, ICPMSEQ, DPERPER, IPGMNBR, NCPMCPN, NPRDNBR, QCPMPRU, 
    TCPMPRM, DCPMAUT, SCPMAUP, SCPMAUU
  </sql>
  <select id="selectByPrimaryKey" parameterType="com.ibm.dk.alr.zscm.scrt.storing.mybatis.model.WLMCPMKey" resultMap="BaseResultMap">
    select 
    <include refid="Base_Column_List" />
    from WLMCPM
    where ISUBRID = #{isubrid,jdbcType=CHAR}
      and ISUBREP = #{isubrep,jdbcType=INTEGER}
      and ICPSSID = #{icpssid,jdbcType=CHAR}
      and ICPMSEQ = #{icpmseq,jdbcType=INTEGER}
  </select>
  <delete id="deleteByPrimaryKey" parameterType="com.ibm.dk.alr.zscm.scrt.storing.mybatis.model.WLMCPMKey">
    delete from WLMCPM
    where ISUBRID = #{isubrid,jdbcType=CHAR}
      and ISUBREP = #{isubrep,jdbcType=INTEGER}
      and ICPSSID = #{icpssid,jdbcType=CHAR}
      and ICPMSEQ = #{icpmseq,jdbcType=INTEGER}
  </delete>
  <insert id="insert" parameterType="com.ibm.dk.alr.zscm.scrt.storing.mybatis.model.WLMCPM">
    insert into WLMCPM (ISUBRID, ISUBREP, ICPSSID, 
      ICPMSEQ, DPERPER, IPGMNBR, 
      NCPMCPN, NPRDNBR, QCPMPRU, 
      TCPMPRM, DCPMAUT, SCPMAUP, 
      SCPMAUU)
    values (#{isubrid,jdbcType=CHAR}, #{isubrep,jdbcType=INTEGER}, #{icpssid,jdbcType=CHAR}, 
      #{icpmseq,jdbcType=INTEGER}, #{dperper,jdbcType=CHAR}, #{ipgmnbr,jdbcType=CHAR}, 
      #{ncpmcpn,jdbcType=CHAR}, #{nprdnbr,jdbcType=CHAR}, #{qcpmpru,jdbcType=INTEGER}, 
      #{tcpmprm,jdbcType=CHAR}, #{dcpmaut,jdbcType=TIMESTAMP}, #{scpmaup,jdbcType=CHAR}, 
      #{scpmauu,jdbcType=CHAR})
  </insert>
  <insert id="insertSelective" parameterType="com.ibm.dk.alr.zscm.scrt.storing.mybatis.model.WLMCPM">
    insert into WLMCPM
    <trim prefix="(" suffix=")" suffixOverrides=",">
      <if test="isubrid != null">
        ISUBRID,
      </if>
      <if test="isubrep != null">
        ISUBREP,
      </if>
      <if test="icpssid != null">
        ICPSSID,
      </if>
      <if test="icpmseq != null">
        ICPMSEQ,
      </if>
      <if test="dperper != null">
        DPERPER,
      </if>
      <if test="ipgmnbr != null">
        IPGMNBR,
      </if>
      <if test="ncpmcpn != null">
        NCPMCPN,
      </if>
      <if test="nprdnbr != null">
        NPRDNBR,
      </if>
      <if test="qcpmpru != null">
        QCPMPRU,
      </if>
      <if test="tcpmprm != null">
        TCPMPRM,
      </if>
      <if test="dcpmaut != null">
        DCPMAUT,
      </if>
      <if test="scpmaup != null">
        SCPMAUP,
      </if>
      <if test="scpmauu != null">
        SCPMAUU,
      </if>
    </trim>
    <trim prefix="values (" suffix=")" suffixOverrides=",">
      <if test="isubrid != null">
        #{isubrid,jdbcType=CHAR},
      </if>
      <if test="isubrep != null">
        #{isubrep,jdbcType=INTEGER},
      </if>
      <if test="icpssid != null">
        #{icpssid,jdbcType=CHAR},
      </if>
      <if test="icpmseq != null">
        #{icpmseq,jdbcType=INTEGER},
      </if>
      <if test="dperper != null">
        #{dperper,jdbcType=CHAR},
      </if>
      <if test="ipgmnbr != null">
        #{ipgmnbr,jdbcType=CHAR},
      </if>
      <if test="ncpmcpn != null">
        #{ncpmcpn,jdbcType=CHAR},
      </if>
      <if test="nprdnbr != null">
        #{nprdnbr,jdbcType=CHAR},
      </if>
      <if test="qcpmpru != null">
        #{qcpmpru,jdbcType=INTEGER},
      </if>
      <if test="tcpmprm != null">
        #{tcpmprm,jdbcType=CHAR},
      </if>
      <if test="dcpmaut != null">
        #{dcpmaut,jdbcType=TIMESTAMP},
      </if>
      <if test="scpmaup != null">
        #{scpmaup,jdbcType=CHAR},
      </if>
      <if test="scpmauu != null">
        #{scpmauu,jdbcType=CHAR},
      </if>
    </trim>
  </insert>
  <update id="updateByPrimaryKeySelective" parameterType="com.ibm.dk.alr.zscm.scrt.storing.mybatis.model.WLMCPM">
    update WLMCPM
    <set>
      <if test="dperper != null">
        DPERPER = #{dperper,jdbcType=CHAR},
      </if>
      <if test="ipgmnbr != null">
        IPGMNBR = #{ipgmnbr,jdbcType=CHAR},
      </if>
      <if test="ncpmcpn != null">
        NCPMCPN = #{ncpmcpn,jdbcType=CHAR},
      </if>
      <if test="nprdnbr != null">
        NPRDNBR = #{nprdnbr,jdbcType=CHAR},
      </if>
      <if test="qcpmpru != null">
        QCPMPRU = #{qcpmpru,jdbcType=INTEGER},
      </if>
      <if test="tcpmprm != null">
        TCPMPRM = #{tcpmprm,jdbcType=CHAR},
      </if>
      <if test="dcpmaut != null">
        DCPMAUT = #{dcpmaut,jdbcType=TIMESTAMP},
      </if>
      <if test="scpmaup != null">
        SCPMAUP = #{scpmaup,jdbcType=CHAR},
      </if>
      <if test="scpmauu != null">
        SCPMAUU = #{scpmauu,jdbcType=CHAR},
      </if>
    </set>
    where ISUBRID = #{isubrid,jdbcType=CHAR}
      and ISUBREP = #{isubrep,jdbcType=INTEGER}
      and ICPSSID = #{icpssid,jdbcType=CHAR}
      and ICPMSEQ = #{icpmseq,jdbcType=INTEGER}
  </update>
  <update id="updateByPrimaryKey" parameterType="com.ibm.dk.alr.zscm.scrt.storing.mybatis.model.WLMCPM">
    update WLMCPM
    set DPERPER = #{dperper,jdbcType=CHAR},
      IPGMNBR = #{ipgmnbr,jdbcType=CHAR},
      NCPMCPN = #{ncpmcpn,jdbcType=CHAR},
      NPRDNBR = #{nprdnbr,jdbcType=CHAR},
      QCPMPRU = #{qcpmpru,jdbcType=INTEGER},
      TCPMPRM = #{tcpmprm,jdbcType=CHAR},
      DCPMAUT = #{dcpmaut,jdbcType=TIMESTAMP},
      SCPMAUP = #{scpmaup,jdbcType=CHAR},
      SCPMAUU = #{scpmauu,jdbcType=CHAR}
    where ISUBRID = #{isubrid,jdbcType=CHAR}
      and ISUBREP = #{isubrep,jdbcType=INTEGER}
      and ICPSSID = #{icpssid,jdbcType=CHAR}
      and ICPMSEQ = #{icpmseq,jdbcType=INTEGER}
  </update>
  <resultMap id="BaseResultMap" type="com.ibm.dk.alr.zscm.scrt.storing.mybatis.model.WLMCPM">
    <id column="ISUBRID" jdbcType="CHAR" property="isubrid" />
    <id column="ISUBREP" jdbcType="INTEGER" property="isubrep" />
    <id column="ICPSSID" jdbcType="CHAR" property="icpssid" />
    <id column="ICPMSEQ" jdbcType="INTEGER" property="icpmseq" />
    <result column="DPERPER" jdbcType="CHAR" property="dperper" />
    <result column="IPGMNBR" jdbcType="CHAR" property="ipgmnbr" />
    <result column="NCPMCPN" jdbcType="CHAR" property="ncpmcpn" />
    <result column="NPRDNBR" jdbcType="CHAR" property="nprdnbr" />
    <result column="QCPMPRU" jdbcType="INTEGER" property="qcpmpru" />
    <result column="TCPMPRM" jdbcType="CHAR" property="tcpmprm" />
    <result column="DCPMAUT" jdbcType="TIMESTAMP" property="dcpmaut" />
    <result column="SCPMAUP" jdbcType="CHAR" property="scpmaup" />
    <result column="SCPMAUU" jdbcType="CHAR" property="scpmauu" />
  </resultMap>
  <sql id="Base_Column_List">
    ISUBRID, ISUBREP, ICPSSID, ICPMSEQ, DPERPER, IPGMNBR, NCPMCPN, NPRDNBR, QCPMPRU, 
    TCPMPRM, DCPMAUT, SCPMAUP, SCPMAUU
  </sql>
  <select id="selectByPrimaryKey" parameterType="com.ibm.dk.alr.zscm.scrt.storing.mybatis.model.WLMCPMKey" resultMap="BaseResultMap">
    select 
    <include refid="Base_Column_List" />
    from WLMCPM
    where ISUBRID = #{isubrid,jdbcType=CHAR}
      and ISUBREP = #{isubrep,jdbcType=INTEGER}
      and ICPSSID = #{icpssid,jdbcType=CHAR}
      and ICPMSEQ = #{icpmseq,jdbcType=INTEGER}
  </select>
  <delete id="deleteByPrimaryKey" parameterType="com.ibm.dk.alr.zscm.scrt.storing.mybatis.model.WLMCPMKey">
    delete from WLMCPM
    where ISUBRID = #{isubrid,jdbcType=CHAR}
      and ISUBREP = #{isubrep,jdbcType=INTEGER}
      and ICPSSID = #{icpssid,jdbcType=CHAR}
      and ICPMSEQ = #{icpmseq,jdbcType=INTEGER}
  </delete>
  <insert id="insert" parameterType="com.ibm.dk.alr.zscm.scrt.storing.mybatis.model.WLMCPM">
    insert into WLMCPM (ISUBRID, ISUBREP, ICPSSID, 
      ICPMSEQ, DPERPER, IPGMNBR, 
      NCPMCPN, NPRDNBR, QCPMPRU, 
      TCPMPRM, DCPMAUT, SCPMAUP, 
      SCPMAUU)
    values (#{isubrid,jdbcType=CHAR}, #{isubrep,jdbcType=INTEGER}, #{icpssid,jdbcType=CHAR}, 
      #{icpmseq,jdbcType=INTEGER}, #{dperper,jdbcType=CHAR}, #{ipgmnbr,jdbcType=CHAR}, 
      #{ncpmcpn,jdbcType=CHAR}, #{nprdnbr,jdbcType=CHAR}, #{qcpmpru,jdbcType=INTEGER}, 
      #{tcpmprm,jdbcType=CHAR}, #{dcpmaut,jdbcType=TIMESTAMP}, #{scpmaup,jdbcType=CHAR}, 
      #{scpmauu,jdbcType=CHAR})
  </insert>
  <insert id="insertSelective" parameterType="com.ibm.dk.alr.zscm.scrt.storing.mybatis.model.WLMCPM">
    insert into WLMCPM
    <trim prefix="(" suffix=")" suffixOverrides=",">
      <if test="isubrid != null">
        ISUBRID,
      </if>
      <if test="isubrep != null">
        ISUBREP,
      </if>
      <if test="icpssid != null">
        ICPSSID,
      </if>
      <if test="icpmseq != null">
        ICPMSEQ,
      </if>
      <if test="dperper != null">
        DPERPER,
      </if>
      <if test="ipgmnbr != null">
        IPGMNBR,
      </if>
      <if test="ncpmcpn != null">
        NCPMCPN,
      </if>
      <if test="nprdnbr != null">
        NPRDNBR,
      </if>
      <if test="qcpmpru != null">
        QCPMPRU,
      </if>
      <if test="tcpmprm != null">
        TCPMPRM,
      </if>
      <if test="dcpmaut != null">
        DCPMAUT,
      </if>
      <if test="scpmaup != null">
        SCPMAUP,
      </if>
      <if test="scpmauu != null">
        SCPMAUU,
      </if>
    </trim>
    <trim prefix="values (" suffix=")" suffixOverrides=",">
      <if test="isubrid != null">
        #{isubrid,jdbcType=CHAR},
      </if>
      <if test="isubrep != null">
        #{isubrep,jdbcType=INTEGER},
      </if>
      <if test="icpssid != null">
        #{icpssid,jdbcType=CHAR},
      </if>
      <if test="icpmseq != null">
        #{icpmseq,jdbcType=INTEGER},
      </if>
      <if test="dperper != null">
        #{dperper,jdbcType=CHAR},
      </if>
      <if test="ipgmnbr != null">
        #{ipgmnbr,jdbcType=CHAR},
      </if>
      <if test="ncpmcpn != null">
        #{ncpmcpn,jdbcType=CHAR},
      </if>
      <if test="nprdnbr != null">
        #{nprdnbr,jdbcType=CHAR},
      </if>
      <if test="qcpmpru != null">
        #{qcpmpru,jdbcType=INTEGER},
      </if>
      <if test="tcpmprm != null">
        #{tcpmprm,jdbcType=CHAR},
      </if>
      <if test="dcpmaut != null">
        #{dcpmaut,jdbcType=TIMESTAMP},
      </if>
      <if test="scpmaup != null">
        #{scpmaup,jdbcType=CHAR},
      </if>
      <if test="scpmauu != null">
        #{scpmauu,jdbcType=CHAR},
      </if>
    </trim>
  </insert>
  <update id="updateByPrimaryKeySelective" parameterType="com.ibm.dk.alr.zscm.scrt.storing.mybatis.model.WLMCPM">
    update WLMCPM
    <set>
      <if test="dperper != null">
        DPERPER = #{dperper,jdbcType=CHAR},
      </if>
      <if test="ipgmnbr != null">
        IPGMNBR = #{ipgmnbr,jdbcType=CHAR},
      </if>
      <if test="ncpmcpn != null">
        NCPMCPN = #{ncpmcpn,jdbcType=CHAR},
      </if>
      <if test="nprdnbr != null">
        NPRDNBR = #{nprdnbr,jdbcType=CHAR},
      </if>
      <if test="qcpmpru != null">
        QCPMPRU = #{qcpmpru,jdbcType=INTEGER},
      </if>
      <if test="tcpmprm != null">
        TCPMPRM = #{tcpmprm,jdbcType=CHAR},
      </if>
      <if test="dcpmaut != null">
        DCPMAUT = #{dcpmaut,jdbcType=TIMESTAMP},
      </if>
      <if test="scpmaup != null">
        SCPMAUP = #{scpmaup,jdbcType=CHAR},
      </if>
      <if test="scpmauu != null">
        SCPMAUU = #{scpmauu,jdbcType=CHAR},
      </if>
    </set>
    where ISUBRID = #{isubrid,jdbcType=CHAR}
      and ISUBREP = #{isubrep,jdbcType=INTEGER}
      and ICPSSID = #{icpssid,jdbcType=CHAR}
      and ICPMSEQ = #{icpmseq,jdbcType=INTEGER}
  </update>
  <update id="updateByPrimaryKey" parameterType="com.ibm.dk.alr.zscm.scrt.storing.mybatis.model.WLMCPM">
    update WLMCPM
    set DPERPER = #{dperper,jdbcType=CHAR},
      IPGMNBR = #{ipgmnbr,jdbcType=CHAR},
      NCPMCPN = #{ncpmcpn,jdbcType=CHAR},
      NPRDNBR = #{nprdnbr,jdbcType=CHAR},
      QCPMPRU = #{qcpmpru,jdbcType=INTEGER},
      TCPMPRM = #{tcpmprm,jdbcType=CHAR},
      DCPMAUT = #{dcpmaut,jdbcType=TIMESTAMP},
      SCPMAUP = #{scpmaup,jdbcType=CHAR},
      SCPMAUU = #{scpmauu,jdbcType=CHAR}
    where ISUBRID = #{isubrid,jdbcType=CHAR}
      and ISUBREP = #{isubrep,jdbcType=INTEGER}
      and ICPSSID = #{icpssid,jdbcType=CHAR}
      and ICPMSEQ = #{icpmseq,jdbcType=INTEGER}
  </update>
</mapper>