<?xml version="1.0" encoding="UTF-8"?>
<!DOCTYPE mapper PUBLIC "-//mybatis.org//DTD Mapper 3.0//EN" "http://mybatis.org/dtd/mybatis-3-mapper.dtd">
<mapper namespace="com.ibm.dk.alr.zscm.scrt.storing.mybatis.data.WLMDPRMapper">
  <resultMap id="BaseResultMap" type="com.ibm.dk.alr.zscm.scrt.storing.mybatis.model.WLMDPR">
    <result column="IDSURID" jdbcType="CHAR" property="idsurid" />
    <result column="FDSUSTE" jdbcType="CHAR" property="fdsuste" />
    <result column="QDPRTMU" jdbcType="CHAR" property="qdprtmu" />
    <result column="QDPRCMU" jdbcType="CHAR" property="qdprcmu" />
    <result column="QDPRCCM" jdbcType="VARCHAR" property="qdprccm" />
    <result column="NDPRNME" jdbcType="CHAR" property="ndprnme" />
    <result column="NDPRNBR" jdbcType="CHAR" property="ndprnbr" />
    <result column="CDPRTPE" jdbcType="CHAR" property="cdprtpe" />
    <result column="DDPRAUT" jdbcType="TIMESTAMP" property="ddpraut" />
    <result column="NDPRAUU" jdbcType="CHAR" property="ndprauu" />
    <result column="NDPRAUP" jdbcType="CHAR" property="ndpraup" />
  </resultMap>
  <insert id="insert" parameterType="com.ibm.dk.alr.zscm.scrt.storing.mybatis.model.WLMDPR">
    insert into WLMDPR (IDSURID, FDSUSTE, QDPRTMU, 
      QDPRCMU, QDPRCCM, NDPRNME, 
      NDPRNBR, CDPRTPE, DDPRAUT, 
      NDPRAUU, NDPRAUP)
    values (#{idsurid,jdbcType=CHAR}, #{fdsuste,jdbcType=CHAR}, #{qdprtmu,jdbcType=CHAR}, 
      #{qdprcmu,jdbcType=CHAR}, #{qdprccm,jdbcType=VARCHAR}, #{ndprnme,jdbcType=CHAR}, 
      #{ndprnbr,jdbcType=CHAR}, #{cdprtpe,jdbcType=CHAR}, #{ddpraut,jdbcType=TIMESTAMP}, 
      #{ndprauu,jdbcType=CHAR}, #{ndpraup,jdbcType=CHAR})
  </insert>
  <insert id="insertSelective" parameterType="com.ibm.dk.alr.zscm.scrt.storing.mybatis.model.WLMDPR">
    insert into WLMDPR
    <trim prefix="(" suffix=")" suffixOverrides=",">
      <if test="idsurid != null">
        IDSURID,
      </if>
      <if test="fdsuste != null">
        FDSUSTE,
      </if>
      <if test="qdprtmu != null">
        QDPRTMU,
      </if>
      <if test="qdprcmu != null">
        QDPRCMU,
      </if>
      <if test="qdprccm != null">
        QDPRCCM,
      </if>
      <if test="ndprnme != null">
        NDPRNME,
      </if>
      <if test="ndprnbr != null">
        NDPRNBR,
      </if>
      <if test="cdprtpe != null">
        CDPRTPE,
      </if>
      <if test="ddpraut != null">
        DDPRAUT,
      </if>
      <if test="ndprauu != null">
        NDPRAUU,
      </if>
      <if test="ndpraup != null">
        NDPRAUP,
      </if>
    </trim>
    <trim prefix="values (" suffix=")" suffixOverrides=",">
      <if test="idsurid != null">
        #{idsurid,jdbcType=CHAR},
      </if>
      <if test="fdsuste != null">
        #{fdsuste,jdbcType=CHAR},
      </if>
      <if test="qdprtmu != null">
        #{qdprtmu,jdbcType=CHAR},
      </if>
      <if test="qdprcmu != null">
        #{qdprcmu,jdbcType=CHAR},
      </if>
      <if test="qdprccm != null">
        #{qdprccm,jdbcType=VARCHAR},
      </if>
      <if test="ndprnme != null">
        #{ndprnme,jdbcType=CHAR},
      </if>
      <if test="ndprnbr != null">
        #{ndprnbr,jdbcType=CHAR},
      </if>
      <if test="cdprtpe != null">
        #{cdprtpe,jdbcType=CHAR},
      </if>
      <if test="ddpraut != null">
        #{ddpraut,jdbcType=TIMESTAMP},
      </if>
      <if test="ndprauu != null">
        #{ndprauu,jdbcType=CHAR},
      </if>
      <if test="ndpraup != null">
        #{ndpraup,jdbcType=CHAR},
      </if>
    </trim>
  </insert>
</mapper>