<?xml version="1.0" encoding="UTF-8"?>
<!DOCTYPE mapper PUBLIC "-//mybatis.org//DTD Mapper 3.0//EN" "http://mybatis.org/dtd/mybatis-3-mapper.dtd">
<mapper namespace="com.ibm.dk.alr.zscm.scrt.storing.mybatis.data.WLMDSUMapper">
  <resultMap id="BaseResultMap" type="com.ibm.dk.alr.zscm.scrt.storing.mybatis.model.WLMDSU">
    <id column="IDSURID" jdbcType="CHAR" property="idsurid" />
    <id column="FDSUSTE" jdbcType="CHAR" property="fdsuste" />
    <result column="NDSUUID" jdbcType="CHAR" property="ndsuuid" />
    <result column="NDSUIID" jdbcType="CHAR" property="ndsuiid" />
    <result column="NDSUSID" jdbcType="TIMESTAMP" property="ndsusid" />
    <result column="NDSUCTY" jdbcType="CHAR" property="ndsucty" />
    <result column="NDSUAID" jdbcType="CHAR" property="ndsuaid" />
    <result column="FDSUEML" jdbcType="CHAR" property="fdsueml" />
    <result column="DDSUSTS" jdbcType="TIMESTAMP" property="ddsusts" />
    <result column="DDSUUTS" jdbcType="TIMESTAMP" property="ddsuuts" />
    <result column="NDSUNME" jdbcType="VARCHAR" property="ndsunme" />
    <result column="NDSUEML" jdbcType="CHAR" property="ndsueml" />
    <result column="NDSUPHN" jdbcType="CHAR" property="ndsuphn" />
    <result column="NDSUCNM" jdbcType="CHAR" property="ndsucnm" />
    <result column="ICUSLEG" jdbcType="CHAR" property="icusleg" />
    <result column="NDSUHWS" jdbcType="CHAR" property="ndsuhws" />
    <result column="NDSUHWT" jdbcType="CHAR" property="ndsuhwt" />
    <result column="NDSUHWM" jdbcType="CHAR" property="ndsuhwm" />
    <result column="NDSUTOV" jdbcType="CHAR" property="ndsutov" />
    <result column="NDSUTOB" jdbcType="CHAR" property="ndsutob" />
    <result column="NDSUTOD" jdbcType="CHAR" property="ndsutod" />
    <result column="NDSUODC" jdbcType="VARCHAR" property="ndsuodc" />
    <result column="NDSUTRP" jdbcType="CHAR" property="ndsutrp" />
    <result column="DDSURPS" jdbcType="DATE" property="ddsurps" />
    <result column="DDSURPE" jdbcType="DATE" property="ddsurpe" />
    <result column="NDSUTPC" jdbcType="CHAR" property="ndsutpc" />
    <result column="NDSUTLP" jdbcType="VARCHAR" property="ndsutlp" />
    <result column="QDSUZMU" jdbcType="CHAR" property="qdsuzmu" />
    <result column="QDSUZCE" jdbcType="CHAR" property="qdsuzce" />
    <result column="QDSUZPE" jdbcType="CHAR" property="qdsuzpe" />
    <result column="QDSUZME" jdbcType="CHAR" property="qdsuzme" />
    <result column="DDSUAUT" jdbcType="TIMESTAMP" property="ddsuaut" />
    <result column="NDSUAUU" jdbcType="CHAR" property="ndsuauu" />
    <result column="NDSUAUP" jdbcType="CHAR" property="ndsuaup" />
    <result column="FDSULAT" jdbcType="CHAR" property="fdsulat" />
    <result column="FDSULOW" jdbcType="CHAR" property="fdsulow" />
    <result column="FDSUBLV" jdbcType="CHAR" property="fdsublv" />
    <result column="FDSUFDR" jdbcType="CHAR" property="fdsufdr" />
    <result column="FDSUZOS" jdbcType="CHAR" property="fdsuzos" />
    <result column="FDSUIPL" jdbcType="CHAR" property="fdsuipl" />
    <result column="FDSUMSU" jdbcType="CHAR" property="fdsumsu" />
    <result column="FDSUMIG" jdbcType="CHAR" property="fdsumig" />
    <result column="NTODNME" jdbcType="CHAR" property="ntodnme" />
    <result column="NTODVER" jdbcType="CHAR" property="ntodver" />
    <result column="NTODREL" jdbcType="CHAR" property="ntodrel" />
    <result column="ICTYCTY" jdbcType="CHAR" property="ictycty" />
    <result column="IDSUMCH" jdbcType="CHAR" property="idsumch" />
    <result column="IUSRUSR" jdbcType="CHAR" property="iusrusr" />
    <result column="NSUBCSF" jdbcType="CHAR" property="nsubcsf" />
    <result column="NDSUCSC" jdbcType="VARCHAR" property="ndsucsc" />
    <result column="NDSUOTP" jdbcType="CHAR" property="ndsuotp" />
    <result column="NDSUTFP" jdbcType="CHAR" property="ndsutfp" />
    <result column="ICUSLEF" jdbcType="CHAR" property="icuslef" />
    <result column="FDSUDBC" jdbcType="CHAR" property="fdsudbc" />
  </resultMap>
  <sql id="Base_Column_List">
    IDSURID, FDSUSTE, NDSUUID, NDSUIID, NDSUSID, NDSUCTY, NDSUAID, FDSUEML, DDSUSTS, 
    DDSUUTS, NDSUNME, NDSUEML, NDSUPHN, NDSUCNM, ICUSLEG, NDSUHWS, NDSUHWT, NDSUHWM, 
    NDSUTOV, NDSUTOB, NDSUTOD, NDSUODC, NDSUTRP, DDSURPS, DDSURPE, NDSUTPC, NDSUTLP, 
    QDSUZMU, QDSUZCE, QDSUZPE, QDSUZME, DDSUAUT, NDSUAUU, NDSUAUP, FDSULAT, FDSULOW, 
    FDSUBLV, FDSUFDR, FDSUZOS, FDSUIPL, FDSUMSU, FDSUMIG, NTODNME, NTODVER, NTODREL, 
    ICTYCTY, IDSUMCH, IUSRUSR, NSUBCSF, NDSUCSC, NDSUOTP, NDSUTFP, ICUSLEF, FDSUDBC
  </sql>
  <select id="selectByPrimaryKey" parameterType="com.ibm.dk.alr.zscm.scrt.storing.mybatis.model.WLMDSUKey" resultMap="BaseResultMap">
    select 
    <include refid="Base_Column_List" />
    from WLMDSU
    where IDSURID = #{idsurid,jdbcType=CHAR}
      and FDSUSTE = #{fdsuste,jdbcType=CHAR}
  </select>
  <delete id="deleteByPrimaryKey" parameterType="com.ibm.dk.alr.zscm.scrt.storing.mybatis.model.WLMDSUKey">
    delete from WLMDSU
    where IDSURID = #{idsurid,jdbcType=CHAR}
      and FDSUSTE = #{fdsuste,jdbcType=CHAR}
  </delete>
  <insert id="insert" parameterType="com.ibm.dk.alr.zscm.scrt.storing.mybatis.model.WLMDSU">
    insert into WLMDSU (IDSURID, FDSUSTE, NDSUUID, 
      NDSUIID, NDSUSID, NDSUCTY, 
      NDSUAID, FDSUEML, DDSUSTS, 
      DDSUUTS, NDSUNME, NDSUEML, 
      NDSUPHN, NDSUCNM, ICUSLEG, NDSUHWS, 
      NDSUHWT, NDSUHWM, NDSUTOV, NDSUTOB, 
      NDSUTOD, NDSUODC, NDSUTRP, 
      DDSURPS, DDSURPE, NDSUTPC, NDSUTLP, 
      QDSUZMU, QDSUZCE, QDSUZPE, QDSUZME, 
      DDSUAUT, NDSUAUU, NDSUAUP, 
      FDSULAT, FDSULOW, FDSUBLV, FDSUFDR, 
      FDSUZOS, FDSUIPL, FDSUMSU, FDSUMIG, 
      NTODNME, NTODVER, NTODREL, ICTYCTY, 
      IDSUMCH, IUSRUSR, NSUBCSF, NDSUCSC, 
      NDSUOTP, NDSUTFP, ICUSLEF, FDSUDBC
      )
    values (#{idsurid,jdbcType=CHAR}, #{fdsuste,jdbcType=CHAR}, #{ndsuuid,jdbcType=CHAR}, 
      #{ndsuiid,jdbcType=CHAR}, #{ndsusid,jdbcType=TIMESTAMP}, #{ndsucty,jdbcType=CHAR}, 
      #{ndsuaid,jdbcType=CHAR}, #{fdsueml,jdbcType=CHAR}, #{ddsusts,jdbcType=TIMESTAMP}, 
      #{ddsuuts,jdbcType=TIMESTAMP}, #{ndsunme,jdbcType=VARCHAR}, #{ndsueml,jdbcType=CHAR}, 
      #{ndsuphn,jdbcType=CHAR}, #{ndsucnm,jdbcType=CHAR}, #{icusleg,jdbcType=CHAR}, #{ndsuhws,jdbcType=CHAR}, 
      #{ndsuhwt,jdbcType=CHAR}, #{ndsuhwm,jdbcType=CHAR}, #{ndsutov,jdbcType=CHAR}, #{ndsutob,jdbcType=CHAR}, 
      #{ndsutod,jdbcType=CHAR}, #{ndsuodc,jdbcType=VARCHAR}, #{ndsutrp,jdbcType=CHAR}, 
      #{ddsurps,jdbcType=DATE}, #{ddsurpe,jdbcType=DATE}, #{ndsutpc,jdbcType=CHAR}, #{ndsutlp,jdbcType=VARCHAR}, 
      #{qdsuzmu,jdbcType=CHAR}, #{qdsuzce,jdbcType=CHAR}, #{qdsuzpe,jdbcType=CHAR}, #{qdsuzme,jdbcType=CHAR}, 
      #{ddsuaut,jdbcType=TIMESTAMP}, #{ndsuauu,jdbcType=CHAR}, #{ndsuaup,jdbcType=CHAR}, 
      #{fdsulat,jdbcType=CHAR}, #{fdsulow,jdbcType=CHAR}, #{fdsublv,jdbcType=CHAR}, #{fdsufdr,jdbcType=CHAR}, 
      #{fdsuzos,jdbcType=CHAR}, #{fdsuipl,jdbcType=CHAR}, #{fdsumsu,jdbcType=CHAR}, #{fdsumig,jdbcType=CHAR}, 
      #{ntodnme,jdbcType=CHAR}, #{ntodver,jdbcType=CHAR}, #{ntodrel,jdbcType=CHAR}, #{ictycty,jdbcType=CHAR}, 
      #{idsumch,jdbcType=CHAR}, #{iusrusr,jdbcType=CHAR}, #{nsubcsf,jdbcType=CHAR}, #{ndsucsc,jdbcType=VARCHAR}, 
      #{ndsuotp,jdbcType=CHAR}, #{ndsutfp,jdbcType=CHAR}, #{icuslef,jdbcType=CHAR}, #{fdsudbc,jdbcType=CHAR}
      )
  </insert>
  <insert id="insertSelective" parameterType="com.ibm.dk.alr.zscm.scrt.storing.mybatis.model.WLMDSU">
    insert into WLMDSU
    <trim prefix="(" suffix=")" suffixOverrides=",">
      <if test="idsurid != null">
        IDSURID,
      </if>
      <if test="fdsuste != null">
        FDSUSTE,
      </if>
      <if test="ndsuuid != null">
        NDSUUID,
      </if>
      <if test="ndsuiid != null">
        NDSUIID,
      </if>
      <if test="ndsusid != null">
        NDSUSID,
      </if>
      <if test="ndsucty != null">
        NDSUCTY,
      </if>
      <if test="ndsuaid != null">
        NDSUAID,
      </if>
      <if test="fdsueml != null">
        FDSUEML,
      </if>
      <if test="ddsusts != null">
        DDSUSTS,
      </if>
      <if test="ddsuuts != null">
        DDSUUTS,
      </if>
      <if test="ndsunme != null">
        NDSUNME,
      </if>
      <if test="ndsueml != null">
        NDSUEML,
      </if>
      <if test="ndsuphn != null">
        NDSUPHN,
      </if>
      <if test="ndsucnm != null">
        NDSUCNM,
      </if>
      <if test="icusleg != null">
        ICUSLEG,
      </if>
      <if test="ndsuhws != null">
        NDSUHWS,
      </if>
      <if test="ndsuhwt != null">
        NDSUHWT,
      </if>
      <if test="ndsuhwm != null">
        NDSUHWM,
      </if>
      <if test="ndsutov != null">
        NDSUTOV,
      </if>
      <if test="ndsutob != null">
        NDSUTOB,
      </if>
      <if test="ndsutod != null">
        NDSUTOD,
      </if>
      <if test="ndsuodc != null">
        NDSUODC,
      </if>
      <if test="ndsutrp != null">
        NDSUTRP,
      </if>
      <if test="ddsurps != null">
        DDSURPS,
      </if>
      <if test="ddsurpe != null">
        DDSURPE,
      </if>
      <if test="ndsutpc != null">
        NDSUTPC,
      </if>
      <if test="ndsutlp != null">
        NDSUTLP,
      </if>
      <if test="qdsuzmu != null">
        QDSUZMU,
      </if>
      <if test="qdsuzce != null">
        QDSUZCE,
      </if>
      <if test="qdsuzpe != null">
        QDSUZPE,
      </if>
      <if test="qdsuzme != null">
        QDSUZME,
      </if>
      <if test="ddsuaut != null">
        DDSUAUT,
      </if>
      <if test="ndsuauu != null">
        NDSUAUU,
      </if>
      <if test="ndsuaup != null">
        NDSUAUP,
      </if>
      <if test="fdsulat != null">
        FDSULAT,
      </if>
      <if test="fdsulow != null">
        FDSULOW,
      </if>
      <if test="fdsublv != null">
        FDSUBLV,
      </if>
      <if test="fdsufdr != null">
        FDSUFDR,
      </if>
      <if test="fdsuzos != null">
        FDSUZOS,
      </if>
      <if test="fdsuipl != null">
        FDSUIPL,
      </if>
      <if test="fdsumsu != null">
        FDSUMSU,
      </if>
      <if test="fdsumig != null">
        FDSUMIG,
      </if>
      <if test="ntodnme != null">
        NTODNME,
      </if>
      <if test="ntodver != null">
        NTODVER,
      </if>
      <if test="ntodrel != null">
        NTODREL,
      </if>
      <if test="ictycty != null">
        ICTYCTY,
      </if>
      <if test="idsumch != null">
        IDSUMCH,
      </if>
      <if test="iusrusr != null">
        IUSRUSR,
      </if>
      <if test="nsubcsf != null">
        NSUBCSF,
      </if>
      <if test="ndsucsc != null">
        NDSUCSC,
      </if>
      <if test="ndsuotp != null">
        NDSUOTP,
      </if>
      <if test="ndsutfp != null">
        NDSUTFP,
      </if>
      <if test="icuslef != null">
        ICUSLEF,
      </if>
      <if test="fdsudbc != null">
        FDSUDBC,
      </if>
    </trim>
    <trim prefix="values (" suffix=")" suffixOverrides=",">
      <if test="idsurid != null">
        #{idsurid,jdbcType=CHAR},
      </if>
      <if test="fdsuste != null">
        #{fdsuste,jdbcType=CHAR},
      </if>
      <if test="ndsuuid != null">
        #{ndsuuid,jdbcType=CHAR},
      </if>
      <if test="ndsuiid != null">
        #{ndsuiid,jdbcType=CHAR},
      </if>
      <if test="ndsusid != null">
        #{ndsusid,jdbcType=TIMESTAMP},
      </if>
      <if test="ndsucty != null">
        #{ndsucty,jdbcType=CHAR},
      </if>
      <if test="ndsuaid != null">
        #{ndsuaid,jdbcType=CHAR},
      </if>
      <if test="fdsueml != null">
        #{fdsueml,jdbcType=CHAR},
      </if>
      <if test="ddsusts != null">
        #{ddsusts,jdbcType=TIMESTAMP},
      </if>
      <if test="ddsuuts != null">
        #{ddsuuts,jdbcType=TIMESTAMP},
      </if>
      <if test="ndsunme != null">
        #{ndsunme,jdbcType=VARCHAR},
      </if>
      <if test="ndsueml != null">
        #{ndsueml,jdbcType=CHAR},
      </if>
      <if test="ndsuphn != null">
        #{ndsuphn,jdbcType=CHAR},
      </if>
      <if test="ndsucnm != null">
        #{ndsucnm,jdbcType=CHAR},
      </if>
      <if test="icusleg != null">
        #{icusleg,jdbcType=CHAR},
      </if>
      <if test="ndsuhws != null">
        #{ndsuhws,jdbcType=CHAR},
      </if>
      <if test="ndsuhwt != null">
        #{ndsuhwt,jdbcType=CHAR},
      </if>
      <if test="ndsuhwm != null">
        #{ndsuhwm,jdbcType=CHAR},
      </if>
      <if test="ndsutov != null">
        #{ndsutov,jdbcType=CHAR},
      </if>
      <if test="ndsutob != null">
        #{ndsutob,jdbcType=CHAR},
      </if>
      <if test="ndsutod != null">
        #{ndsutod,jdbcType=CHAR},
      </if>
      <if test="ndsuodc != null">
        #{ndsuodc,jdbcType=VARCHAR},
      </if>
      <if test="ndsutrp != null">
        #{ndsutrp,jdbcType=CHAR},
      </if>
      <if test="ddsurps != null">
        #{ddsurps,jdbcType=DATE},
      </if>
      <if test="ddsurpe != null">
        #{ddsurpe,jdbcType=DATE},
      </if>
      <if test="ndsutpc != null">
        #{ndsutpc,jdbcType=CHAR},
      </if>
      <if test="ndsutlp != null">
        #{ndsutlp,jdbcType=VARCHAR},
      </if>
      <if test="qdsuzmu != null">
        #{qdsuzmu,jdbcType=CHAR},
      </if>
      <if test="qdsuzce != null">
        #{qdsuzce,jdbcType=CHAR},
      </if>
      <if test="qdsuzpe != null">
        #{qdsuzpe,jdbcType=CHAR},
      </if>
      <if test="qdsuzme != null">
        #{qdsuzme,jdbcType=CHAR},
      </if>
      <if test="ddsuaut != null">
        #{ddsuaut,jdbcType=TIMESTAMP},
      </if>
      <if test="ndsuauu != null">
        #{ndsuauu,jdbcType=CHAR},
      </if>
      <if test="ndsuaup != null">
        #{ndsuaup,jdbcType=CHAR},
      </if>
      <if test="fdsulat != null">
        #{fdsulat,jdbcType=CHAR},
      </if>
      <if test="fdsulow != null">
        #{fdsulow,jdbcType=CHAR},
      </if>
      <if test="fdsublv != null">
        #{fdsublv,jdbcType=CHAR},
      </if>
      <if test="fdsufdr != null">
        #{fdsufdr,jdbcType=CHAR},
      </if>
      <if test="fdsuzos != null">
        #{fdsuzos,jdbcType=CHAR},
      </if>
      <if test="fdsuipl != null">
        #{fdsuipl,jdbcType=CHAR},
      </if>
      <if test="fdsumsu != null">
        #{fdsumsu,jdbcType=CHAR},
      </if>
      <if test="fdsumig != null">
        #{fdsumig,jdbcType=CHAR},
      </if>
      <if test="ntodnme != null">
        #{ntodnme,jdbcType=CHAR},
      </if>
      <if test="ntodver != null">
        #{ntodver,jdbcType=CHAR},
      </if>
      <if test="ntodrel != null">
        #{ntodrel,jdbcType=CHAR},
      </if>
      <if test="ictycty != null">
        #{ictycty,jdbcType=CHAR},
      </if>
      <if test="idsumch != null">
        #{idsumch,jdbcType=CHAR},
      </if>
      <if test="iusrusr != null">
        #{iusrusr,jdbcType=CHAR},
      </if>
      <if test="nsubcsf != null">
        #{nsubcsf,jdbcType=CHAR},
      </if>
      <if test="ndsucsc != null">
        #{ndsucsc,jdbcType=VARCHAR},
      </if>
      <if test="ndsuotp != null">
        #{ndsuotp,jdbcType=CHAR},
      </if>
      <if test="ndsutfp != null">
        #{ndsutfp,jdbcType=CHAR},
      </if>
      <if test="icuslef != null">
        #{icuslef,jdbcType=CHAR},
      </if>
      <if test="fdsudbc != null">
        #{fdsudbc,jdbcType=CHAR},
      </if>
    </trim>
  </insert>
  <update id="updateByPrimaryKeySelective" parameterType="com.ibm.dk.alr.zscm.scrt.storing.mybatis.model.WLMDSU">
    update WLMDSU
    <set>
      <if test="ndsuuid != null">
        NDSUUID = #{ndsuuid,jdbcType=CHAR},
      </if>
      <if test="ndsuiid != null">
        NDSUIID = #{ndsuiid,jdbcType=CHAR},
      </if>
      <if test="ndsusid != null">
        NDSUSID = #{ndsusid,jdbcType=TIMESTAMP},
      </if>
      <if test="ndsucty != null">
        NDSUCTY = #{ndsucty,jdbcType=CHAR},
      </if>
      <if test="ndsuaid != null">
        NDSUAID = #{ndsuaid,jdbcType=CHAR},
      </if>
      <if test="fdsueml != null">
        FDSUEML = #{fdsueml,jdbcType=CHAR},
      </if>
      <if test="ddsusts != null">
        DDSUSTS = #{ddsusts,jdbcType=TIMESTAMP},
      </if>
      <if test="ddsuuts != null">
        DDSUUTS = #{ddsuuts,jdbcType=TIMESTAMP},
      </if>
      <if test="ndsunme != null">
        NDSUNME = #{ndsunme,jdbcType=VARCHAR},
      </if>
      <if test="ndsueml != null">
        NDSUEML = #{ndsueml,jdbcType=CHAR},
      </if>
      <if test="ndsuphn != null">
        NDSUPHN = #{ndsuphn,jdbcType=CHAR},
      </if>
      <if test="ndsucnm != null">
        NDSUCNM = #{ndsucnm,jdbcType=CHAR},
      </if>
      <if test="icusleg != null">
        ICUSLEG = #{icusleg,jdbcType=CHAR},
      </if>
      <if test="ndsuhws != null">
        NDSUHWS = #{ndsuhws,jdbcType=CHAR},
      </if>
      <if test="ndsuhwt != null">
        NDSUHWT = #{ndsuhwt,jdbcType=CHAR},
      </if>
      <if test="ndsuhwm != null">
        NDSUHWM = #{ndsuhwm,jdbcType=CHAR},
      </if>
      <if test="ndsutov != null">
        NDSUTOV = #{ndsutov,jdbcType=CHAR},
      </if>
      <if test="ndsutob != null">
        NDSUTOB = #{ndsutob,jdbcType=CHAR},
      </if>
      <if test="ndsutod != null">
        NDSUTOD = #{ndsutod,jdbcType=CHAR},
      </if>
      <if test="ndsuodc != null">
        NDSUODC = #{ndsuodc,jdbcType=VARCHAR},
      </if>
      <if test="ndsutrp != null">
        NDSUTRP = #{ndsutrp,jdbcType=CHAR},
      </if>
      <if test="ddsurps != null">
        DDSURPS = #{ddsurps,jdbcType=DATE},
      </if>
      <if test="ddsurpe != null">
        DDSURPE = #{ddsurpe,jdbcType=DATE},
      </if>
      <if test="ndsutpc != null">
        NDSUTPC = #{ndsutpc,jdbcType=CHAR},
      </if>
      <if test="ndsutlp != null">
        NDSUTLP = #{ndsutlp,jdbcType=VARCHAR},
      </if>
      <if test="qdsuzmu != null">
        QDSUZMU = #{qdsuzmu,jdbcType=CHAR},
      </if>
      <if test="qdsuzce != null">
        QDSUZCE = #{qdsuzce,jdbcType=CHAR},
      </if>
      <if test="qdsuzpe != null">
        QDSUZPE = #{qdsuzpe,jdbcType=CHAR},
      </if>
      <if test="qdsuzme != null">
        QDSUZME = #{qdsuzme,jdbcType=CHAR},
      </if>
      <if test="ddsuaut != null">
        DDSUAUT = #{ddsuaut,jdbcType=TIMESTAMP},
      </if>
      <if test="ndsuauu != null">
        NDSUAUU = #{ndsuauu,jdbcType=CHAR},
      </if>
      <if test="ndsuaup != null">
        NDSUAUP = #{ndsuaup,jdbcType=CHAR},
      </if>
      <if test="fdsulat != null">
        FDSULAT = #{fdsulat,jdbcType=CHAR},
      </if>
      <if test="fdsulow != null">
        FDSULOW = #{fdsulow,jdbcType=CHAR},
      </if>
      <if test="fdsublv != null">
        FDSUBLV = #{fdsublv,jdbcType=CHAR},
      </if>
      <if test="fdsufdr != null">
        FDSUFDR = #{fdsufdr,jdbcType=CHAR},
      </if>
      <if test="fdsuzos != null">
        FDSUZOS = #{fdsuzos,jdbcType=CHAR},
      </if>
      <if test="fdsuipl != null">
        FDSUIPL = #{fdsuipl,jdbcType=CHAR},
      </if>
      <if test="fdsumsu != null">
        FDSUMSU = #{fdsumsu,jdbcType=CHAR},
      </if>
      <if test="fdsumig != null">
        FDSUMIG = #{fdsumig,jdbcType=CHAR},
      </if>
      <if test="ntodnme != null">
        NTODNME = #{ntodnme,jdbcType=CHAR},
      </if>
      <if test="ntodver != null">
        NTODVER = #{ntodver,jdbcType=CHAR},
      </if>
      <if test="ntodrel != null">
        NTODREL = #{ntodrel,jdbcType=CHAR},
      </if>
      <if test="ictycty != null">
        ICTYCTY = #{ictycty,jdbcType=CHAR},
      </if>
      <if test="idsumch != null">
        IDSUMCH = #{idsumch,jdbcType=CHAR},
      </if>
      <if test="iusrusr != null">
        IUSRUSR = #{iusrusr,jdbcType=CHAR},
      </if>
      <if test="nsubcsf != null">
        NSUBCSF = #{nsubcsf,jdbcType=CHAR},
      </if>
      <if test="ndsucsc != null">
        NDSUCSC = #{ndsucsc,jdbcType=VARCHAR},
      </if>
      <if test="ndsuotp != null">
        NDSUOTP = #{ndsuotp,jdbcType=CHAR},
      </if>
      <if test="ndsutfp != null">
        NDSUTFP = #{ndsutfp,jdbcType=CHAR},
      </if>
      <if test="icuslef != null">
        ICUSLEF = #{icuslef,jdbcType=CHAR},
      </if>
      <if test="fdsudbc != null">
        FDSUDBC = #{fdsudbc,jdbcType=CHAR},
      </if>
    </set>
    where IDSURID = #{idsurid,jdbcType=CHAR}
      and FDSUSTE = #{fdsuste,jdbcType=CHAR}
  </update>
  <update id="updateByPrimaryKey" parameterType="com.ibm.dk.alr.zscm.scrt.storing.mybatis.model.WLMDSU">
    update WLMDSU
    set NDSUUID = #{ndsuuid,jdbcType=CHAR},
      NDSUIID = #{ndsuiid,jdbcType=CHAR},
      NDSUSID = #{ndsusid,jdbcType=TIMESTAMP},
      NDSUCTY = #{ndsucty,jdbcType=CHAR},
      NDSUAID = #{ndsuaid,jdbcType=CHAR},
      FDSUEML = #{fdsueml,jdbcType=CHAR},
      DDSUSTS = #{ddsusts,jdbcType=TIMESTAMP},
      DDSUUTS = #{ddsuuts,jdbcType=TIMESTAMP},
      NDSUNME = #{ndsunme,jdbcType=VARCHAR},
      NDSUEML = #{ndsueml,jdbcType=CHAR},
      NDSUPHN = #{ndsuphn,jdbcType=CHAR},
      NDSUCNM = #{ndsucnm,jdbcType=CHAR},
      ICUSLEG = #{icusleg,jdbcType=CHAR},
      NDSUHWS = #{ndsuhws,jdbcType=CHAR},
      NDSUHWT = #{ndsuhwt,jdbcType=CHAR},
      NDSUHWM = #{ndsuhwm,jdbcType=CHAR},
      NDSUTOV = #{ndsutov,jdbcType=CHAR},
      NDSUTOB = #{ndsutob,jdbcType=CHAR},
      NDSUTOD = #{ndsutod,jdbcType=CHAR},
      NDSUODC = #{ndsuodc,jdbcType=VARCHAR},
      NDSUTRP = #{ndsutrp,jdbcType=CHAR},
      DDSURPS = #{ddsurps,jdbcType=DATE},
      DDSURPE = #{ddsurpe,jdbcType=DATE},
      NDSUTPC = #{ndsutpc,jdbcType=CHAR},
      NDSUTLP = #{ndsutlp,jdbcType=VARCHAR},
      QDSUZMU = #{qdsuzmu,jdbcType=CHAR},
      QDSUZCE = #{qdsuzce,jdbcType=CHAR},
      QDSUZPE = #{qdsuzpe,jdbcType=CHAR},
      QDSUZME = #{qdsuzme,jdbcType=CHAR},
      DDSUAUT = #{ddsuaut,jdbcType=TIMESTAMP},
      NDSUAUU = #{ndsuauu,jdbcType=CHAR},
      NDSUAUP = #{ndsuaup,jdbcType=CHAR},
      FDSULAT = #{fdsulat,jdbcType=CHAR},
      FDSULOW = #{fdsulow,jdbcType=CHAR},
      FDSUBLV = #{fdsublv,jdbcType=CHAR},
      FDSUFDR = #{fdsufdr,jdbcType=CHAR},
      FDSUZOS = #{fdsuzos,jdbcType=CHAR},
      FDSUIPL = #{fdsuipl,jdbcType=CHAR},
      FDSUMSU = #{fdsumsu,jdbcType=CHAR},
      FDSUMIG = #{fdsumig,jdbcType=CHAR},
      NTODNME = #{ntodnme,jdbcType=CHAR},
      NTODVER = #{ntodver,jdbcType=CHAR},
      NTODREL = #{ntodrel,jdbcType=CHAR},
      ICTYCTY = #{ictycty,jdbcType=CHAR},
      IDSUMCH = #{idsumch,jdbcType=CHAR},
      IUSRUSR = #{iusrusr,jdbcType=CHAR},
      NSUBCSF = #{nsubcsf,jdbcType=CHAR},
      NDSUCSC = #{ndsucsc,jdbcType=VARCHAR},
      NDSUOTP = #{ndsuotp,jdbcType=CHAR},
      NDSUTFP = #{ndsutfp,jdbcType=CHAR},
      ICUSLEF = #{icuslef,jdbcType=CHAR},
      FDSUDBC = #{fdsudbc,jdbcType=CHAR}
    where IDSURID = #{idsurid,jdbcType=CHAR}
      and FDSUSTE = #{fdsuste,jdbcType=CHAR}
  </update>
  <resultMap id="BaseResultMap" type="com.ibm.dk.alr.zscm.scrt.storing.mybatis.model.WLMDSU">
    <id column="IDSURID" jdbcType="CHAR" property="idsurid" />
    <id column="FDSUSTE" jdbcType="CHAR" property="fdsuste" />
    <result column="NDSUUID" jdbcType="CHAR" property="ndsuuid" />
    <result column="NDSUIID" jdbcType="CHAR" property="ndsuiid" />
    <result column="NDSUSID" jdbcType="TIMESTAMP" property="ndsusid" />
    <result column="NDSUCTY" jdbcType="CHAR" property="ndsucty" />
    <result column="NDSUAID" jdbcType="CHAR" property="ndsuaid" />
    <result column="FDSUEML" jdbcType="CHAR" property="fdsueml" />
    <result column="DDSUSTS" jdbcType="TIMESTAMP" property="ddsusts" />
    <result column="DDSUUTS" jdbcType="TIMESTAMP" property="ddsuuts" />
    <result column="NDSUNME" jdbcType="VARCHAR" property="ndsunme" />
    <result column="NDSUEML" jdbcType="CHAR" property="ndsueml" />
    <result column="NDSUPHN" jdbcType="CHAR" property="ndsuphn" />
    <result column="NDSUCNM" jdbcType="CHAR" property="ndsucnm" />
    <result column="ICUSLEG" jdbcType="CHAR" property="icusleg" />
    <result column="NDSUHWS" jdbcType="CHAR" property="ndsuhws" />
    <result column="NDSUHWT" jdbcType="CHAR" property="ndsuhwt" />
    <result column="NDSUHWM" jdbcType="CHAR" property="ndsuhwm" />
    <result column="NDSUTOV" jdbcType="CHAR" property="ndsutov" />
    <result column="NDSUTOB" jdbcType="CHAR" property="ndsutob" />
    <result column="NDSUTOD" jdbcType="CHAR" property="ndsutod" />
    <result column="NDSUODC" jdbcType="VARCHAR" property="ndsuodc" />
    <result column="NDSUTRP" jdbcType="CHAR" property="ndsutrp" />
    <result column="DDSURPS" jdbcType="DATE" property="ddsurps" />
    <result column="DDSURPE" jdbcType="DATE" property="ddsurpe" />
    <result column="NDSUTPC" jdbcType="CHAR" property="ndsutpc" />
    <result column="NDSUTLP" jdbcType="VARCHAR" property="ndsutlp" />
    <result column="QDSUZMU" jdbcType="CHAR" property="qdsuzmu" />
    <result column="QDSUZCE" jdbcType="CHAR" property="qdsuzce" />
    <result column="QDSUZPE" jdbcType="CHAR" property="qdsuzpe" />
    <result column="QDSUZME" jdbcType="CHAR" property="qdsuzme" />
    <result column="DDSUAUT" jdbcType="TIMESTAMP" property="ddsuaut" />
    <result column="NDSUAUU" jdbcType="CHAR" property="ndsuauu" />
    <result column="NDSUAUP" jdbcType="CHAR" property="ndsuaup" />
    <result column="FDSULAT" jdbcType="CHAR" property="fdsulat" />
    <result column="FDSULOW" jdbcType="CHAR" property="fdsulow" />
    <result column="FDSUBLV" jdbcType="CHAR" property="fdsublv" />
    <result column="FDSUFDR" jdbcType="CHAR" property="fdsufdr" />
    <result column="FDSUZOS" jdbcType="CHAR" property="fdsuzos" />
    <result column="FDSUIPL" jdbcType="CHAR" property="fdsuipl" />
    <result column="FDSUMSU" jdbcType="CHAR" property="fdsumsu" />
    <result column="FDSUMIG" jdbcType="CHAR" property="fdsumig" />
    <result column="NTODNME" jdbcType="CHAR" property="ntodnme" />
    <result column="NTODVER" jdbcType="CHAR" property="ntodver" />
    <result column="NTODREL" jdbcType="CHAR" property="ntodrel" />
    <result column="ICTYCTY" jdbcType="CHAR" property="ictycty" />
    <result column="IDSUMCH" jdbcType="CHAR" property="idsumch" />
    <result column="IUSRUSR" jdbcType="CHAR" property="iusrusr" />
    <result column="NSUBCSF" jdbcType="CHAR" property="nsubcsf" />
    <result column="NDSUCSC" jdbcType="VARCHAR" property="ndsucsc" />
    <result column="NDSUOTP" jdbcType="CHAR" property="ndsuotp" />
    <result column="NDSUTFP" jdbcType="CHAR" property="ndsutfp" />
    <result column="ICUSLEF" jdbcType="CHAR" property="icuslef" />
    <result column="FDSUDBC" jdbcType="CHAR" property="fdsudbc" />
  </resultMap>
  <sql id="Base_Column_List">
    IDSURID, FDSUSTE, NDSUUID, NDSUIID, NDSUSID, NDSUCTY, NDSUAID, FDSUEML, DDSUSTS, 
    DDSUUTS, NDSUNME, NDSUEML, NDSUPHN, NDSUCNM, ICUSLEG, NDSUHWS, NDSUHWT, NDSUHWM, 
    NDSUTOV, NDSUTOB, NDSUTOD, NDSUODC, NDSUTRP, DDSURPS, DDSURPE, NDSUTPC, NDSUTLP, 
    QDSUZMU, QDSUZCE, QDSUZPE, QDSUZME, DDSUAUT, NDSUAUU, NDSUAUP, FDSULAT, FDSULOW, 
    FDSUBLV, FDSUFDR, FDSUZOS, FDSUIPL, FDSUMSU, FDSUMIG, NTODNME, NTODVER, NTODREL, 
    ICTYCTY, IDSUMCH, IUSRUSR, NSUBCSF, NDSUCSC, NDSUOTP, NDSUTFP, ICUSLEF, FDSUDBC
  </sql>
  <select id="selectByPrimaryKey" parameterType="com.ibm.dk.alr.zscm.scrt.storing.mybatis.model.WLMDSUKey" resultMap="BaseResultMap">
    select 
    <include refid="Base_Column_List" />
    from WLMDSU
    where IDSURID = #{idsurid,jdbcType=CHAR}
      and FDSUSTE = #{fdsuste,jdbcType=CHAR}
  </select>
  <delete id="deleteByPrimaryKey" parameterType="com.ibm.dk.alr.zscm.scrt.storing.mybatis.model.WLMDSUKey">
    delete from WLMDSU
    where IDSURID = #{idsurid,jdbcType=CHAR}
      and FDSUSTE = #{fdsuste,jdbcType=CHAR}
  </delete>
  <insert id="insert" parameterType="com.ibm.dk.alr.zscm.scrt.storing.mybatis.model.WLMDSU">
    insert into WLMDSU (IDSURID, FDSUSTE, NDSUUID, 
      NDSUIID, NDSUSID, NDSUCTY, 
      NDSUAID, FDSUEML, DDSUSTS, 
      DDSUUTS, NDSUNME, NDSUEML, 
      NDSUPHN, NDSUCNM, ICUSLEG, NDSUHWS, 
      NDSUHWT, NDSUHWM, NDSUTOV, NDSUTOB, 
      NDSUTOD, NDSUODC, NDSUTRP, 
      DDSURPS, DDSURPE, NDSUTPC, NDSUTLP, 
      QDSUZMU, QDSUZCE, QDSUZPE, QDSUZME, 
      DDSUAUT, NDSUAUU, NDSUAUP, 
      FDSULAT, FDSULOW, FDSUBLV, FDSUFDR, 
      FDSUZOS, FDSUIPL, FDSUMSU, FDSUMIG, 
      NTODNME, NTODVER, NTODREL, ICTYCTY, 
      IDSUMCH, IUSRUSR, NSUBCSF, NDSUCSC, 
      NDSUOTP, NDSUTFP, ICUSLEF, FDSUDBC
      )
    values (#{idsurid,jdbcType=CHAR}, #{fdsuste,jdbcType=CHAR}, #{ndsuuid,jdbcType=CHAR}, 
      #{ndsuiid,jdbcType=CHAR}, #{ndsusid,jdbcType=TIMESTAMP}, #{ndsucty,jdbcType=CHAR}, 
      #{ndsuaid,jdbcType=CHAR}, #{fdsueml,jdbcType=CHAR}, #{ddsusts,jdbcType=TIMESTAMP}, 
      #{ddsuuts,jdbcType=TIMESTAMP}, #{ndsunme,jdbcType=VARCHAR}, #{ndsueml,jdbcType=CHAR}, 
      #{ndsuphn,jdbcType=CHAR}, #{ndsucnm,jdbcType=CHAR}, #{icusleg,jdbcType=CHAR}, #{ndsuhws,jdbcType=CHAR}, 
      #{ndsuhwt,jdbcType=CHAR}, #{ndsuhwm,jdbcType=CHAR}, #{ndsutov,jdbcType=CHAR}, #{ndsutob,jdbcType=CHAR}, 
      #{ndsutod,jdbcType=CHAR}, #{ndsuodc,jdbcType=VARCHAR}, #{ndsutrp,jdbcType=CHAR}, 
      #{ddsurps,jdbcType=DATE}, #{ddsurpe,jdbcType=DATE}, #{ndsutpc,jdbcType=CHAR}, #{ndsutlp,jdbcType=VARCHAR}, 
      #{qdsuzmu,jdbcType=CHAR}, #{qdsuzce,jdbcType=CHAR}, #{qdsuzpe,jdbcType=CHAR}, #{qdsuzme,jdbcType=CHAR}, 
      #{ddsuaut,jdbcType=TIMESTAMP}, #{ndsuauu,jdbcType=CHAR}, #{ndsuaup,jdbcType=CHAR}, 
      #{fdsulat,jdbcType=CHAR}, #{fdsulow,jdbcType=CHAR}, #{fdsublv,jdbcType=CHAR}, #{fdsufdr,jdbcType=CHAR}, 
      #{fdsuzos,jdbcType=CHAR}, #{fdsuipl,jdbcType=CHAR}, #{fdsumsu,jdbcType=CHAR}, #{fdsumig,jdbcType=CHAR}, 
      #{ntodnme,jdbcType=CHAR}, #{ntodver,jdbcType=CHAR}, #{ntodrel,jdbcType=CHAR}, #{ictycty,jdbcType=CHAR}, 
      #{idsumch,jdbcType=CHAR}, #{iusrusr,jdbcType=CHAR}, #{nsubcsf,jdbcType=CHAR}, #{ndsucsc,jdbcType=VARCHAR}, 
      #{ndsuotp,jdbcType=CHAR}, #{ndsutfp,jdbcType=CHAR}, #{icuslef,jdbcType=CHAR}, #{fdsudbc,jdbcType=CHAR}
      )
  </insert>
  <insert id="insertSelective" parameterType="com.ibm.dk.alr.zscm.scrt.storing.mybatis.model.WLMDSU">
    insert into WLMDSU
    <trim prefix="(" suffix=")" suffixOverrides=",">
      <if test="idsurid != null">
        IDSURID,
      </if>
      <if test="fdsuste != null">
        FDSUSTE,
      </if>
      <if test="ndsuuid != null">
        NDSUUID,
      </if>
      <if test="ndsuiid != null">
        NDSUIID,
      </if>
      <if test="ndsusid != null">
        NDSUSID,
      </if>
      <if test="ndsucty != null">
        NDSUCTY,
      </if>
      <if test="ndsuaid != null">
        NDSUAID,
      </if>
      <if test="fdsueml != null">
        FDSUEML,
      </if>
      <if test="ddsusts != null">
        DDSUSTS,
      </if>
      <if test="ddsuuts != null">
        DDSUUTS,
      </if>
      <if test="ndsunme != null">
        NDSUNME,
      </if>
      <if test="ndsueml != null">
        NDSUEML,
      </if>
      <if test="ndsuphn != null">
        NDSUPHN,
      </if>
      <if test="ndsucnm != null">
        NDSUCNM,
      </if>
      <if test="icusleg != null">
        ICUSLEG,
      </if>
      <if test="ndsuhws != null">
        NDSUHWS,
      </if>
      <if test="ndsuhwt != null">
        NDSUHWT,
      </if>
      <if test="ndsuhwm != null">
        NDSUHWM,
      </if>
      <if test="ndsutov != null">
        NDSUTOV,
      </if>
      <if test="ndsutob != null">
        NDSUTOB,
      </if>
      <if test="ndsutod != null">
        NDSUTOD,
      </if>
      <if test="ndsuodc != null">
        NDSUODC,
      </if>
      <if test="ndsutrp != null">
        NDSUTRP,
      </if>
      <if test="ddsurps != null">
        DDSURPS,
      </if>
      <if test="ddsurpe != null">
        DDSURPE,
      </if>
      <if test="ndsutpc != null">
        NDSUTPC,
      </if>
      <if test="ndsutlp != null">
        NDSUTLP,
      </if>
      <if test="qdsuzmu != null">
        QDSUZMU,
      </if>
      <if test="qdsuzce != null">
        QDSUZCE,
      </if>
      <if test="qdsuzpe != null">
        QDSUZPE,
      </if>
      <if test="qdsuzme != null">
        QDSUZME,
      </if>
      <if test="ddsuaut != null">
        DDSUAUT,
      </if>
      <if test="ndsuauu != null">
        NDSUAUU,
      </if>
      <if test="ndsuaup != null">
        NDSUAUP,
      </if>
      <if test="fdsulat != null">
        FDSULAT,
      </if>
      <if test="fdsulow != null">
        FDSULOW,
      </if>
      <if test="fdsublv != null">
        FDSUBLV,
      </if>
      <if test="fdsufdr != null">
        FDSUFDR,
      </if>
      <if test="fdsuzos != null">
        FDSUZOS,
      </if>
      <if test="fdsuipl != null">
        FDSUIPL,
      </if>
      <if test="fdsumsu != null">
        FDSUMSU,
      </if>
      <if test="fdsumig != null">
        FDSUMIG,
      </if>
      <if test="ntodnme != null">
        NTODNME,
      </if>
      <if test="ntodver != null">
        NTODVER,
      </if>
      <if test="ntodrel != null">
        NTODREL,
      </if>
      <if test="ictycty != null">
        ICTYCTY,
      </if>
      <if test="idsumch != null">
        IDSUMCH,
      </if>
      <if test="iusrusr != null">
        IUSRUSR,
      </if>
      <if test="nsubcsf != null">
        NSUBCSF,
      </if>
      <if test="ndsucsc != null">
        NDSUCSC,
      </if>
      <if test="ndsuotp != null">
        NDSUOTP,
      </if>
      <if test="ndsutfp != null">
        NDSUTFP,
      </if>
      <if test="icuslef != null">
        ICUSLEF,
      </if>
      <if test="fdsudbc != null">
        FDSUDBC,
      </if>
    </trim>
    <trim prefix="values (" suffix=")" suffixOverrides=",">
      <if test="idsurid != null">
        #{idsurid,jdbcType=CHAR},
      </if>
      <if test="fdsuste != null">
        #{fdsuste,jdbcType=CHAR},
      </if>
      <if test="ndsuuid != null">
        #{ndsuuid,jdbcType=CHAR},
      </if>
      <if test="ndsuiid != null">
        #{ndsuiid,jdbcType=CHAR},
      </if>
      <if test="ndsusid != null">
        #{ndsusid,jdbcType=TIMESTAMP},
      </if>
      <if test="ndsucty != null">
        #{ndsucty,jdbcType=CHAR},
      </if>
      <if test="ndsuaid != null">
        #{ndsuaid,jdbcType=CHAR},
      </if>
      <if test="fdsueml != null">
        #{fdsueml,jdbcType=CHAR},
      </if>
      <if test="ddsusts != null">
        #{ddsusts,jdbcType=TIMESTAMP},
      </if>
      <if test="ddsuuts != null">
        #{ddsuuts,jdbcType=TIMESTAMP},
      </if>
      <if test="ndsunme != null">
        #{ndsunme,jdbcType=VARCHAR},
      </if>
      <if test="ndsueml != null">
        #{ndsueml,jdbcType=CHAR},
      </if>
      <if test="ndsuphn != null">
        #{ndsuphn,jdbcType=CHAR},
      </if>
      <if test="ndsucnm != null">
        #{ndsucnm,jdbcType=CHAR},
      </if>
      <if test="icusleg != null">
        #{icusleg,jdbcType=CHAR},
      </if>
      <if test="ndsuhws != null">
        #{ndsuhws,jdbcType=CHAR},
      </if>
      <if test="ndsuhwt != null">
        #{ndsuhwt,jdbcType=CHAR},
      </if>
      <if test="ndsuhwm != null">
        #{ndsuhwm,jdbcType=CHAR},
      </if>
      <if test="ndsutov != null">
        #{ndsutov,jdbcType=CHAR},
      </if>
      <if test="ndsutob != null">
        #{ndsutob,jdbcType=CHAR},
      </if>
      <if test="ndsutod != null">
        #{ndsutod,jdbcType=CHAR},
      </if>
      <if test="ndsuodc != null">
        #{ndsuodc,jdbcType=VARCHAR},
      </if>
      <if test="ndsutrp != null">
        #{ndsutrp,jdbcType=CHAR},
      </if>
      <if test="ddsurps != null">
        #{ddsurps,jdbcType=DATE},
      </if>
      <if test="ddsurpe != null">
        #{ddsurpe,jdbcType=DATE},
      </if>
      <if test="ndsutpc != null">
        #{ndsutpc,jdbcType=CHAR},
      </if>
      <if test="ndsutlp != null">
        #{ndsutlp,jdbcType=VARCHAR},
      </if>
      <if test="qdsuzmu != null">
        #{qdsuzmu,jdbcType=CHAR},
      </if>
      <if test="qdsuzce != null">
        #{qdsuzce,jdbcType=CHAR},
      </if>
      <if test="qdsuzpe != null">
        #{qdsuzpe,jdbcType=CHAR},
      </if>
      <if test="qdsuzme != null">
        #{qdsuzme,jdbcType=CHAR},
      </if>
      <if test="ddsuaut != null">
        #{ddsuaut,jdbcType=TIMESTAMP},
      </if>
      <if test="ndsuauu != null">
        #{ndsuauu,jdbcType=CHAR},
      </if>
      <if test="ndsuaup != null">
        #{ndsuaup,jdbcType=CHAR},
      </if>
      <if test="fdsulat != null">
        #{fdsulat,jdbcType=CHAR},
      </if>
      <if test="fdsulow != null">
        #{fdsulow,jdbcType=CHAR},
      </if>
      <if test="fdsublv != null">
        #{fdsublv,jdbcType=CHAR},
      </if>
      <if test="fdsufdr != null">
        #{fdsufdr,jdbcType=CHAR},
      </if>
      <if test="fdsuzos != null">
        #{fdsuzos,jdbcType=CHAR},
      </if>
      <if test="fdsuipl != null">
        #{fdsuipl,jdbcType=CHAR},
      </if>
      <if test="fdsumsu != null">
        #{fdsumsu,jdbcType=CHAR},
      </if>
      <if test="fdsumig != null">
        #{fdsumig,jdbcType=CHAR},
      </if>
      <if test="ntodnme != null">
        #{ntodnme,jdbcType=CHAR},
      </if>
      <if test="ntodver != null">
        #{ntodver,jdbcType=CHAR},
      </if>
      <if test="ntodrel != null">
        #{ntodrel,jdbcType=CHAR},
      </if>
      <if test="ictycty != null">
        #{ictycty,jdbcType=CHAR},
      </if>
      <if test="idsumch != null">
        #{idsumch,jdbcType=CHAR},
      </if>
      <if test="iusrusr != null">
        #{iusrusr,jdbcType=CHAR},
      </if>
      <if test="nsubcsf != null">
        #{nsubcsf,jdbcType=CHAR},
      </if>
      <if test="ndsucsc != null">
        #{ndsucsc,jdbcType=VARCHAR},
      </if>
      <if test="ndsuotp != null">
        #{ndsuotp,jdbcType=CHAR},
      </if>
      <if test="ndsutfp != null">
        #{ndsutfp,jdbcType=CHAR},
      </if>
      <if test="icuslef != null">
        #{icuslef,jdbcType=CHAR},
      </if>
      <if test="fdsudbc != null">
        #{fdsudbc,jdbcType=CHAR},
      </if>
    </trim>
  </insert>
  <update id="updateByPrimaryKeySelective" parameterType="com.ibm.dk.alr.zscm.scrt.storing.mybatis.model.WLMDSU">
    update WLMDSU
    <set>
      <if test="ndsuuid != null">
        NDSUUID = #{ndsuuid,jdbcType=CHAR},
      </if>
      <if test="ndsuiid != null">
        NDSUIID = #{ndsuiid,jdbcType=CHAR},
      </if>
      <if test="ndsusid != null">
        NDSUSID = #{ndsusid,jdbcType=TIMESTAMP},
      </if>
      <if test="ndsucty != null">
        NDSUCTY = #{ndsucty,jdbcType=CHAR},
      </if>
      <if test="ndsuaid != null">
        NDSUAID = #{ndsuaid,jdbcType=CHAR},
      </if>
      <if test="fdsueml != null">
        FDSUEML = #{fdsueml,jdbcType=CHAR},
      </if>
      <if test="ddsusts != null">
        DDSUSTS = #{ddsusts,jdbcType=TIMESTAMP},
      </if>
      <if test="ddsuuts != null">
        DDSUUTS = #{ddsuuts,jdbcType=TIMESTAMP},
      </if>
      <if test="ndsunme != null">
        NDSUNME = #{ndsunme,jdbcType=VARCHAR},
      </if>
      <if test="ndsueml != null">
        NDSUEML = #{ndsueml,jdbcType=CHAR},
      </if>
      <if test="ndsuphn != null">
        NDSUPHN = #{ndsuphn,jdbcType=CHAR},
      </if>
      <if test="ndsucnm != null">
        NDSUCNM = #{ndsucnm,jdbcType=CHAR},
      </if>
      <if test="icusleg != null">
        ICUSLEG = #{icusleg,jdbcType=CHAR},
      </if>
      <if test="ndsuhws != null">
        NDSUHWS = #{ndsuhws,jdbcType=CHAR},
      </if>
      <if test="ndsuhwt != null">
        NDSUHWT = #{ndsuhwt,jdbcType=CHAR},
      </if>
      <if test="ndsuhwm != null">
        NDSUHWM = #{ndsuhwm,jdbcType=CHAR},
      </if>
      <if test="ndsutov != null">
        NDSUTOV = #{ndsutov,jdbcType=CHAR},
      </if>
      <if test="ndsutob != null">
        NDSUTOB = #{ndsutob,jdbcType=CHAR},
      </if>
      <if test="ndsutod != null">
        NDSUTOD = #{ndsutod,jdbcType=CHAR},
      </if>
      <if test="ndsuodc != null">
        NDSUODC = #{ndsuodc,jdbcType=VARCHAR},
      </if>
      <if test="ndsutrp != null">
        NDSUTRP = #{ndsutrp,jdbcType=CHAR},
      </if>
      <if test="ddsurps != null">
        DDSURPS = #{ddsurps,jdbcType=DATE},
      </if>
      <if test="ddsurpe != null">
        DDSURPE = #{ddsurpe,jdbcType=DATE},
      </if>
      <if test="ndsutpc != null">
        NDSUTPC = #{ndsutpc,jdbcType=CHAR},
      </if>
      <if test="ndsutlp != null">
        NDSUTLP = #{ndsutlp,jdbcType=VARCHAR},
      </if>
      <if test="qdsuzmu != null">
        QDSUZMU = #{qdsuzmu,jdbcType=CHAR},
      </if>
      <if test="qdsuzce != null">
        QDSUZCE = #{qdsuzce,jdbcType=CHAR},
      </if>
      <if test="qdsuzpe != null">
        QDSUZPE = #{qdsuzpe,jdbcType=CHAR},
      </if>
      <if test="qdsuzme != null">
        QDSUZME = #{qdsuzme,jdbcType=CHAR},
      </if>
      <if test="ddsuaut != null">
        DDSUAUT = #{ddsuaut,jdbcType=TIMESTAMP},
      </if>
      <if test="ndsuauu != null">
        NDSUAUU = #{ndsuauu,jdbcType=CHAR},
      </if>
      <if test="ndsuaup != null">
        NDSUAUP = #{ndsuaup,jdbcType=CHAR},
      </if>
      <if test="fdsulat != null">
        FDSULAT = #{fdsulat,jdbcType=CHAR},
      </if>
      <if test="fdsulow != null">
        FDSULOW = #{fdsulow,jdbcType=CHAR},
      </if>
      <if test="fdsublv != null">
        FDSUBLV = #{fdsublv,jdbcType=CHAR},
      </if>
      <if test="fdsufdr != null">
        FDSUFDR = #{fdsufdr,jdbcType=CHAR},
      </if>
      <if test="fdsuzos != null">
        FDSUZOS = #{fdsuzos,jdbcType=CHAR},
      </if>
      <if test="fdsuipl != null">
        FDSUIPL = #{fdsuipl,jdbcType=CHAR},
      </if>
      <if test="fdsumsu != null">
        FDSUMSU = #{fdsumsu,jdbcType=CHAR},
      </if>
      <if test="fdsumig != null">
        FDSUMIG = #{fdsumig,jdbcType=CHAR},
      </if>
      <if test="ntodnme != null">
        NTODNME = #{ntodnme,jdbcType=CHAR},
      </if>
      <if test="ntodver != null">
        NTODVER = #{ntodver,jdbcType=CHAR},
      </if>
      <if test="ntodrel != null">
        NTODREL = #{ntodrel,jdbcType=CHAR},
      </if>
      <if test="ictycty != null">
        ICTYCTY = #{ictycty,jdbcType=CHAR},
      </if>
      <if test="idsumch != null">
        IDSUMCH = #{idsumch,jdbcType=CHAR},
      </if>
      <if test="iusrusr != null">
        IUSRUSR = #{iusrusr,jdbcType=CHAR},
      </if>
      <if test="nsubcsf != null">
        NSUBCSF = #{nsubcsf,jdbcType=CHAR},
      </if>
      <if test="ndsucsc != null">
        NDSUCSC = #{ndsucsc,jdbcType=VARCHAR},
      </if>
      <if test="ndsuotp != null">
        NDSUOTP = #{ndsuotp,jdbcType=CHAR},
      </if>
      <if test="ndsutfp != null">
        NDSUTFP = #{ndsutfp,jdbcType=CHAR},
      </if>
      <if test="icuslef != null">
        ICUSLEF = #{icuslef,jdbcType=CHAR},
      </if>
      <if test="fdsudbc != null">
        FDSUDBC = #{fdsudbc,jdbcType=CHAR},
      </if>
    </set>
    where IDSURID = #{idsurid,jdbcType=CHAR}
      and FDSUSTE = #{fdsuste,jdbcType=CHAR}
  </update>
  <update id="updateByPrimaryKey" parameterType="com.ibm.dk.alr.zscm.scrt.storing.mybatis.model.WLMDSU">
    update WLMDSU
    set NDSUUID = #{ndsuuid,jdbcType=CHAR},
      NDSUIID = #{ndsuiid,jdbcType=CHAR},
      NDSUSID = #{ndsusid,jdbcType=TIMESTAMP},
      NDSUCTY = #{ndsucty,jdbcType=CHAR},
      NDSUAID = #{ndsuaid,jdbcType=CHAR},
      FDSUEML = #{fdsueml,jdbcType=CHAR},
      DDSUSTS = #{ddsusts,jdbcType=TIMESTAMP},
      DDSUUTS = #{ddsuuts,jdbcType=TIMESTAMP},
      NDSUNME = #{ndsunme,jdbcType=VARCHAR},
      NDSUEML = #{ndsueml,jdbcType=CHAR},
      NDSUPHN = #{ndsuphn,jdbcType=CHAR},
      NDSUCNM = #{ndsucnm,jdbcType=CHAR},
      ICUSLEG = #{icusleg,jdbcType=CHAR},
      NDSUHWS = #{ndsuhws,jdbcType=CHAR},
      NDSUHWT = #{ndsuhwt,jdbcType=CHAR},
      NDSUHWM = #{ndsuhwm,jdbcType=CHAR},
      NDSUTOV = #{ndsutov,jdbcType=CHAR},
      NDSUTOB = #{ndsutob,jdbcType=CHAR},
      NDSUTOD = #{ndsutod,jdbcType=CHAR},
      NDSUODC = #{ndsuodc,jdbcType=VARCHAR},
      NDSUTRP = #{ndsutrp,jdbcType=CHAR},
      DDSURPS = #{ddsurps,jdbcType=DATE},
      DDSURPE = #{ddsurpe,jdbcType=DATE},
      NDSUTPC = #{ndsutpc,jdbcType=CHAR},
      NDSUTLP = #{ndsutlp,jdbcType=VARCHAR},
      QDSUZMU = #{qdsuzmu,jdbcType=CHAR},
      QDSUZCE = #{qdsuzce,jdbcType=CHAR},
      QDSUZPE = #{qdsuzpe,jdbcType=CHAR},
      QDSUZME = #{qdsuzme,jdbcType=CHAR},
      DDSUAUT = #{ddsuaut,jdbcType=TIMESTAMP},
      NDSUAUU = #{ndsuauu,jdbcType=CHAR},
      NDSUAUP = #{ndsuaup,jdbcType=CHAR},
      FDSULAT = #{fdsulat,jdbcType=CHAR},
      FDSULOW = #{fdsulow,jdbcType=CHAR},
      FDSUBLV = #{fdsublv,jdbcType=CHAR},
      FDSUFDR = #{fdsufdr,jdbcType=CHAR},
      FDSUZOS = #{fdsuzos,jdbcType=CHAR},
      FDSUIPL = #{fdsuipl,jdbcType=CHAR},
      FDSUMSU = #{fdsumsu,jdbcType=CHAR},
      FDSUMIG = #{fdsumig,jdbcType=CHAR},
      NTODNME = #{ntodnme,jdbcType=CHAR},
      NTODVER = #{ntodver,jdbcType=CHAR},
      NTODREL = #{ntodrel,jdbcType=CHAR},
      ICTYCTY = #{ictycty,jdbcType=CHAR},
      IDSUMCH = #{idsumch,jdbcType=CHAR},
      IUSRUSR = #{iusrusr,jdbcType=CHAR},
      NSUBCSF = #{nsubcsf,jdbcType=CHAR},
      NDSUCSC = #{ndsucsc,jdbcType=VARCHAR},
      NDSUOTP = #{ndsuotp,jdbcType=CHAR},
      NDSUTFP = #{ndsutfp,jdbcType=CHAR},
      ICUSLEF = #{icuslef,jdbcType=CHAR},
      FDSUDBC = #{fdsudbc,jdbcType=CHAR}
    where IDSURID = #{idsurid,jdbcType=CHAR}
      and FDSUSTE = #{fdsuste,jdbcType=CHAR}
  </update>
  <resultMap id="BaseResultMap" type="com.ibm.dk.alr.zscm.scrt.storing.mybatis.model.WLMDSU">
    <id column="IDSURID" jdbcType="CHAR" property="idsurid" />
    <id column="FDSUSTE" jdbcType="CHAR" property="fdsuste" />
    <result column="NDSUUID" jdbcType="CHAR" property="ndsuuid" />
    <result column="NDSUIID" jdbcType="CHAR" property="ndsuiid" />
    <result column="NDSUSID" jdbcType="TIMESTAMP" property="ndsusid" />
    <result column="NDSUCTY" jdbcType="CHAR" property="ndsucty" />
    <result column="NDSUAID" jdbcType="CHAR" property="ndsuaid" />
    <result column="FDSUEML" jdbcType="CHAR" property="fdsueml" />
    <result column="DDSUSTS" jdbcType="TIMESTAMP" property="ddsusts" />
    <result column="DDSUUTS" jdbcType="TIMESTAMP" property="ddsuuts" />
    <result column="NDSUNME" jdbcType="VARCHAR" property="ndsunme" />
    <result column="NDSUEML" jdbcType="CHAR" property="ndsueml" />
    <result column="NDSUPHN" jdbcType="CHAR" property="ndsuphn" />
    <result column="NDSUCNM" jdbcType="CHAR" property="ndsucnm" />
    <result column="ICUSLEG" jdbcType="CHAR" property="icusleg" />
    <result column="NDSUHWS" jdbcType="CHAR" property="ndsuhws" />
    <result column="NDSUHWT" jdbcType="CHAR" property="ndsuhwt" />
    <result column="NDSUHWM" jdbcType="CHAR" property="ndsuhwm" />
    <result column="NDSUTOV" jdbcType="CHAR" property="ndsutov" />
    <result column="NDSUTOB" jdbcType="CHAR" property="ndsutob" />
    <result column="NDSUTOD" jdbcType="CHAR" property="ndsutod" />
    <result column="NDSUODC" jdbcType="VARCHAR" property="ndsuodc" />
    <result column="NDSUTRP" jdbcType="CHAR" property="ndsutrp" />
    <result column="DDSURPS" jdbcType="DATE" property="ddsurps" />
    <result column="DDSURPE" jdbcType="DATE" property="ddsurpe" />
    <result column="NDSUTPC" jdbcType="CHAR" property="ndsutpc" />
    <result column="NDSUTLP" jdbcType="VARCHAR" property="ndsutlp" />
    <result column="QDSUZMU" jdbcType="CHAR" property="qdsuzmu" />
    <result column="QDSUZCE" jdbcType="CHAR" property="qdsuzce" />
    <result column="QDSUZPE" jdbcType="CHAR" property="qdsuzpe" />
    <result column="QDSUZME" jdbcType="CHAR" property="qdsuzme" />
    <result column="DDSUAUT" jdbcType="TIMESTAMP" property="ddsuaut" />
    <result column="NDSUAUU" jdbcType="CHAR" property="ndsuauu" />
    <result column="NDSUAUP" jdbcType="CHAR" property="ndsuaup" />
    <result column="FDSULAT" jdbcType="CHAR" property="fdsulat" />
    <result column="FDSULOW" jdbcType="CHAR" property="fdsulow" />
    <result column="FDSUBLV" jdbcType="CHAR" property="fdsublv" />
    <result column="FDSUFDR" jdbcType="CHAR" property="fdsufdr" />
    <result column="FDSUZOS" jdbcType="CHAR" property="fdsuzos" />
    <result column="FDSUIPL" jdbcType="CHAR" property="fdsuipl" />
    <result column="FDSUMSU" jdbcType="CHAR" property="fdsumsu" />
    <result column="FDSUMIG" jdbcType="CHAR" property="fdsumig" />
    <result column="NTODNME" jdbcType="CHAR" property="ntodnme" />
    <result column="NTODVER" jdbcType="CHAR" property="ntodver" />
    <result column="NTODREL" jdbcType="CHAR" property="ntodrel" />
    <result column="ICTYCTY" jdbcType="CHAR" property="ictycty" />
    <result column="IDSUMCH" jdbcType="CHAR" property="idsumch" />
    <result column="IUSRUSR" jdbcType="CHAR" property="iusrusr" />
    <result column="NSUBCSF" jdbcType="CHAR" property="nsubcsf" />
    <result column="NDSUCSC" jdbcType="VARCHAR" property="ndsucsc" />
    <result column="NDSUOTP" jdbcType="CHAR" property="ndsuotp" />
    <result column="NDSUTFP" jdbcType="CHAR" property="ndsutfp" />
    <result column="ICUSLEF" jdbcType="CHAR" property="icuslef" />
    <result column="FDSUDBC" jdbcType="CHAR" property="fdsudbc" />
  </resultMap>
  <sql id="Base_Column_List">
    IDSURID, FDSUSTE, NDSUUID, NDSUIID, NDSUSID, NDSUCTY, NDSUAID, FDSUEML, DDSUSTS, 
    DDSUUTS, NDSUNME, NDSUEML, NDSUPHN, NDSUCNM, ICUSLEG, NDSUHWS, NDSUHWT, NDSUHWM, 
    NDSUTOV, NDSUTOB, NDSUTOD, NDSUODC, NDSUTRP, DDSURPS, DDSURPE, NDSUTPC, NDSUTLP, 
    QDSUZMU, QDSUZCE, QDSUZPE, QDSUZME, DDSUAUT, NDSUAUU, NDSUAUP, FDSULAT, FDSULOW, 
    FDSUBLV, FDSUFDR, FDSUZOS, FDSUIPL, FDSUMSU, FDSUMIG, NTODNME, NTODVER, NTODREL, 
    ICTYCTY, IDSUMCH, IUSRUSR, NSUBCSF, NDSUCSC, NDSUOTP, NDSUTFP, ICUSLEF, FDSUDBC
  </sql>
  <select id="selectByPrimaryKey" parameterType="com.ibm.dk.alr.zscm.scrt.storing.mybatis.model.WLMDSUKey" resultMap="BaseResultMap">
    select 
    <include refid="Base_Column_List" />
    from WLMDSU
    where IDSURID = #{idsurid,jdbcType=CHAR}
      and FDSUSTE = #{fdsuste,jdbcType=CHAR}
  </select>
  <delete id="deleteByPrimaryKey" parameterType="com.ibm.dk.alr.zscm.scrt.storing.mybatis.model.WLMDSUKey">
    delete from WLMDSU
    where IDSURID = #{idsurid,jdbcType=CHAR}
      and FDSUSTE = #{fdsuste,jdbcType=CHAR}
  </delete>
  <insert id="insert" parameterType="com.ibm.dk.alr.zscm.scrt.storing.mybatis.model.WLMDSU">
    insert into WLMDSU (IDSURID, FDSUSTE, NDSUUID, 
      NDSUIID, NDSUSID, NDSUCTY, 
      NDSUAID, FDSUEML, DDSUSTS, 
      DDSUUTS, NDSUNME, NDSUEML, 
      NDSUPHN, NDSUCNM, ICUSLEG, NDSUHWS, 
      NDSUHWT, NDSUHWM, NDSUTOV, NDSUTOB, 
      NDSUTOD, NDSUODC, NDSUTRP, 
      DDSURPS, DDSURPE, NDSUTPC, NDSUTLP, 
      QDSUZMU, QDSUZCE, QDSUZPE, QDSUZME, 
      DDSUAUT, NDSUAUU, NDSUAUP, 
      FDSULAT, FDSULOW, FDSUBLV, FDSUFDR, 
      FDSUZOS, FDSUIPL, FDSUMSU, FDSUMIG, 
      NTODNME, NTODVER, NTODREL, ICTYCTY, 
      IDSUMCH, IUSRUSR, NSUBCSF, NDSUCSC, 
      NDSUOTP, NDSUTFP, ICUSLEF, FDSUDBC
      )
    values (#{idsurid,jdbcType=CHAR}, #{fdsuste,jdbcType=CHAR}, #{ndsuuid,jdbcType=CHAR}, 
      #{ndsuiid,jdbcType=CHAR}, #{ndsusid,jdbcType=TIMESTAMP}, #{ndsucty,jdbcType=CHAR}, 
      #{ndsuaid,jdbcType=CHAR}, #{fdsueml,jdbcType=CHAR}, #{ddsusts,jdbcType=TIMESTAMP}, 
      #{ddsuuts,jdbcType=TIMESTAMP}, #{ndsunme,jdbcType=VARCHAR}, #{ndsueml,jdbcType=CHAR}, 
      #{ndsuphn,jdbcType=CHAR}, #{ndsucnm,jdbcType=CHAR}, #{icusleg,jdbcType=CHAR}, #{ndsuhws,jdbcType=CHAR}, 
      #{ndsuhwt,jdbcType=CHAR}, #{ndsuhwm,jdbcType=CHAR}, #{ndsutov,jdbcType=CHAR}, #{ndsutob,jdbcType=CHAR}, 
      #{ndsutod,jdbcType=CHAR}, #{ndsuodc,jdbcType=VARCHAR}, #{ndsutrp,jdbcType=CHAR}, 
      #{ddsurps,jdbcType=DATE}, #{ddsurpe,jdbcType=DATE}, #{ndsutpc,jdbcType=CHAR}, #{ndsutlp,jdbcType=VARCHAR}, 
      #{qdsuzmu,jdbcType=CHAR}, #{qdsuzce,jdbcType=CHAR}, #{qdsuzpe,jdbcType=CHAR}, #{qdsuzme,jdbcType=CHAR}, 
      #{ddsuaut,jdbcType=TIMESTAMP}, #{ndsuauu,jdbcType=CHAR}, #{ndsuaup,jdbcType=CHAR}, 
      #{fdsulat,jdbcType=CHAR}, #{fdsulow,jdbcType=CHAR}, #{fdsublv,jdbcType=CHAR}, #{fdsufdr,jdbcType=CHAR}, 
      #{fdsuzos,jdbcType=CHAR}, #{fdsuipl,jdbcType=CHAR}, #{fdsumsu,jdbcType=CHAR}, #{fdsumig,jdbcType=CHAR}, 
      #{ntodnme,jdbcType=CHAR}, #{ntodver,jdbcType=CHAR}, #{ntodrel,jdbcType=CHAR}, #{ictycty,jdbcType=CHAR}, 
      #{idsumch,jdbcType=CHAR}, #{iusrusr,jdbcType=CHAR}, #{nsubcsf,jdbcType=CHAR}, #{ndsucsc,jdbcType=VARCHAR}, 
      #{ndsuotp,jdbcType=CHAR}, #{ndsutfp,jdbcType=CHAR}, #{icuslef,jdbcType=CHAR}, #{fdsudbc,jdbcType=CHAR}
      )
  </insert>
  <insert id="insertSelective" parameterType="com.ibm.dk.alr.zscm.scrt.storing.mybatis.model.WLMDSU">
    insert into WLMDSU
    <trim prefix="(" suffix=")" suffixOverrides=",">
      <if test="idsurid != null">
        IDSURID,
      </if>
      <if test="fdsuste != null">
        FDSUSTE,
      </if>
      <if test="ndsuuid != null">
        NDSUUID,
      </if>
      <if test="ndsuiid != null">
        NDSUIID,
      </if>
      <if test="ndsusid != null">
        NDSUSID,
      </if>
      <if test="ndsucty != null">
        NDSUCTY,
      </if>
      <if test="ndsuaid != null">
        NDSUAID,
      </if>
      <if test="fdsueml != null">
        FDSUEML,
      </if>
      <if test="ddsusts != null">
        DDSUSTS,
      </if>
      <if test="ddsuuts != null">
        DDSUUTS,
      </if>
      <if test="ndsunme != null">
        NDSUNME,
      </if>
      <if test="ndsueml != null">
        NDSUEML,
      </if>
      <if test="ndsuphn != null">
        NDSUPHN,
      </if>
      <if test="ndsucnm != null">
        NDSUCNM,
      </if>
      <if test="icusleg != null">
        ICUSLEG,
      </if>
      <if test="ndsuhws != null">
        NDSUHWS,
      </if>
      <if test="ndsuhwt != null">
        NDSUHWT,
      </if>
      <if test="ndsuhwm != null">
        NDSUHWM,
      </if>
      <if test="ndsutov != null">
        NDSUTOV,
      </if>
      <if test="ndsutob != null">
        NDSUTOB,
      </if>
      <if test="ndsutod != null">
        NDSUTOD,
      </if>
      <if test="ndsuodc != null">
        NDSUODC,
      </if>
      <if test="ndsutrp != null">
        NDSUTRP,
      </if>
      <if test="ddsurps != null">
        DDSURPS,
      </if>
      <if test="ddsurpe != null">
        DDSURPE,
      </if>
      <if test="ndsutpc != null">
        NDSUTPC,
      </if>
      <if test="ndsutlp != null">
        NDSUTLP,
      </if>
      <if test="qdsuzmu != null">
        QDSUZMU,
      </if>
      <if test="qdsuzce != null">
        QDSUZCE,
      </if>
      <if test="qdsuzpe != null">
        QDSUZPE,
      </if>
      <if test="qdsuzme != null">
        QDSUZME,
      </if>
      <if test="ddsuaut != null">
        DDSUAUT,
      </if>
      <if test="ndsuauu != null">
        NDSUAUU,
      </if>
      <if test="ndsuaup != null">
        NDSUAUP,
      </if>
      <if test="fdsulat != null">
        FDSULAT,
      </if>
      <if test="fdsulow != null">
        FDSULOW,
      </if>
      <if test="fdsublv != null">
        FDSUBLV,
      </if>
      <if test="fdsufdr != null">
        FDSUFDR,
      </if>
      <if test="fdsuzos != null">
        FDSUZOS,
      </if>
      <if test="fdsuipl != null">
        FDSUIPL,
      </if>
      <if test="fdsumsu != null">
        FDSUMSU,
      </if>
      <if test="fdsumig != null">
        FDSUMIG,
      </if>
      <if test="ntodnme != null">
        NTODNME,
      </if>
      <if test="ntodver != null">
        NTODVER,
      </if>
      <if test="ntodrel != null">
        NTODREL,
      </if>
      <if test="ictycty != null">
        ICTYCTY,
      </if>
      <if test="idsumch != null">
        IDSUMCH,
      </if>
      <if test="iusrusr != null">
        IUSRUSR,
      </if>
      <if test="nsubcsf != null">
        NSUBCSF,
      </if>
      <if test="ndsucsc != null">
        NDSUCSC,
      </if>
      <if test="ndsuotp != null">
        NDSUOTP,
      </if>
      <if test="ndsutfp != null">
        NDSUTFP,
      </if>
      <if test="icuslef != null">
        ICUSLEF,
      </if>
      <if test="fdsudbc != null">
        FDSUDBC,
      </if>
    </trim>
    <trim prefix="values (" suffix=")" suffixOverrides=",">
      <if test="idsurid != null">
        #{idsurid,jdbcType=CHAR},
      </if>
      <if test="fdsuste != null">
        #{fdsuste,jdbcType=CHAR},
      </if>
      <if test="ndsuuid != null">
        #{ndsuuid,jdbcType=CHAR},
      </if>
      <if test="ndsuiid != null">
        #{ndsuiid,jdbcType=CHAR},
      </if>
      <if test="ndsusid != null">
        #{ndsusid,jdbcType=TIMESTAMP},
      </if>
      <if test="ndsucty != null">
        #{ndsucty,jdbcType=CHAR},
      </if>
      <if test="ndsuaid != null">
        #{ndsuaid,jdbcType=CHAR},
      </if>
      <if test="fdsueml != null">
        #{fdsueml,jdbcType=CHAR},
      </if>
      <if test="ddsusts != null">
        #{ddsusts,jdbcType=TIMESTAMP},
      </if>
      <if test="ddsuuts != null">
        #{ddsuuts,jdbcType=TIMESTAMP},
      </if>
      <if test="ndsunme != null">
        #{ndsunme,jdbcType=VARCHAR},
      </if>
      <if test="ndsueml != null">
        #{ndsueml,jdbcType=CHAR},
      </if>
      <if test="ndsuphn != null">
        #{ndsuphn,jdbcType=CHAR},
      </if>
      <if test="ndsucnm != null">
        #{ndsucnm,jdbcType=CHAR},
      </if>
      <if test="icusleg != null">
        #{icusleg,jdbcType=CHAR},
      </if>
      <if test="ndsuhws != null">
        #{ndsuhws,jdbcType=CHAR},
      </if>
      <if test="ndsuhwt != null">
        #{ndsuhwt,jdbcType=CHAR},
      </if>
      <if test="ndsuhwm != null">
        #{ndsuhwm,jdbcType=CHAR},
      </if>
      <if test="ndsutov != null">
        #{ndsutov,jdbcType=CHAR},
      </if>
      <if test="ndsutob != null">
        #{ndsutob,jdbcType=CHAR},
      </if>
      <if test="ndsutod != null">
        #{ndsutod,jdbcType=CHAR},
      </if>
      <if test="ndsuodc != null">
        #{ndsuodc,jdbcType=VARCHAR},
      </if>
      <if test="ndsutrp != null">
        #{ndsutrp,jdbcType=CHAR},
      </if>
      <if test="ddsurps != null">
        #{ddsurps,jdbcType=DATE},
      </if>
      <if test="ddsurpe != null">
        #{ddsurpe,jdbcType=DATE},
      </if>
      <if test="ndsutpc != null">
        #{ndsutpc,jdbcType=CHAR},
      </if>
      <if test="ndsutlp != null">
        #{ndsutlp,jdbcType=VARCHAR},
      </if>
      <if test="qdsuzmu != null">
        #{qdsuzmu,jdbcType=CHAR},
      </if>
      <if test="qdsuzce != null">
        #{qdsuzce,jdbcType=CHAR},
      </if>
      <if test="qdsuzpe != null">
        #{qdsuzpe,jdbcType=CHAR},
      </if>
      <if test="qdsuzme != null">
        #{qdsuzme,jdbcType=CHAR},
      </if>
      <if test="ddsuaut != null">
        #{ddsuaut,jdbcType=TIMESTAMP},
      </if>
      <if test="ndsuauu != null">
        #{ndsuauu,jdbcType=CHAR},
      </if>
      <if test="ndsuaup != null">
        #{ndsuaup,jdbcType=CHAR},
      </if>
      <if test="fdsulat != null">
        #{fdsulat,jdbcType=CHAR},
      </if>
      <if test="fdsulow != null">
        #{fdsulow,jdbcType=CHAR},
      </if>
      <if test="fdsublv != null">
        #{fdsublv,jdbcType=CHAR},
      </if>
      <if test="fdsufdr != null">
        #{fdsufdr,jdbcType=CHAR},
      </if>
      <if test="fdsuzos != null">
        #{fdsuzos,jdbcType=CHAR},
      </if>
      <if test="fdsuipl != null">
        #{fdsuipl,jdbcType=CHAR},
      </if>
      <if test="fdsumsu != null">
        #{fdsumsu,jdbcType=CHAR},
      </if>
      <if test="fdsumig != null">
        #{fdsumig,jdbcType=CHAR},
      </if>
      <if test="ntodnme != null">
        #{ntodnme,jdbcType=CHAR},
      </if>
      <if test="ntodver != null">
        #{ntodver,jdbcType=CHAR},
      </if>
      <if test="ntodrel != null">
        #{ntodrel,jdbcType=CHAR},
      </if>
      <if test="ictycty != null">
        #{ictycty,jdbcType=CHAR},
      </if>
      <if test="idsumch != null">
        #{idsumch,jdbcType=CHAR},
      </if>
      <if test="iusrusr != null">
        #{iusrusr,jdbcType=CHAR},
      </if>
      <if test="nsubcsf != null">
        #{nsubcsf,jdbcType=CHAR},
      </if>
      <if test="ndsucsc != null">
        #{ndsucsc,jdbcType=VARCHAR},
      </if>
      <if test="ndsuotp != null">
        #{ndsuotp,jdbcType=CHAR},
      </if>
      <if test="ndsutfp != null">
        #{ndsutfp,jdbcType=CHAR},
      </if>
      <if test="icuslef != null">
        #{icuslef,jdbcType=CHAR},
      </if>
      <if test="fdsudbc != null">
        #{fdsudbc,jdbcType=CHAR},
      </if>
    </trim>
  </insert>
  <update id="updateByPrimaryKeySelective" parameterType="com.ibm.dk.alr.zscm.scrt.storing.mybatis.model.WLMDSU">
    update WLMDSU
    <set>
      <if test="ndsuuid != null">
        NDSUUID = #{ndsuuid,jdbcType=CHAR},
      </if>
      <if test="ndsuiid != null">
        NDSUIID = #{ndsuiid,jdbcType=CHAR},
      </if>
      <if test="ndsusid != null">
        NDSUSID = #{ndsusid,jdbcType=TIMESTAMP},
      </if>
      <if test="ndsucty != null">
        NDSUCTY = #{ndsucty,jdbcType=CHAR},
      </if>
      <if test="ndsuaid != null">
        NDSUAID = #{ndsuaid,jdbcType=CHAR},
      </if>
      <if test="fdsueml != null">
        FDSUEML = #{fdsueml,jdbcType=CHAR},
      </if>
      <if test="ddsusts != null">
        DDSUSTS = #{ddsusts,jdbcType=TIMESTAMP},
      </if>
      <if test="ddsuuts != null">
        DDSUUTS = #{ddsuuts,jdbcType=TIMESTAMP},
      </if>
      <if test="ndsunme != null">
        NDSUNME = #{ndsunme,jdbcType=VARCHAR},
      </if>
      <if test="ndsueml != null">
        NDSUEML = #{ndsueml,jdbcType=CHAR},
      </if>
      <if test="ndsuphn != null">
        NDSUPHN = #{ndsuphn,jdbcType=CHAR},
      </if>
      <if test="ndsucnm != null">
        NDSUCNM = #{ndsucnm,jdbcType=CHAR},
      </if>
      <if test="icusleg != null">
        ICUSLEG = #{icusleg,jdbcType=CHAR},
      </if>
      <if test="ndsuhws != null">
        NDSUHWS = #{ndsuhws,jdbcType=CHAR},
      </if>
      <if test="ndsuhwt != null">
        NDSUHWT = #{ndsuhwt,jdbcType=CHAR},
      </if>
      <if test="ndsuhwm != null">
        NDSUHWM = #{ndsuhwm,jdbcType=CHAR},
      </if>
      <if test="ndsutov != null">
        NDSUTOV = #{ndsutov,jdbcType=CHAR},
      </if>
      <if test="ndsutob != null">
        NDSUTOB = #{ndsutob,jdbcType=CHAR},
      </if>
      <if test="ndsutod != null">
        NDSUTOD = #{ndsutod,jdbcType=CHAR},
      </if>
      <if test="ndsuodc != null">
        NDSUODC = #{ndsuodc,jdbcType=VARCHAR},
      </if>
      <if test="ndsutrp != null">
        NDSUTRP = #{ndsutrp,jdbcType=CHAR},
      </if>
      <if test="ddsurps != null">
        DDSURPS = #{ddsurps,jdbcType=DATE},
      </if>
      <if test="ddsurpe != null">
        DDSURPE = #{ddsurpe,jdbcType=DATE},
      </if>
      <if test="ndsutpc != null">
        NDSUTPC = #{ndsutpc,jdbcType=CHAR},
      </if>
      <if test="ndsutlp != null">
        NDSUTLP = #{ndsutlp,jdbcType=VARCHAR},
      </if>
      <if test="qdsuzmu != null">
        QDSUZMU = #{qdsuzmu,jdbcType=CHAR},
      </if>
      <if test="qdsuzce != null">
        QDSUZCE = #{qdsuzce,jdbcType=CHAR},
      </if>
      <if test="qdsuzpe != null">
        QDSUZPE = #{qdsuzpe,jdbcType=CHAR},
      </if>
      <if test="qdsuzme != null">
        QDSUZME = #{qdsuzme,jdbcType=CHAR},
      </if>
      <if test="ddsuaut != null">
        DDSUAUT = #{ddsuaut,jdbcType=TIMESTAMP},
      </if>
      <if test="ndsuauu != null">
        NDSUAUU = #{ndsuauu,jdbcType=CHAR},
      </if>
      <if test="ndsuaup != null">
        NDSUAUP = #{ndsuaup,jdbcType=CHAR},
      </if>
      <if test="fdsulat != null">
        FDSULAT = #{fdsulat,jdbcType=CHAR},
      </if>
      <if test="fdsulow != null">
        FDSULOW = #{fdsulow,jdbcType=CHAR},
      </if>
      <if test="fdsublv != null">
        FDSUBLV = #{fdsublv,jdbcType=CHAR},
      </if>
      <if test="fdsufdr != null">
        FDSUFDR = #{fdsufdr,jdbcType=CHAR},
      </if>
      <if test="fdsuzos != null">
        FDSUZOS = #{fdsuzos,jdbcType=CHAR},
      </if>
      <if test="fdsuipl != null">
        FDSUIPL = #{fdsuipl,jdbcType=CHAR},
      </if>
      <if test="fdsumsu != null">
        FDSUMSU = #{fdsumsu,jdbcType=CHAR},
      </if>
      <if test="fdsumig != null">
        FDSUMIG = #{fdsumig,jdbcType=CHAR},
      </if>
      <if test="ntodnme != null">
        NTODNME = #{ntodnme,jdbcType=CHAR},
      </if>
      <if test="ntodver != null">
        NTODVER = #{ntodver,jdbcType=CHAR},
      </if>
      <if test="ntodrel != null">
        NTODREL = #{ntodrel,jdbcType=CHAR},
      </if>
      <if test="ictycty != null">
        ICTYCTY = #{ictycty,jdbcType=CHAR},
      </if>
      <if test="idsumch != null">
        IDSUMCH = #{idsumch,jdbcType=CHAR},
      </if>
      <if test="iusrusr != null">
        IUSRUSR = #{iusrusr,jdbcType=CHAR},
      </if>
      <if test="nsubcsf != null">
        NSUBCSF = #{nsubcsf,jdbcType=CHAR},
      </if>
      <if test="ndsucsc != null">
        NDSUCSC = #{ndsucsc,jdbcType=VARCHAR},
      </if>
      <if test="ndsuotp != null">
        NDSUOTP = #{ndsuotp,jdbcType=CHAR},
      </if>
      <if test="ndsutfp != null">
        NDSUTFP = #{ndsutfp,jdbcType=CHAR},
      </if>
      <if test="icuslef != null">
        ICUSLEF = #{icuslef,jdbcType=CHAR},
      </if>
      <if test="fdsudbc != null">
        FDSUDBC = #{fdsudbc,jdbcType=CHAR},
      </if>
    </set>
    where IDSURID = #{idsurid,jdbcType=CHAR}
      and FDSUSTE = #{fdsuste,jdbcType=CHAR}
  </update>
  <update id="updateByPrimaryKey" parameterType="com.ibm.dk.alr.zscm.scrt.storing.mybatis.model.WLMDSU">
    update WLMDSU
    set NDSUUID = #{ndsuuid,jdbcType=CHAR},
      NDSUIID = #{ndsuiid,jdbcType=CHAR},
      NDSUSID = #{ndsusid,jdbcType=TIMESTAMP},
      NDSUCTY = #{ndsucty,jdbcType=CHAR},
      NDSUAID = #{ndsuaid,jdbcType=CHAR},
      FDSUEML = #{fdsueml,jdbcType=CHAR},
      DDSUSTS = #{ddsusts,jdbcType=TIMESTAMP},
      DDSUUTS = #{ddsuuts,jdbcType=TIMESTAMP},
      NDSUNME = #{ndsunme,jdbcType=VARCHAR},
      NDSUEML = #{ndsueml,jdbcType=CHAR},
      NDSUPHN = #{ndsuphn,jdbcType=CHAR},
      NDSUCNM = #{ndsucnm,jdbcType=CHAR},
      ICUSLEG = #{icusleg,jdbcType=CHAR},
      NDSUHWS = #{ndsuhws,jdbcType=CHAR},
      NDSUHWT = #{ndsuhwt,jdbcType=CHAR},
      NDSUHWM = #{ndsuhwm,jdbcType=CHAR},
      NDSUTOV = #{ndsutov,jdbcType=CHAR},
      NDSUTOB = #{ndsutob,jdbcType=CHAR},
      NDSUTOD = #{ndsutod,jdbcType=CHAR},
      NDSUODC = #{ndsuodc,jdbcType=VARCHAR},
      NDSUTRP = #{ndsutrp,jdbcType=CHAR},
      DDSURPS = #{ddsurps,jdbcType=DATE},
      DDSURPE = #{ddsurpe,jdbcType=DATE},
      NDSUTPC = #{ndsutpc,jdbcType=CHAR},
      NDSUTLP = #{ndsutlp,jdbcType=VARCHAR},
      QDSUZMU = #{qdsuzmu,jdbcType=CHAR},
      QDSUZCE = #{qdsuzce,jdbcType=CHAR},
      QDSUZPE = #{qdsuzpe,jdbcType=CHAR},
      QDSUZME = #{qdsuzme,jdbcType=CHAR},
      DDSUAUT = #{ddsuaut,jdbcType=TIMESTAMP},
      NDSUAUU = #{ndsuauu,jdbcType=CHAR},
      NDSUAUP = #{ndsuaup,jdbcType=CHAR},
      FDSULAT = #{fdsulat,jdbcType=CHAR},
      FDSULOW = #{fdsulow,jdbcType=CHAR},
      FDSUBLV = #{fdsublv,jdbcType=CHAR},
      FDSUFDR = #{fdsufdr,jdbcType=CHAR},
      FDSUZOS = #{fdsuzos,jdbcType=CHAR},
      FDSUIPL = #{fdsuipl,jdbcType=CHAR},
      FDSUMSU = #{fdsumsu,jdbcType=CHAR},
      FDSUMIG = #{fdsumig,jdbcType=CHAR},
      NTODNME = #{ntodnme,jdbcType=CHAR},
      NTODVER = #{ntodver,jdbcType=CHAR},
      NTODREL = #{ntodrel,jdbcType=CHAR},
      ICTYCTY = #{ictycty,jdbcType=CHAR},
      IDSUMCH = #{idsumch,jdbcType=CHAR},
      IUSRUSR = #{iusrusr,jdbcType=CHAR},
      NSUBCSF = #{nsubcsf,jdbcType=CHAR},
      NDSUCSC = #{ndsucsc,jdbcType=VARCHAR},
      NDSUOTP = #{ndsuotp,jdbcType=CHAR},
      NDSUTFP = #{ndsutfp,jdbcType=CHAR},
      ICUSLEF = #{icuslef,jdbcType=CHAR},
      FDSUDBC = #{fdsudbc,jdbcType=CHAR}
    where IDSURID = #{idsurid,jdbcType=CHAR}
      and FDSUSTE = #{fdsuste,jdbcType=CHAR}
  </update>
</mapper>