<?xml version="1.0" encoding="UTF-8"?>
<!DOCTYPE mapper PUBLIC "-//mybatis.org//DTD Mapper 3.0//EN" "http://mybatis.org/dtd/mybatis-3-mapper.dtd">
<mapper namespace="com.ibm.dk.alr.zscm.scrt.storing.mybatis.data.WLMDCSMapper">
  <resultMap id="BaseResultMap" type="com.ibm.dk.alr.zscm.scrt.storing.mybatis.model.WLMDCS">
    <result column="IDSURID" jdbcType="CHAR" property="idsurid" />
    <result column="LDCSFLE" jdbcType="VARCHAR" property="ldcsfle" />
    <result column="QDCSROW" jdbcType="INTEGER" property="qdcsrow" />
    <result column="DDCSAUT" jdbcType="TIMESTAMP" property="ddcsaut" />
    <result column="NDCSAUU" jdbcType="CHAR" property="ndcsauu" />
    <result column="NDCSAUP" jdbcType="CHAR" property="ndcsaup" />
    <result column="FDSUSTE" jdbcType="CHAR" property="fdsuste" />
  </resultMap>
  <sql id="Example_Where_Clause">
    <where>
      <foreach collection="oredCriteria" item="criteria" separator="or">
        <if test="criteria.valid">
          <trim prefix="(" prefixOverrides="and" suffix=")">
            <foreach collection="criteria.criteria" item="criterion">
              <choose>
                <when test="criterion.noValue">
                  and ${criterion.condition}
                </when>
                <when test="criterion.singleValue">
                  and ${criterion.condition} #{criterion.value}
                </when>
                <when test="criterion.betweenValue">
                  and ${criterion.condition} #{criterion.value} and #{criterion.secondValue}
                </when>
                <when test="criterion.listValue">
                  and ${criterion.condition}
                  <foreach close=")" collection="criterion.value" item="listItem" open="(" separator=",">
                    #{listItem}
                  </foreach>
                </when>
              </choose>
            </foreach>
          </trim>
        </if>
      </foreach>
    </where>
  </sql>
  <insert id="insert" parameterType="com.ibm.dk.alr.zscm.scrt.storing.mybatis.model.WLMDCS">
    insert into WLMDCS (IDSURID, LDCSFLE, QDCSROW, 
      DDCSAUT, NDCSAUU, NDCSAUP, 
      FDSUSTE)
    values (#{idsurid,jdbcType=CHAR}, #{ldcsfle,jdbcType=VARCHAR}, #{qdcsrow,jdbcType=INTEGER}, 
      #{ddcsaut,jdbcType=TIMESTAMP}, #{ndcsauu,jdbcType=CHAR}, #{ndcsaup,jdbcType=CHAR}, 
      #{fdsuste,jdbcType=CHAR})
  </insert>
  <insert id="insertSelective" parameterType="com.ibm.dk.alr.zscm.scrt.storing.mybatis.model.WLMDCS">
    insert into WLMDCS
    <trim prefix="(" suffix=")" suffixOverrides=",">
      <if test="idsurid != null">
        IDSURID,
      </if>
      <if test="ldcsfle != null">
        LDCSFLE,
      </if>
      <if test="qdcsrow != null">
        QDCSROW,
      </if>
      <if test="ddcsaut != null">
        DDCSAUT,
      </if>
      <if test="ndcsauu != null">
        NDCSAUU,
      </if>
      <if test="ndcsaup != null">
        NDCSAUP,
      </if>
      <if test="fdsuste != null">
        FDSUSTE,
      </if>
    </trim>
    <trim prefix="values (" suffix=")" suffixOverrides=",">
      <if test="idsurid != null">
        #{idsurid,jdbcType=CHAR},
      </if>
      <if test="ldcsfle != null">
        #{ldcsfle,jdbcType=VARCHAR},
      </if>
      <if test="qdcsrow != null">
        #{qdcsrow,jdbcType=INTEGER},
      </if>
      <if test="ddcsaut != null">
        #{ddcsaut,jdbcType=TIMESTAMP},
      </if>
      <if test="ndcsauu != null">
        #{ndcsauu,jdbcType=CHAR},
      </if>
      <if test="ndcsaup != null">
        #{ndcsaup,jdbcType=CHAR},
      </if>
      <if test="fdsuste != null">
        #{fdsuste,jdbcType=CHAR},
      </if>
    </trim>
  </insert>
  <select id="countByExample" parameterType="com.ibm.dk.alr.zscm.scrt.storing.mybatis.model.WLMDCSExample" resultType="java.lang.Long">
    select count(*) from WLMDCS
    <if test="_parameter != null">
      <include refid="Example_Where_Clause" />
    </if>
  </select>
</mapper>