<?xml version="1.0" encoding="UTF-8"?>
<!DOCTYPE mapper PUBLIC "-//mybatis.org//DTD Mapper 3.0//EN" "http://mybatis.org/dtd/mybatis-3-mapper.dtd">
<mapper namespace="com.ibm.dk.alr.zscm.scrt.storing.mybatis.data.WLMDSFMapper">
  <resultMap id="BaseResultMap" type="com.ibm.dk.alr.zscm.scrt.storing.mybatis.model.WLMDSF">
    <result column="IDSURID" jdbcType="CHAR" property="idsurid" />
    <result column="LDSFFLE" jdbcType="VARCHAR" property="ldsffle" />
    <result column="QDSFROW" jdbcType="INTEGER" property="qdsfrow" />
    <result column="DDSFAUT" jdbcType="TIMESTAMP" property="ddsfaut" />
    <result column="NDSFAUU" jdbcType="CHAR" property="ndsfauu" />
    <result column="NDSFAUP" jdbcType="CHAR" property="ndsfaup" />
    <result column="FDSUSTE" jdbcType="CHAR" property="fdsuste" />
  </resultMap>
  <insert id="insert" parameterType="com.ibm.dk.alr.zscm.scrt.storing.mybatis.model.WLMDSF">
    insert into WLMDSF (IDSURID, LDSFFLE, QDSFROW, 
      DDSFAUT, NDSFAUU, NDSFAUP, 
      FDSUSTE)
    values (#{idsurid,jdbcType=CHAR}, #{ldsffle,jdbcType=VARCHAR}, #{qdsfrow,jdbcType=INTEGER}, 
      #{ddsfaut,jdbcType=TIMESTAMP}, #{ndsfauu,jdbcType=CHAR}, #{ndsfaup,jdbcType=CHAR}, 
      #{fdsuste,jdbcType=CHAR})
  </insert>
  <insert id="insertSelective" parameterType="com.ibm.dk.alr.zscm.scrt.storing.mybatis.model.WLMDSF">
    insert into WLMDSF
    <trim prefix="(" suffix=")" suffixOverrides=",">
      <if test="idsurid != null">
        IDSURID,
      </if>
      <if test="ldsffle != null">
        LDSFFLE,
      </if>
      <if test="qdsfrow != null">
        QDSFROW,
      </if>
      <if test="ddsfaut != null">
        DDSFAUT,
      </if>
      <if test="ndsfauu != null">
        NDSFAUU,
      </if>
      <if test="ndsfaup != null">
        NDSFAUP,
      </if>
      <if test="fdsuste != null">
        FDSUSTE,
      </if>
    </trim>
    <trim prefix="values (" suffix=")" suffixOverrides=",">
      <if test="idsurid != null">
        #{idsurid,jdbcType=CHAR},
      </if>
      <if test="ldsffle != null">
        #{ldsffle,jdbcType=VARCHAR},
      </if>
      <if test="qdsfrow != null">
        #{qdsfrow,jdbcType=INTEGER},
      </if>
      <if test="ddsfaut != null">
        #{ddsfaut,jdbcType=TIMESTAMP},
      </if>
      <if test="ndsfauu != null">
        #{ndsfauu,jdbcType=CHAR},
      </if>
      <if test="ndsfaup != null">
        #{ndsfaup,jdbcType=CHAR},
      </if>
      <if test="fdsuste != null">
        #{fdsuste,jdbcType=CHAR},
      </if>
    </trim>
  </insert>
  <resultMap id="BaseResultMap" type="com.ibm.dk.alr.zscm.scrt.storing.mybatis.model.WLMDSF">
    <result column="IDSURID" jdbcType="CHAR" property="idsurid" />
    <result column="LDSFFLE" jdbcType="VARCHAR" property="ldsffle" />
    <result column="QDSFROW" jdbcType="INTEGER" property="qdsfrow" />
    <result column="DDSFAUT" jdbcType="TIMESTAMP" property="ddsfaut" />
    <result column="NDSFAUU" jdbcType="CHAR" property="ndsfauu" />
    <result column="NDSFAUP" jdbcType="CHAR" property="ndsfaup" />
    <result column="FDSUSTE" jdbcType="CHAR" property="fdsuste" />
  </resultMap>
  <insert id="insert" parameterType="com.ibm.dk.alr.zscm.scrt.storing.mybatis.model.WLMDSF">
    insert into WLMDSF (IDSURID, LDSFFLE, QDSFROW, 
      DDSFAUT, NDSFAUU, NDSFAUP, 
      FDSUSTE)
    values (#{idsurid,jdbcType=CHAR}, #{ldsffle,jdbcType=VARCHAR}, #{qdsfrow,jdbcType=INTEGER}, 
      #{ddsfaut,jdbcType=TIMESTAMP}, #{ndsfauu,jdbcType=CHAR}, #{ndsfaup,jdbcType=CHAR}, 
      #{fdsuste,jdbcType=CHAR})
  </insert>
  <insert id="insertSelective" parameterType="com.ibm.dk.alr.zscm.scrt.storing.mybatis.model.WLMDSF">
    insert into WLMDSF
    <trim prefix="(" suffix=")" suffixOverrides=",">
      <if test="idsurid != null">
        IDSURID,
      </if>
      <if test="ldsffle != null">
        LDSFFLE,
      </if>
      <if test="qdsfrow != null">
        QDSFROW,
      </if>
      <if test="ddsfaut != null">
        DDSFAUT,
      </if>
      <if test="ndsfauu != null">
        NDSFAUU,
      </if>
      <if test="ndsfaup != null">
        NDSFAUP,
      </if>
      <if test="fdsuste != null">
        FDSUSTE,
      </if>
    </trim>
    <trim prefix="values (" suffix=")" suffixOverrides=",">
      <if test="idsurid != null">
        #{idsurid,jdbcType=CHAR},
      </if>
      <if test="ldsffle != null">
        #{ldsffle,jdbcType=VARCHAR},
      </if>
      <if test="qdsfrow != null">
        #{qdsfrow,jdbcType=INTEGER},
      </if>
      <if test="ddsfaut != null">
        #{ddsfaut,jdbcType=TIMESTAMP},
      </if>
      <if test="ndsfauu != null">
        #{ndsfauu,jdbcType=CHAR},
      </if>
      <if test="ndsfaup != null">
        #{ndsfaup,jdbcType=CHAR},
      </if>
      <if test="fdsuste != null">
        #{fdsuste,jdbcType=CHAR},
      </if>
    </trim>
  </insert>
  <resultMap id="BaseResultMap" type="com.ibm.dk.alr.zscm.scrt.storing.mybatis.model.WLMDSF">
    <result column="IDSURID" jdbcType="CHAR" property="idsurid" />
    <result column="LDSFFLE" jdbcType="VARCHAR" property="ldsffle" />
    <result column="QDSFROW" jdbcType="INTEGER" property="qdsfrow" />
    <result column="DDSFAUT" jdbcType="TIMESTAMP" property="ddsfaut" />
    <result column="NDSFAUU" jdbcType="CHAR" property="ndsfauu" />
    <result column="NDSFAUP" jdbcType="CHAR" property="ndsfaup" />
    <result column="FDSUSTE" jdbcType="CHAR" property="fdsuste" />
  </resultMap>
  <insert id="insert" parameterType="com.ibm.dk.alr.zscm.scrt.storing.mybatis.model.WLMDSF">
    insert into WLMDSF (IDSURID, LDSFFLE, QDSFROW, 
      DDSFAUT, NDSFAUU, NDSFAUP, 
      FDSUSTE)
    values (#{idsurid,jdbcType=CHAR}, #{ldsffle,jdbcType=VARCHAR}, #{qdsfrow,jdbcType=INTEGER}, 
      #{ddsfaut,jdbcType=TIMESTAMP}, #{ndsfauu,jdbcType=CHAR}, #{ndsfaup,jdbcType=CHAR}, 
      #{fdsuste,jdbcType=CHAR})
  </insert>
  <insert id="insertSelective" parameterType="com.ibm.dk.alr.zscm.scrt.storing.mybatis.model.WLMDSF">
    insert into WLMDSF
    <trim prefix="(" suffix=")" suffixOverrides=",">
      <if test="idsurid != null">
        IDSURID,
      </if>
      <if test="ldsffle != null">
        LDSFFLE,
      </if>
      <if test="qdsfrow != null">
        QDSFROW,
      </if>
      <if test="ddsfaut != null">
        DDSFAUT,
      </if>
      <if test="ndsfauu != null">
        NDSFAUU,
      </if>
      <if test="ndsfaup != null">
        NDSFAUP,
      </if>
      <if test="fdsuste != null">
        FDSUSTE,
      </if>
    </trim>
    <trim prefix="values (" suffix=")" suffixOverrides=",">
      <if test="idsurid != null">
        #{idsurid,jdbcType=CHAR},
      </if>
      <if test="ldsffle != null">
        #{ldsffle,jdbcType=VARCHAR},
      </if>
      <if test="qdsfrow != null">
        #{qdsfrow,jdbcType=INTEGER},
      </if>
      <if test="ddsfaut != null">
        #{ddsfaut,jdbcType=TIMESTAMP},
      </if>
      <if test="ndsfauu != null">
        #{ndsfauu,jdbcType=CHAR},
      </if>
      <if test="ndsfaup != null">
        #{ndsfaup,jdbcType=CHAR},
      </if>
      <if test="fdsuste != null">
        #{fdsuste,jdbcType=CHAR},
      </if>
    </trim>
  </insert>
  <resultMap id="BaseResultMap" type="com.ibm.dk.alr.zscm.scrt.storing.mybatis.model.WLMDSF">
    <result column="IDSURID" jdbcType="CHAR" property="idsurid" />
    <result column="LDSFFLE" jdbcType="VARCHAR" property="ldsffle" />
    <result column="QDSFROW" jdbcType="INTEGER" property="qdsfrow" />
    <result column="DDSFAUT" jdbcType="TIMESTAMP" property="ddsfaut" />
    <result column="NDSFAUU" jdbcType="CHAR" property="ndsfauu" />
    <result column="NDSFAUP" jdbcType="CHAR" property="ndsfaup" />
    <result column="FDSUSTE" jdbcType="CHAR" property="fdsuste" />
  </resultMap>
  <insert id="insert" parameterType="com.ibm.dk.alr.zscm.scrt.storing.mybatis.model.WLMDSF">
    insert into WLMDSF (IDSURID, LDSFFLE, QDSFROW, 
      DDSFAUT, NDSFAUU, NDSFAUP, 
      FDSUSTE)
    values (#{idsurid,jdbcType=CHAR}, #{ldsffle,jdbcType=VARCHAR}, #{qdsfrow,jdbcType=INTEGER}, 
      #{ddsfaut,jdbcType=TIMESTAMP}, #{ndsfauu,jdbcType=CHAR}, #{ndsfaup,jdbcType=CHAR}, 
      #{fdsuste,jdbcType=CHAR})
  </insert>
  <insert id="insertSelective" parameterType="com.ibm.dk.alr.zscm.scrt.storing.mybatis.model.WLMDSF">
    insert into WLMDSF
    <trim prefix="(" suffix=")" suffixOverrides=",">
      <if test="idsurid != null">
        IDSURID,
      </if>
      <if test="ldsffle != null">
        LDSFFLE,
      </if>
      <if test="qdsfrow != null">
        QDSFROW,
      </if>
      <if test="ddsfaut != null">
        DDSFAUT,
      </if>
      <if test="ndsfauu != null">
        NDSFAUU,
      </if>
      <if test="ndsfaup != null">
        NDSFAUP,
      </if>
      <if test="fdsuste != null">
        FDSUSTE,
      </if>
    </trim>
    <trim prefix="values (" suffix=")" suffixOverrides=",">
      <if test="idsurid != null">
        #{idsurid,jdbcType=CHAR},
      </if>
      <if test="ldsffle != null">
        #{ldsffle,jdbcType=VARCHAR},
      </if>
      <if test="qdsfrow != null">
        #{qdsfrow,jdbcType=INTEGER},
      </if>
      <if test="ddsfaut != null">
        #{ddsfaut,jdbcType=TIMESTAMP},
      </if>
      <if test="ndsfauu != null">
        #{ndsfauu,jdbcType=CHAR},
      </if>
      <if test="ndsfaup != null">
        #{ndsfaup,jdbcType=CHAR},
      </if>
      <if test="fdsuste != null">
        #{fdsuste,jdbcType=CHAR},
      </if>
    </trim>
  </insert>
</mapper>