<?xml version="1.0" encoding="UTF-8"?>
<!DOCTYPE mapper PUBLIC "-//mybatis.org//DTD Mapper 3.0//EN" "http://mybatis.org/dtd/mybatis-3-mapper.dtd">
<mapper namespace="com.ibm.dk.alr.zscm.scrt.storing.mybatis.data.WLMHEXMapper">
  <resultMap id="BaseResultMap" type="com.ibm.dk.alr.zscm.scrt.storing.mybatis.model.WLMHEX">
    <id column="ISUBRID" jdbcType="CHAR" property="isubrid" />
    <id column="ISUBREP" jdbcType="INTEGER" property="isubrep" />
    <id column="IMETMET" jdbcType="CHAR" property="imetmet" />
    <id column="IMEDMED" jdbcType="CHAR" property="imedmed" />
    <id column="ITXTTID" jdbcType="CHAR" property="itxttid" />
    <result column="ILGCISO" jdbcType="CHAR" property="ilgciso" />
    <result column="ICTYISO" jdbcType="CHAR" property="ictyiso" />
    <result column="IAPPAPP" jdbcType="CHAR" property="iappapp" />
    <result column="ITTYTTY" jdbcType="CHAR" property="ittytty" />
    <result column="ICHSCHS" jdbcType="CHAR" property="ichschs" />
    <result column="CHEXTXT" jdbcType="VARCHAR" property="chextxt" />
    <result column="DHEXAUM" jdbcType="CHAR" property="dhexaum" />
    <result column="DHEXADM" jdbcType="TIMESTAMP" property="dhexadm" />
  </resultMap>
  <sql id="Base_Column_List">
    ISUBRID, ISUBREP, IMETMET, IMEDMED, ITXTTID, ILGCISO, ICTYISO, IAPPAPP, ITTYTTY, 
    ICHSCHS, CHEXTXT, DHEXAUM, DHEXADM
  </sql>
  <select id="selectByPrimaryKey" parameterType="com.ibm.dk.alr.zscm.scrt.storing.mybatis.model.WLMHEXKey" resultMap="BaseResultMap">
    select 
    <include refid="Base_Column_List" />
    from WLMHEX
    where ISUBRID = #{isubrid,jdbcType=CHAR}
      and ISUBREP = #{isubrep,jdbcType=INTEGER}
      and IMETMET = #{imetmet,jdbcType=CHAR}
      and IMEDMED = #{imedmed,jdbcType=CHAR}
      and ITXTTID = #{itxttid,jdbcType=CHAR}
  </select>
  <delete id="deleteByPrimaryKey" parameterType="com.ibm.dk.alr.zscm.scrt.storing.mybatis.model.WLMHEXKey">
    delete from WLMHEX
    where ISUBRID = #{isubrid,jdbcType=CHAR}
      and ISUBREP = #{isubrep,jdbcType=INTEGER}
      and IMETMET = #{imetmet,jdbcType=CHAR}
      and IMEDMED = #{imedmed,jdbcType=CHAR}
      and ITXTTID = #{itxttid,jdbcType=CHAR}
  </delete>
  <insert id="insert" parameterType="com.ibm.dk.alr.zscm.scrt.storing.mybatis.model.WLMHEX">
    insert into WLMHEX (ISUBRID, ISUBREP, IMETMET, 
      IMEDMED, ITXTTID, ILGCISO, ICTYISO, 
      IAPPAPP, ITTYTTY, ICHSCHS, CHEXTXT, 
      DHEXAUM, DHEXADM)
    values (#{isubrid,jdbcType=CHAR}, #{isubrep,jdbcType=INTEGER}, #{imetmet,jdbcType=CHAR}, 
      #{imedmed,jdbcType=CHAR}, #{itxttid,jdbcType=CHAR}, #{ilgciso,jdbcType=CHAR}, #{ictyiso,jdbcType=CHAR}, 
      #{iappapp,jdbcType=CHAR}, #{ittytty,jdbcType=CHAR}, #{ichschs,jdbcType=CHAR}, #{chextxt,jdbcType=VARCHAR}, 
      #{dhexaum,jdbcType=CHAR}, #{dhexadm,jdbcType=TIMESTAMP})
  </insert>
  <insert id="insertSelective" parameterType="com.ibm.dk.alr.zscm.scrt.storing.mybatis.model.WLMHEX">
    insert into WLMHEX
    <trim prefix="(" suffix=")" suffixOverrides=",">
      <if test="isubrid != null">
        ISUBRID,
      </if>
      <if test="isubrep != null">
        ISUBREP,
      </if>
      <if test="imetmet != null">
        IMETMET,
      </if>
      <if test="imedmed != null">
        IMEDMED,
      </if>
      <if test="itxttid != null">
        ITXTTID,
      </if>
      <if test="ilgciso != null">
        ILGCISO,
      </if>
      <if test="ictyiso != null">
        ICTYISO,
      </if>
      <if test="iappapp != null">
        IAPPAPP,
      </if>
      <if test="ittytty != null">
        ITTYTTY,
      </if>
      <if test="ichschs != null">
        ICHSCHS,
      </if>
      <if test="chextxt != null">
        CHEXTXT,
      </if>
      <if test="dhexaum != null">
        DHEXAUM,
      </if>
      <if test="dhexadm != null">
        DHEXADM,
      </if>
    </trim>
    <trim prefix="values (" suffix=")" suffixOverrides=",">
      <if test="isubrid != null">
        #{isubrid,jdbcType=CHAR},
      </if>
      <if test="isubrep != null">
        #{isubrep,jdbcType=INTEGER},
      </if>
      <if test="imetmet != null">
        #{imetmet,jdbcType=CHAR},
      </if>
      <if test="imedmed != null">
        #{imedmed,jdbcType=CHAR},
      </if>
      <if test="itxttid != null">
        #{itxttid,jdbcType=CHAR},
      </if>
      <if test="ilgciso != null">
        #{ilgciso,jdbcType=CHAR},
      </if>
      <if test="ictyiso != null">
        #{ictyiso,jdbcType=CHAR},
      </if>
      <if test="iappapp != null">
        #{iappapp,jdbcType=CHAR},
      </if>
      <if test="ittytty != null">
        #{ittytty,jdbcType=CHAR},
      </if>
      <if test="ichschs != null">
        #{ichschs,jdbcType=CHAR},
      </if>
      <if test="chextxt != null">
        #{chextxt,jdbcType=VARCHAR},
      </if>
      <if test="dhexaum != null">
        #{dhexaum,jdbcType=CHAR},
      </if>
      <if test="dhexadm != null">
        #{dhexadm,jdbcType=TIMESTAMP},
      </if>
    </trim>
  </insert>
  <update id="updateByPrimaryKeySelective" parameterType="com.ibm.dk.alr.zscm.scrt.storing.mybatis.model.WLMHEX">
    update WLMHEX
    <set>
      <if test="ilgciso != null">
        ILGCISO = #{ilgciso,jdbcType=CHAR},
      </if>
      <if test="ictyiso != null">
        ICTYISO = #{ictyiso,jdbcType=CHAR},
      </if>
      <if test="iappapp != null">
        IAPPAPP = #{iappapp,jdbcType=CHAR},
      </if>
      <if test="ittytty != null">
        ITTYTTY = #{ittytty,jdbcType=CHAR},
      </if>
      <if test="ichschs != null">
        ICHSCHS = #{ichschs,jdbcType=CHAR},
      </if>
      <if test="chextxt != null">
        CHEXTXT = #{chextxt,jdbcType=VARCHAR},
      </if>
      <if test="dhexaum != null">
        DHEXAUM = #{dhexaum,jdbcType=CHAR},
      </if>
      <if test="dhexadm != null">
        DHEXADM = #{dhexadm,jdbcType=TIMESTAMP},
      </if>
    </set>
    where ISUBRID = #{isubrid,jdbcType=CHAR}
      and ISUBREP = #{isubrep,jdbcType=INTEGER}
      and IMETMET = #{imetmet,jdbcType=CHAR}
      and IMEDMED = #{imedmed,jdbcType=CHAR}
      and ITXTTID = #{itxttid,jdbcType=CHAR}
  </update>
  <update id="updateByPrimaryKey" parameterType="com.ibm.dk.alr.zscm.scrt.storing.mybatis.model.WLMHEX">
    update WLMHEX
    set ILGCISO = #{ilgciso,jdbcType=CHAR},
      ICTYISO = #{ictyiso,jdbcType=CHAR},
      IAPPAPP = #{iappapp,jdbcType=CHAR},
      ITTYTTY = #{ittytty,jdbcType=CHAR},
      ICHSCHS = #{ichschs,jdbcType=CHAR},
      CHEXTXT = #{chextxt,jdbcType=VARCHAR},
      DHEXAUM = #{dhexaum,jdbcType=CHAR},
      DHEXADM = #{dhexadm,jdbcType=TIMESTAMP}
    where ISUBRID = #{isubrid,jdbcType=CHAR}
      and ISUBREP = #{isubrep,jdbcType=INTEGER}
      and IMETMET = #{imetmet,jdbcType=CHAR}
      and IMEDMED = #{imedmed,jdbcType=CHAR}
      and ITXTTID = #{itxttid,jdbcType=CHAR}
  </update>
  <resultMap id="BaseResultMap" type="com.ibm.dk.alr.zscm.scrt.storing.mybatis.model.WLMHEX">
    <id column="ISUBRID" jdbcType="CHAR" property="isubrid" />
    <id column="ISUBREP" jdbcType="INTEGER" property="isubrep" />
    <id column="IMETMET" jdbcType="CHAR" property="imetmet" />
    <id column="IMEDMED" jdbcType="CHAR" property="imedmed" />
    <id column="ITXTTID" jdbcType="CHAR" property="itxttid" />
    <result column="ILGCISO" jdbcType="CHAR" property="ilgciso" />
    <result column="ICTYISO" jdbcType="CHAR" property="ictyiso" />
    <result column="IAPPAPP" jdbcType="CHAR" property="iappapp" />
    <result column="ITTYTTY" jdbcType="CHAR" property="ittytty" />
    <result column="ICHSCHS" jdbcType="CHAR" property="ichschs" />
    <result column="CHEXTXT" jdbcType="VARCHAR" property="chextxt" />
    <result column="DHEXAUM" jdbcType="CHAR" property="dhexaum" />
    <result column="DHEXADM" jdbcType="TIMESTAMP" property="dhexadm" />
  </resultMap>
  <sql id="Base_Column_List">
    ISUBRID, ISUBREP, IMETMET, IMEDMED, ITXTTID, ILGCISO, ICTYISO, IAPPAPP, ITTYTTY, 
    ICHSCHS, CHEXTXT, DHEXAUM, DHEXADM
  </sql>
  <select id="selectByPrimaryKey" parameterType="com.ibm.dk.alr.zscm.scrt.storing.mybatis.model.WLMHEXKey" resultMap="BaseResultMap">
    select 
    <include refid="Base_Column_List" />
    from WLMHEX
    where ISUBRID = #{isubrid,jdbcType=CHAR}
      and ISUBREP = #{isubrep,jdbcType=INTEGER}
      and IMETMET = #{imetmet,jdbcType=CHAR}
      and IMEDMED = #{imedmed,jdbcType=CHAR}
      and ITXTTID = #{itxttid,jdbcType=CHAR}
  </select>
  <delete id="deleteByPrimaryKey" parameterType="com.ibm.dk.alr.zscm.scrt.storing.mybatis.model.WLMHEXKey">
    delete from WLMHEX
    where ISUBRID = #{isubrid,jdbcType=CHAR}
      and ISUBREP = #{isubrep,jdbcType=INTEGER}
      and IMETMET = #{imetmet,jdbcType=CHAR}
      and IMEDMED = #{imedmed,jdbcType=CHAR}
      and ITXTTID = #{itxttid,jdbcType=CHAR}
  </delete>
  <insert id="insert" parameterType="com.ibm.dk.alr.zscm.scrt.storing.mybatis.model.WLMHEX">
    insert into WLMHEX (ISUBRID, ISUBREP, IMETMET, 
      IMEDMED, ITXTTID, ILGCISO, ICTYISO, 
      IAPPAPP, ITTYTTY, ICHSCHS, CHEXTXT, 
      DHEXAUM, DHEXADM)
    values (#{isubrid,jdbcType=CHAR}, #{isubrep,jdbcType=INTEGER}, #{imetmet,jdbcType=CHAR}, 
      #{imedmed,jdbcType=CHAR}, #{itxttid,jdbcType=CHAR}, #{ilgciso,jdbcType=CHAR}, #{ictyiso,jdbcType=CHAR}, 
      #{iappapp,jdbcType=CHAR}, #{ittytty,jdbcType=CHAR}, #{ichschs,jdbcType=CHAR}, #{chextxt,jdbcType=VARCHAR}, 
      #{dhexaum,jdbcType=CHAR}, #{dhexadm,jdbcType=TIMESTAMP})
  </insert>
  <insert id="insertSelective" parameterType="com.ibm.dk.alr.zscm.scrt.storing.mybatis.model.WLMHEX">
    insert into WLMHEX
    <trim prefix="(" suffix=")" suffixOverrides=",">
      <if test="isubrid != null">
        ISUBRID,
      </if>
      <if test="isubrep != null">
        ISUBREP,
      </if>
      <if test="imetmet != null">
        IMETMET,
      </if>
      <if test="imedmed != null">
        IMEDMED,
      </if>
      <if test="itxttid != null">
        ITXTTID,
      </if>
      <if test="ilgciso != null">
        ILGCISO,
      </if>
      <if test="ictyiso != null">
        ICTYISO,
      </if>
      <if test="iappapp != null">
        IAPPAPP,
      </if>
      <if test="ittytty != null">
        ITTYTTY,
      </if>
      <if test="ichschs != null">
        ICHSCHS,
      </if>
      <if test="chextxt != null">
        CHEXTXT,
      </if>
      <if test="dhexaum != null">
        DHEXAUM,
      </if>
      <if test="dhexadm != null">
        DHEXADM,
      </if>
    </trim>
    <trim prefix="values (" suffix=")" suffixOverrides=",">
      <if test="isubrid != null">
        #{isubrid,jdbcType=CHAR},
      </if>
      <if test="isubrep != null">
        #{isubrep,jdbcType=INTEGER},
      </if>
      <if test="imetmet != null">
        #{imetmet,jdbcType=CHAR},
      </if>
      <if test="imedmed != null">
        #{imedmed,jdbcType=CHAR},
      </if>
      <if test="itxttid != null">
        #{itxttid,jdbcType=CHAR},
      </if>
      <if test="ilgciso != null">
        #{ilgciso,jdbcType=CHAR},
      </if>
      <if test="ictyiso != null">
        #{ictyiso,jdbcType=CHAR},
      </if>
      <if test="iappapp != null">
        #{iappapp,jdbcType=CHAR},
      </if>
      <if test="ittytty != null">
        #{ittytty,jdbcType=CHAR},
      </if>
      <if test="ichschs != null">
        #{ichschs,jdbcType=CHAR},
      </if>
      <if test="chextxt != null">
        #{chextxt,jdbcType=VARCHAR},
      </if>
      <if test="dhexaum != null">
        #{dhexaum,jdbcType=CHAR},
      </if>
      <if test="dhexadm != null">
        #{dhexadm,jdbcType=TIMESTAMP},
      </if>
    </trim>
  </insert>
  <update id="updateByPrimaryKeySelective" parameterType="com.ibm.dk.alr.zscm.scrt.storing.mybatis.model.WLMHEX">
    update WLMHEX
    <set>
      <if test="ilgciso != null">
        ILGCISO = #{ilgciso,jdbcType=CHAR},
      </if>
      <if test="ictyiso != null">
        ICTYISO = #{ictyiso,jdbcType=CHAR},
      </if>
      <if test="iappapp != null">
        IAPPAPP = #{iappapp,jdbcType=CHAR},
      </if>
      <if test="ittytty != null">
        ITTYTTY = #{ittytty,jdbcType=CHAR},
      </if>
      <if test="ichschs != null">
        ICHSCHS = #{ichschs,jdbcType=CHAR},
      </if>
      <if test="chextxt != null">
        CHEXTXT = #{chextxt,jdbcType=VARCHAR},
      </if>
      <if test="dhexaum != null">
        DHEXAUM = #{dhexaum,jdbcType=CHAR},
      </if>
      <if test="dhexadm != null">
        DHEXADM = #{dhexadm,jdbcType=TIMESTAMP},
      </if>
    </set>
    where ISUBRID = #{isubrid,jdbcType=CHAR}
      and ISUBREP = #{isubrep,jdbcType=INTEGER}
      and IMETMET = #{imetmet,jdbcType=CHAR}
      and IMEDMED = #{imedmed,jdbcType=CHAR}
      and ITXTTID = #{itxttid,jdbcType=CHAR}
  </update>
  <update id="updateByPrimaryKey" parameterType="com.ibm.dk.alr.zscm.scrt.storing.mybatis.model.WLMHEX">
    update WLMHEX
    set ILGCISO = #{ilgciso,jdbcType=CHAR},
      ICTYISO = #{ictyiso,jdbcType=CHAR},
      IAPPAPP = #{iappapp,jdbcType=CHAR},
      ITTYTTY = #{ittytty,jdbcType=CHAR},
      ICHSCHS = #{ichschs,jdbcType=CHAR},
      CHEXTXT = #{chextxt,jdbcType=VARCHAR},
      DHEXAUM = #{dhexaum,jdbcType=CHAR},
      DHEXADM = #{dhexadm,jdbcType=TIMESTAMP}
    where ISUBRID = #{isubrid,jdbcType=CHAR}
      and ISUBREP = #{isubrep,jdbcType=INTEGER}
      and IMETMET = #{imetmet,jdbcType=CHAR}
      and IMEDMED = #{imedmed,jdbcType=CHAR}
      and ITXTTID = #{itxttid,jdbcType=CHAR}
  </update>
  <resultMap id="BaseResultMap" type="com.ibm.dk.alr.zscm.scrt.storing.mybatis.model.WLMHEX">
    <id column="ISUBRID" jdbcType="CHAR" property="isubrid" />
    <id column="ISUBREP" jdbcType="INTEGER" property="isubrep" />
    <id column="IMETMET" jdbcType="CHAR" property="imetmet" />
    <id column="IMEDMED" jdbcType="CHAR" property="imedmed" />
    <id column="ITXTTID" jdbcType="CHAR" property="itxttid" />
    <result column="ILGCISO" jdbcType="CHAR" property="ilgciso" />
    <result column="ICTYISO" jdbcType="CHAR" property="ictyiso" />
    <result column="IAPPAPP" jdbcType="CHAR" property="iappapp" />
    <result column="ITTYTTY" jdbcType="CHAR" property="ittytty" />
    <result column="ICHSCHS" jdbcType="CHAR" property="ichschs" />
    <result column="CHEXTXT" jdbcType="VARCHAR" property="chextxt" />
    <result column="DHEXAUM" jdbcType="CHAR" property="dhexaum" />
    <result column="DHEXADM" jdbcType="TIMESTAMP" property="dhexadm" />
  </resultMap>
  <sql id="Base_Column_List">
    ISUBRID, ISUBREP, IMETMET, IMEDMED, ITXTTID, ILGCISO, ICTYISO, IAPPAPP, ITTYTTY, 
    ICHSCHS, CHEXTXT, DHEXAUM, DHEXADM
  </sql>
  <select id="selectByPrimaryKey" parameterType="com.ibm.dk.alr.zscm.scrt.storing.mybatis.model.WLMHEXKey" resultMap="BaseResultMap">
    select 
    <include refid="Base_Column_List" />
    from WLMHEX
    where ISUBRID = #{isubrid,jdbcType=CHAR}
      and ISUBREP = #{isubrep,jdbcType=INTEGER}
      and IMETMET = #{imetmet,jdbcType=CHAR}
      and IMEDMED = #{imedmed,jdbcType=CHAR}
      and ITXTTID = #{itxttid,jdbcType=CHAR}
  </select>
  <delete id="deleteByPrimaryKey" parameterType="com.ibm.dk.alr.zscm.scrt.storing.mybatis.model.WLMHEXKey">
    delete from WLMHEX
    where ISUBRID = #{isubrid,jdbcType=CHAR}
      and ISUBREP = #{isubrep,jdbcType=INTEGER}
      and IMETMET = #{imetmet,jdbcType=CHAR}
      and IMEDMED = #{imedmed,jdbcType=CHAR}
      and ITXTTID = #{itxttid,jdbcType=CHAR}
  </delete>
  <insert id="insert" parameterType="com.ibm.dk.alr.zscm.scrt.storing.mybatis.model.WLMHEX">
    insert into WLMHEX (ISUBRID, ISUBREP, IMETMET, 
      IMEDMED, ITXTTID, ILGCISO, ICTYISO, 
      IAPPAPP, ITTYTTY, ICHSCHS, CHEXTXT, 
      DHEXAUM, DHEXADM)
    values (#{isubrid,jdbcType=CHAR}, #{isubrep,jdbcType=INTEGER}, #{imetmet,jdbcType=CHAR}, 
      #{imedmed,jdbcType=CHAR}, #{itxttid,jdbcType=CHAR}, #{ilgciso,jdbcType=CHAR}, #{ictyiso,jdbcType=CHAR}, 
      #{iappapp,jdbcType=CHAR}, #{ittytty,jdbcType=CHAR}, #{ichschs,jdbcType=CHAR}, #{chextxt,jdbcType=VARCHAR}, 
      #{dhexaum,jdbcType=CHAR}, #{dhexadm,jdbcType=TIMESTAMP})
  </insert>
  <insert id="insertSelective" parameterType="com.ibm.dk.alr.zscm.scrt.storing.mybatis.model.WLMHEX">
    insert into WLMHEX
    <trim prefix="(" suffix=")" suffixOverrides=",">
      <if test="isubrid != null">
        ISUBRID,
      </if>
      <if test="isubrep != null">
        ISUBREP,
      </if>
      <if test="imetmet != null">
        IMETMET,
      </if>
      <if test="imedmed != null">
        IMEDMED,
      </if>
      <if test="itxttid != null">
        ITXTTID,
      </if>
      <if test="ilgciso != null">
        ILGCISO,
      </if>
      <if test="ictyiso != null">
        ICTYISO,
      </if>
      <if test="iappapp != null">
        IAPPAPP,
      </if>
      <if test="ittytty != null">
        ITTYTTY,
      </if>
      <if test="ichschs != null">
        ICHSCHS,
      </if>
      <if test="chextxt != null">
        CHEXTXT,
      </if>
      <if test="dhexaum != null">
        DHEXAUM,
      </if>
      <if test="dhexadm != null">
        DHEXADM,
      </if>
    </trim>
    <trim prefix="values (" suffix=")" suffixOverrides=",">
      <if test="isubrid != null">
        #{isubrid,jdbcType=CHAR},
      </if>
      <if test="isubrep != null">
        #{isubrep,jdbcType=INTEGER},
      </if>
      <if test="imetmet != null">
        #{imetmet,jdbcType=CHAR},
      </if>
      <if test="imedmed != null">
        #{imedmed,jdbcType=CHAR},
      </if>
      <if test="itxttid != null">
        #{itxttid,jdbcType=CHAR},
      </if>
      <if test="ilgciso != null">
        #{ilgciso,jdbcType=CHAR},
      </if>
      <if test="ictyiso != null">
        #{ictyiso,jdbcType=CHAR},
      </if>
      <if test="iappapp != null">
        #{iappapp,jdbcType=CHAR},
      </if>
      <if test="ittytty != null">
        #{ittytty,jdbcType=CHAR},
      </if>
      <if test="ichschs != null">
        #{ichschs,jdbcType=CHAR},
      </if>
      <if test="chextxt != null">
        #{chextxt,jdbcType=VARCHAR},
      </if>
      <if test="dhexaum != null">
        #{dhexaum,jdbcType=CHAR},
      </if>
      <if test="dhexadm != null">
        #{dhexadm,jdbcType=TIMESTAMP},
      </if>
    </trim>
  </insert>
  <update id="updateByPrimaryKeySelective" parameterType="com.ibm.dk.alr.zscm.scrt.storing.mybatis.model.WLMHEX">
    update WLMHEX
    <set>
      <if test="ilgciso != null">
        ILGCISO = #{ilgciso,jdbcType=CHAR},
      </if>
      <if test="ictyiso != null">
        ICTYISO = #{ictyiso,jdbcType=CHAR},
      </if>
      <if test="iappapp != null">
        IAPPAPP = #{iappapp,jdbcType=CHAR},
      </if>
      <if test="ittytty != null">
        ITTYTTY = #{ittytty,jdbcType=CHAR},
      </if>
      <if test="ichschs != null">
        ICHSCHS = #{ichschs,jdbcType=CHAR},
      </if>
      <if test="chextxt != null">
        CHEXTXT = #{chextxt,jdbcType=VARCHAR},
      </if>
      <if test="dhexaum != null">
        DHEXAUM = #{dhexaum,jdbcType=CHAR},
      </if>
      <if test="dhexadm != null">
        DHEXADM = #{dhexadm,jdbcType=TIMESTAMP},
      </if>
    </set>
    where ISUBRID = #{isubrid,jdbcType=CHAR}
      and ISUBREP = #{isubrep,jdbcType=INTEGER}
      and IMETMET = #{imetmet,jdbcType=CHAR}
      and IMEDMED = #{imedmed,jdbcType=CHAR}
      and ITXTTID = #{itxttid,jdbcType=CHAR}
  </update>
  <update id="updateByPrimaryKey" parameterType="com.ibm.dk.alr.zscm.scrt.storing.mybatis.model.WLMHEX">
    update WLMHEX
    set ILGCISO = #{ilgciso,jdbcType=CHAR},
      ICTYISO = #{ictyiso,jdbcType=CHAR},
      IAPPAPP = #{iappapp,jdbcType=CHAR},
      ITTYTTY = #{ittytty,jdbcType=CHAR},
      ICHSCHS = #{ichschs,jdbcType=CHAR},
      CHEXTXT = #{chextxt,jdbcType=VARCHAR},
      DHEXAUM = #{dhexaum,jdbcType=CHAR},
      DHEXADM = #{dhexadm,jdbcType=TIMESTAMP}
    where ISUBRID = #{isubrid,jdbcType=CHAR}
      and ISUBREP = #{isubrep,jdbcType=INTEGER}
      and IMETMET = #{imetmet,jdbcType=CHAR}
      and IMEDMED = #{imedmed,jdbcType=CHAR}
      and ITXTTID = #{itxttid,jdbcType=CHAR}
  </update>
</mapper>