<?xml version="1.0" encoding="UTF-8"?>
<!DOCTYPE mapper PUBLIC "-//mybatis.org//DTD Mapper 3.0//EN" "http://mybatis.org/dtd/mybatis-3-mapper.dtd">
<mapper namespace="com.ibm.dk.alr.zscm.scrt.storing.mybatis.data.WLMMCNMapper">
  <resultMap id="BaseResultMap" type="com.ibm.dk.alr.zscm.scrt.storing.mybatis.model.WLMMCN">
    <id column="IMCNDUM" jdbcType="CHAR" property="imcndum" />
    <id column="IMCNCUS" jdbcType="CHAR" property="imcncus" />
    <id column="IMCNCTY" jdbcType="CHAR" property="imcncty" />
    <result column="FMCNMAS" jdbcType="CHAR" property="fmcnmas" />
    <result column="DMCNAUT" jdbcType="TIMESTAMP" property="dmcnaut" />
    <result column="SMCNAUU" jdbcType="CHAR" property="smcnauu" />
    <result column="SMCNAUP" jdbcType="CHAR" property="smcnaup" />
  </resultMap>
  <sql id="Base_Column_List">
    IMCNDUM, IMCNCUS, IMCNCTY, FMCNMAS, DMCNAUT, SMCNAUU, SMCNAUP
  </sql>
  <select id="selectByPrimaryKey" parameterType="com.ibm.dk.alr.zscm.scrt.storing.mybatis.model.WLMMCNKey" resultMap="BaseResultMap">
    select 
    <include refid="Base_Column_List" />
    from WLMMCN
    where IMCNDUM = #{imcndum,jdbcType=CHAR}
      and IMCNCUS = #{imcncus,jdbcType=CHAR}
      and IMCNCTY = #{imcncty,jdbcType=CHAR}
  </select>
  <delete id="deleteByPrimaryKey" parameterType="com.ibm.dk.alr.zscm.scrt.storing.mybatis.model.WLMMCNKey">
    delete from WLMMCN
    where IMCNDUM = #{imcndum,jdbcType=CHAR}
      and IMCNCUS = #{imcncus,jdbcType=CHAR}
      and IMCNCTY = #{imcncty,jdbcType=CHAR}
  </delete>
  <insert id="insert" parameterType="com.ibm.dk.alr.zscm.scrt.storing.mybatis.model.WLMMCN">
    insert into WLMMCN (IMCNDUM, IMCNCUS, IMCNCTY, 
      FMCNMAS, DMCNAUT, SMCNAUU, 
      SMCNAUP)
    values (#{imcndum,jdbcType=CHAR}, #{imcncus,jdbcType=CHAR}, #{imcncty,jdbcType=CHAR}, 
      #{fmcnmas,jdbcType=CHAR}, #{dmcnaut,jdbcType=TIMESTAMP}, #{smcnauu,jdbcType=CHAR}, 
      #{smcnaup,jdbcType=CHAR})
  </insert>
  <insert id="insertSelective" parameterType="com.ibm.dk.alr.zscm.scrt.storing.mybatis.model.WLMMCN">
    insert into WLMMCN
    <trim prefix="(" suffix=")" suffixOverrides=",">
      <if test="imcndum != null">
        IMCNDUM,
      </if>
      <if test="imcncus != null">
        IMCNCUS,
      </if>
      <if test="imcncty != null">
        IMCNCTY,
      </if>
      <if test="fmcnmas != null">
        FMCNMAS,
      </if>
      <if test="dmcnaut != null">
        DMCNAUT,
      </if>
      <if test="smcnauu != null">
        SMCNAUU,
      </if>
      <if test="smcnaup != null">
        SMCNAUP,
      </if>
    </trim>
    <trim prefix="values (" suffix=")" suffixOverrides=",">
      <if test="imcndum != null">
        #{imcndum,jdbcType=CHAR},
      </if>
      <if test="imcncus != null">
        #{imcncus,jdbcType=CHAR},
      </if>
      <if test="imcncty != null">
        #{imcncty,jdbcType=CHAR},
      </if>
      <if test="fmcnmas != null">
        #{fmcnmas,jdbcType=CHAR},
      </if>
      <if test="dmcnaut != null">
        #{dmcnaut,jdbcType=TIMESTAMP},
      </if>
      <if test="smcnauu != null">
        #{smcnauu,jdbcType=CHAR},
      </if>
      <if test="smcnaup != null">
        #{smcnaup,jdbcType=CHAR},
      </if>
    </trim>
  </insert>
  <update id="updateByPrimaryKeySelective" parameterType="com.ibm.dk.alr.zscm.scrt.storing.mybatis.model.WLMMCN">
    update WLMMCN
    <set>
      <if test="fmcnmas != null">
        FMCNMAS = #{fmcnmas,jdbcType=CHAR},
      </if>
      <if test="dmcnaut != null">
        DMCNAUT = #{dmcnaut,jdbcType=TIMESTAMP},
      </if>
      <if test="smcnauu != null">
        SMCNAUU = #{smcnauu,jdbcType=CHAR},
      </if>
      <if test="smcnaup != null">
        SMCNAUP = #{smcnaup,jdbcType=CHAR},
      </if>
    </set>
    where IMCNDUM = #{imcndum,jdbcType=CHAR}
      and IMCNCUS = #{imcncus,jdbcType=CHAR}
      and IMCNCTY = #{imcncty,jdbcType=CHAR}
  </update>
  <update id="updateByPrimaryKey" parameterType="com.ibm.dk.alr.zscm.scrt.storing.mybatis.model.WLMMCN">
    update WLMMCN
    set FMCNMAS = #{fmcnmas,jdbcType=CHAR},
      DMCNAUT = #{dmcnaut,jdbcType=TIMESTAMP},
      SMCNAUU = #{smcnauu,jdbcType=CHAR},
      SMCNAUP = #{smcnaup,jdbcType=CHAR}
    where IMCNDUM = #{imcndum,jdbcType=CHAR}
      and IMCNCUS = #{imcncus,jdbcType=CHAR}
      and IMCNCTY = #{imcncty,jdbcType=CHAR}
  </update>
  <resultMap id="BaseResultMap" type="com.ibm.dk.alr.zscm.scrt.storing.mybatis.model.WLMMCN">
    <id column="IMCNDUM" jdbcType="CHAR" property="imcndum" />
    <id column="IMCNCUS" jdbcType="CHAR" property="imcncus" />
    <id column="IMCNCTY" jdbcType="CHAR" property="imcncty" />
    <result column="FMCNMAS" jdbcType="CHAR" property="fmcnmas" />
    <result column="DMCNAUT" jdbcType="TIMESTAMP" property="dmcnaut" />
    <result column="SMCNAUU" jdbcType="CHAR" property="smcnauu" />
    <result column="SMCNAUP" jdbcType="CHAR" property="smcnaup" />
  </resultMap>
  <sql id="Base_Column_List">
    IMCNDUM, IMCNCUS, IMCNCTY, FMCNMAS, DMCNAUT, SMCNAUU, SMCNAUP
  </sql>
  <select id="selectByPrimaryKey" parameterType="com.ibm.dk.alr.zscm.scrt.storing.mybatis.model.WLMMCNKey" resultMap="BaseResultMap">
    select 
    <include refid="Base_Column_List" />
    from WLMMCN
    where IMCNDUM = #{imcndum,jdbcType=CHAR}
      and IMCNCUS = #{imcncus,jdbcType=CHAR}
      and IMCNCTY = #{imcncty,jdbcType=CHAR}
  </select>
  <delete id="deleteByPrimaryKey" parameterType="com.ibm.dk.alr.zscm.scrt.storing.mybatis.model.WLMMCNKey">
    delete from WLMMCN
    where IMCNDUM = #{imcndum,jdbcType=CHAR}
      and IMCNCUS = #{imcncus,jdbcType=CHAR}
      and IMCNCTY = #{imcncty,jdbcType=CHAR}
  </delete>
  <insert id="insert" parameterType="com.ibm.dk.alr.zscm.scrt.storing.mybatis.model.WLMMCN">
    insert into WLMMCN (IMCNDUM, IMCNCUS, IMCNCTY, 
      FMCNMAS, DMCNAUT, SMCNAUU, 
      SMCNAUP)
    values (#{imcndum,jdbcType=CHAR}, #{imcncus,jdbcType=CHAR}, #{imcncty,jdbcType=CHAR}, 
      #{fmcnmas,jdbcType=CHAR}, #{dmcnaut,jdbcType=TIMESTAMP}, #{smcnauu,jdbcType=CHAR}, 
      #{smcnaup,jdbcType=CHAR})
  </insert>
  <insert id="insertSelective" parameterType="com.ibm.dk.alr.zscm.scrt.storing.mybatis.model.WLMMCN">
    insert into WLMMCN
    <trim prefix="(" suffix=")" suffixOverrides=",">
      <if test="imcndum != null">
        IMCNDUM,
      </if>
      <if test="imcncus != null">
        IMCNCUS,
      </if>
      <if test="imcncty != null">
        IMCNCTY,
      </if>
      <if test="fmcnmas != null">
        FMCNMAS,
      </if>
      <if test="dmcnaut != null">
        DMCNAUT,
      </if>
      <if test="smcnauu != null">
        SMCNAUU,
      </if>
      <if test="smcnaup != null">
        SMCNAUP,
      </if>
    </trim>
    <trim prefix="values (" suffix=")" suffixOverrides=",">
      <if test="imcndum != null">
        #{imcndum,jdbcType=CHAR},
      </if>
      <if test="imcncus != null">
        #{imcncus,jdbcType=CHAR},
      </if>
      <if test="imcncty != null">
        #{imcncty,jdbcType=CHAR},
      </if>
      <if test="fmcnmas != null">
        #{fmcnmas,jdbcType=CHAR},
      </if>
      <if test="dmcnaut != null">
        #{dmcnaut,jdbcType=TIMESTAMP},
      </if>
      <if test="smcnauu != null">
        #{smcnauu,jdbcType=CHAR},
      </if>
      <if test="smcnaup != null">
        #{smcnaup,jdbcType=CHAR},
      </if>
    </trim>
  </insert>
  <update id="updateByPrimaryKeySelective" parameterType="com.ibm.dk.alr.zscm.scrt.storing.mybatis.model.WLMMCN">
    update WLMMCN
    <set>
      <if test="fmcnmas != null">
        FMCNMAS = #{fmcnmas,jdbcType=CHAR},
      </if>
      <if test="dmcnaut != null">
        DMCNAUT = #{dmcnaut,jdbcType=TIMESTAMP},
      </if>
      <if test="smcnauu != null">
        SMCNAUU = #{smcnauu,jdbcType=CHAR},
      </if>
      <if test="smcnaup != null">
        SMCNAUP = #{smcnaup,jdbcType=CHAR},
      </if>
    </set>
    where IMCNDUM = #{imcndum,jdbcType=CHAR}
      and IMCNCUS = #{imcncus,jdbcType=CHAR}
      and IMCNCTY = #{imcncty,jdbcType=CHAR}
  </update>
  <update id="updateByPrimaryKey" parameterType="com.ibm.dk.alr.zscm.scrt.storing.mybatis.model.WLMMCN">
    update WLMMCN
    set FMCNMAS = #{fmcnmas,jdbcType=CHAR},
      DMCNAUT = #{dmcnaut,jdbcType=TIMESTAMP},
      SMCNAUU = #{smcnauu,jdbcType=CHAR},
      SMCNAUP = #{smcnaup,jdbcType=CHAR}
    where IMCNDUM = #{imcndum,jdbcType=CHAR}
      and IMCNCUS = #{imcncus,jdbcType=CHAR}
      and IMCNCTY = #{imcncty,jdbcType=CHAR}
  </update>
  <resultMap id="BaseResultMap" type="com.ibm.dk.alr.zscm.scrt.storing.mybatis.model.WLMMCN">
    <id column="IMCNDUM" jdbcType="CHAR" property="imcndum" />
    <id column="IMCNCUS" jdbcType="CHAR" property="imcncus" />
    <id column="IMCNCTY" jdbcType="CHAR" property="imcncty" />
    <result column="FMCNMAS" jdbcType="CHAR" property="fmcnmas" />
    <result column="DMCNAUT" jdbcType="TIMESTAMP" property="dmcnaut" />
    <result column="SMCNAUU" jdbcType="CHAR" property="smcnauu" />
    <result column="SMCNAUP" jdbcType="CHAR" property="smcnaup" />
  </resultMap>
  <sql id="Base_Column_List">
    IMCNDUM, IMCNCUS, IMCNCTY, FMCNMAS, DMCNAUT, SMCNAUU, SMCNAUP
  </sql>
  <select id="selectByPrimaryKey" parameterType="com.ibm.dk.alr.zscm.scrt.storing.mybatis.model.WLMMCNKey" resultMap="BaseResultMap">
    select 
    <include refid="Base_Column_List" />
    from WLMMCN
    where IMCNDUM = #{imcndum,jdbcType=CHAR}
      and IMCNCUS = #{imcncus,jdbcType=CHAR}
      and IMCNCTY = #{imcncty,jdbcType=CHAR}
  </select>
  <delete id="deleteByPrimaryKey" parameterType="com.ibm.dk.alr.zscm.scrt.storing.mybatis.model.WLMMCNKey">
    delete from WLMMCN
    where IMCNDUM = #{imcndum,jdbcType=CHAR}
      and IMCNCUS = #{imcncus,jdbcType=CHAR}
      and IMCNCTY = #{imcncty,jdbcType=CHAR}
  </delete>
  <insert id="insert" parameterType="com.ibm.dk.alr.zscm.scrt.storing.mybatis.model.WLMMCN">
    insert into WLMMCN (IMCNDUM, IMCNCUS, IMCNCTY, 
      FMCNMAS, DMCNAUT, SMCNAUU, 
      SMCNAUP)
    values (#{imcndum,jdbcType=CHAR}, #{imcncus,jdbcType=CHAR}, #{imcncty,jdbcType=CHAR}, 
      #{fmcnmas,jdbcType=CHAR}, #{dmcnaut,jdbcType=TIMESTAMP}, #{smcnauu,jdbcType=CHAR}, 
      #{smcnaup,jdbcType=CHAR})
  </insert>
  <insert id="insertSelective" parameterType="com.ibm.dk.alr.zscm.scrt.storing.mybatis.model.WLMMCN">
    insert into WLMMCN
    <trim prefix="(" suffix=")" suffixOverrides=",">
      <if test="imcndum != null">
        IMCNDUM,
      </if>
      <if test="imcncus != null">
        IMCNCUS,
      </if>
      <if test="imcncty != null">
        IMCNCTY,
      </if>
      <if test="fmcnmas != null">
        FMCNMAS,
      </if>
      <if test="dmcnaut != null">
        DMCNAUT,
      </if>
      <if test="smcnauu != null">
        SMCNAUU,
      </if>
      <if test="smcnaup != null">
        SMCNAUP,
      </if>
    </trim>
    <trim prefix="values (" suffix=")" suffixOverrides=",">
      <if test="imcndum != null">
        #{imcndum,jdbcType=CHAR},
      </if>
      <if test="imcncus != null">
        #{imcncus,jdbcType=CHAR},
      </if>
      <if test="imcncty != null">
        #{imcncty,jdbcType=CHAR},
      </if>
      <if test="fmcnmas != null">
        #{fmcnmas,jdbcType=CHAR},
      </if>
      <if test="dmcnaut != null">
        #{dmcnaut,jdbcType=TIMESTAMP},
      </if>
      <if test="smcnauu != null">
        #{smcnauu,jdbcType=CHAR},
      </if>
      <if test="smcnaup != null">
        #{smcnaup,jdbcType=CHAR},
      </if>
    </trim>
  </insert>
  <update id="updateByPrimaryKeySelective" parameterType="com.ibm.dk.alr.zscm.scrt.storing.mybatis.model.WLMMCN">
    update WLMMCN
    <set>
      <if test="fmcnmas != null">
        FMCNMAS = #{fmcnmas,jdbcType=CHAR},
      </if>
      <if test="dmcnaut != null">
        DMCNAUT = #{dmcnaut,jdbcType=TIMESTAMP},
      </if>
      <if test="smcnauu != null">
        SMCNAUU = #{smcnauu,jdbcType=CHAR},
      </if>
      <if test="smcnaup != null">
        SMCNAUP = #{smcnaup,jdbcType=CHAR},
      </if>
    </set>
    where IMCNDUM = #{imcndum,jdbcType=CHAR}
      and IMCNCUS = #{imcncus,jdbcType=CHAR}
      and IMCNCTY = #{imcncty,jdbcType=CHAR}
  </update>
  <update id="updateByPrimaryKey" parameterType="com.ibm.dk.alr.zscm.scrt.storing.mybatis.model.WLMMCN">
    update WLMMCN
    set FMCNMAS = #{fmcnmas,jdbcType=CHAR},
      DMCNAUT = #{dmcnaut,jdbcType=TIMESTAMP},
      SMCNAUU = #{smcnauu,jdbcType=CHAR},
      SMCNAUP = #{smcnaup,jdbcType=CHAR}
    where IMCNDUM = #{imcndum,jdbcType=CHAR}
      and IMCNCUS = #{imcncus,jdbcType=CHAR}
      and IMCNCTY = #{imcncty,jdbcType=CHAR}
  </update>
  <resultMap id="BaseResultMap" type="com.ibm.dk.alr.zscm.scrt.storing.mybatis.model.WLMMCN">
    <id column="IMCNDUM" jdbcType="CHAR" property="imcndum" />
    <id column="IMCNCUS" jdbcType="CHAR" property="imcncus" />
    <id column="IMCNCTY" jdbcType="CHAR" property="imcncty" />
    <result column="FMCNMAS" jdbcType="CHAR" property="fmcnmas" />
    <result column="DMCNAUT" jdbcType="TIMESTAMP" property="dmcnaut" />
    <result column="SMCNAUU" jdbcType="CHAR" property="smcnauu" />
    <result column="SMCNAUP" jdbcType="CHAR" property="smcnaup" />
  </resultMap>
  <sql id="Base_Column_List">
    IMCNDUM, IMCNCUS, IMCNCTY, FMCNMAS, DMCNAUT, SMCNAUU, SMCNAUP
  </sql>
  <select id="selectByPrimaryKey" parameterType="com.ibm.dk.alr.zscm.scrt.storing.mybatis.model.WLMMCNKey" resultMap="BaseResultMap">
    select 
    <include refid="Base_Column_List" />
    from WLMMCN
    where IMCNDUM = #{imcndum,jdbcType=CHAR}
      and IMCNCUS = #{imcncus,jdbcType=CHAR}
      and IMCNCTY = #{imcncty,jdbcType=CHAR}
  </select>
  <delete id="deleteByPrimaryKey" parameterType="com.ibm.dk.alr.zscm.scrt.storing.mybatis.model.WLMMCNKey">
    delete from WLMMCN
    where IMCNDUM = #{imcndum,jdbcType=CHAR}
      and IMCNCUS = #{imcncus,jdbcType=CHAR}
      and IMCNCTY = #{imcncty,jdbcType=CHAR}
  </delete>
  <insert id="insert" parameterType="com.ibm.dk.alr.zscm.scrt.storing.mybatis.model.WLMMCN">
    insert into WLMMCN (IMCNDUM, IMCNCUS, IMCNCTY, 
      FMCNMAS, DMCNAUT, SMCNAUU, 
      SMCNAUP)
    values (#{imcndum,jdbcType=CHAR}, #{imcncus,jdbcType=CHAR}, #{imcncty,jdbcType=CHAR}, 
      #{fmcnmas,jdbcType=CHAR}, #{dmcnaut,jdbcType=TIMESTAMP}, #{smcnauu,jdbcType=CHAR}, 
      #{smcnaup,jdbcType=CHAR})
  </insert>
  <insert id="insertSelective" parameterType="com.ibm.dk.alr.zscm.scrt.storing.mybatis.model.WLMMCN">
    insert into WLMMCN
    <trim prefix="(" suffix=")" suffixOverrides=",">
      <if test="imcndum != null">
        IMCNDUM,
      </if>
      <if test="imcncus != null">
        IMCNCUS,
      </if>
      <if test="imcncty != null">
        IMCNCTY,
      </if>
      <if test="fmcnmas != null">
        FMCNMAS,
      </if>
      <if test="dmcnaut != null">
        DMCNAUT,
      </if>
      <if test="smcnauu != null">
        SMCNAUU,
      </if>
      <if test="smcnaup != null">
        SMCNAUP,
      </if>
    </trim>
    <trim prefix="values (" suffix=")" suffixOverrides=",">
      <if test="imcndum != null">
        #{imcndum,jdbcType=CHAR},
      </if>
      <if test="imcncus != null">
        #{imcncus,jdbcType=CHAR},
      </if>
      <if test="imcncty != null">
        #{imcncty,jdbcType=CHAR},
      </if>
      <if test="fmcnmas != null">
        #{fmcnmas,jdbcType=CHAR},
      </if>
      <if test="dmcnaut != null">
        #{dmcnaut,jdbcType=TIMESTAMP},
      </if>
      <if test="smcnauu != null">
        #{smcnauu,jdbcType=CHAR},
      </if>
      <if test="smcnaup != null">
        #{smcnaup,jdbcType=CHAR},
      </if>
    </trim>
  </insert>
  <update id="updateByPrimaryKeySelective" parameterType="com.ibm.dk.alr.zscm.scrt.storing.mybatis.model.WLMMCN">
    update WLMMCN
    <set>
      <if test="fmcnmas != null">
        FMCNMAS = #{fmcnmas,jdbcType=CHAR},
      </if>
      <if test="dmcnaut != null">
        DMCNAUT = #{dmcnaut,jdbcType=TIMESTAMP},
      </if>
      <if test="smcnauu != null">
        SMCNAUU = #{smcnauu,jdbcType=CHAR},
      </if>
      <if test="smcnaup != null">
        SMCNAUP = #{smcnaup,jdbcType=CHAR},
      </if>
    </set>
    where IMCNDUM = #{imcndum,jdbcType=CHAR}
      and IMCNCUS = #{imcncus,jdbcType=CHAR}
      and IMCNCTY = #{imcncty,jdbcType=CHAR}
  </update>
  <update id="updateByPrimaryKey" parameterType="com.ibm.dk.alr.zscm.scrt.storing.mybatis.model.WLMMCN">
    update WLMMCN
    set FMCNMAS = #{fmcnmas,jdbcType=CHAR},
      DMCNAUT = #{dmcnaut,jdbcType=TIMESTAMP},
      SMCNAUU = #{smcnauu,jdbcType=CHAR},
      SMCNAUP = #{smcnaup,jdbcType=CHAR}
    where IMCNDUM = #{imcndum,jdbcType=CHAR}
      and IMCNCUS = #{imcncus,jdbcType=CHAR}
      and IMCNCTY = #{imcncty,jdbcType=CHAR}
  </update>
  <resultMap id="BaseResultMap" type="com.ibm.dk.alr.zscm.scrt.storing.mybatis.model.WLMMCN">
    <id column="IMCNDUM" jdbcType="CHAR" property="imcndum" />
    <id column="IMCNCUS" jdbcType="CHAR" property="imcncus" />
    <id column="IMCNCTY" jdbcType="CHAR" property="imcncty" />
    <result column="FMCNMAS" jdbcType="CHAR" property="fmcnmas" />
    <result column="DMCNAUT" jdbcType="TIMESTAMP" property="dmcnaut" />
    <result column="SMCNAUU" jdbcType="CHAR" property="smcnauu" />
    <result column="SMCNAUP" jdbcType="CHAR" property="smcnaup" />
  </resultMap>
  <sql id="Base_Column_List">
    IMCNDUM, IMCNCUS, IMCNCTY, FMCNMAS, DMCNAUT, SMCNAUU, SMCNAUP
  </sql>
  <select id="selectByPrimaryKey" parameterType="com.ibm.dk.alr.zscm.scrt.storing.mybatis.model.WLMMCNKey" resultMap="BaseResultMap">
    select 
    <include refid="Base_Column_List" />
    from WLMMCN
    where IMCNDUM = #{imcndum,jdbcType=CHAR}
      and IMCNCUS = #{imcncus,jdbcType=CHAR}
      and IMCNCTY = #{imcncty,jdbcType=CHAR}
  </select>
  <delete id="deleteByPrimaryKey" parameterType="com.ibm.dk.alr.zscm.scrt.storing.mybatis.model.WLMMCNKey">
    delete from WLMMCN
    where IMCNDUM = #{imcndum,jdbcType=CHAR}
      and IMCNCUS = #{imcncus,jdbcType=CHAR}
      and IMCNCTY = #{imcncty,jdbcType=CHAR}
  </delete>
  <insert id="insert" parameterType="com.ibm.dk.alr.zscm.scrt.storing.mybatis.model.WLMMCN">
    insert into WLMMCN (IMCNDUM, IMCNCUS, IMCNCTY, 
      FMCNMAS, DMCNAUT, SMCNAUU, 
      SMCNAUP)
    values (#{imcndum,jdbcType=CHAR}, #{imcncus,jdbcType=CHAR}, #{imcncty,jdbcType=CHAR}, 
      #{fmcnmas,jdbcType=CHAR}, #{dmcnaut,jdbcType=TIMESTAMP}, #{smcnauu,jdbcType=CHAR}, 
      #{smcnaup,jdbcType=CHAR})
  </insert>
  <insert id="insertSelective" parameterType="com.ibm.dk.alr.zscm.scrt.storing.mybatis.model.WLMMCN">
    insert into WLMMCN
    <trim prefix="(" suffix=")" suffixOverrides=",">
      <if test="imcndum != null">
        IMCNDUM,
      </if>
      <if test="imcncus != null">
        IMCNCUS,
      </if>
      <if test="imcncty != null">
        IMCNCTY,
      </if>
      <if test="fmcnmas != null">
        FMCNMAS,
      </if>
      <if test="dmcnaut != null">
        DMCNAUT,
      </if>
      <if test="smcnauu != null">
        SMCNAUU,
      </if>
      <if test="smcnaup != null">
        SMCNAUP,
      </if>
    </trim>
    <trim prefix="values (" suffix=")" suffixOverrides=",">
      <if test="imcndum != null">
        #{imcndum,jdbcType=CHAR},
      </if>
      <if test="imcncus != null">
        #{imcncus,jdbcType=CHAR},
      </if>
      <if test="imcncty != null">
        #{imcncty,jdbcType=CHAR},
      </if>
      <if test="fmcnmas != null">
        #{fmcnmas,jdbcType=CHAR},
      </if>
      <if test="dmcnaut != null">
        #{dmcnaut,jdbcType=TIMESTAMP},
      </if>
      <if test="smcnauu != null">
        #{smcnauu,jdbcType=CHAR},
      </if>
      <if test="smcnaup != null">
        #{smcnaup,jdbcType=CHAR},
      </if>
    </trim>
  </insert>
  <update id="updateByPrimaryKeySelective" parameterType="com.ibm.dk.alr.zscm.scrt.storing.mybatis.model.WLMMCN">
    update WLMMCN
    <set>
      <if test="fmcnmas != null">
        FMCNMAS = #{fmcnmas,jdbcType=CHAR},
      </if>
      <if test="dmcnaut != null">
        DMCNAUT = #{dmcnaut,jdbcType=TIMESTAMP},
      </if>
      <if test="smcnauu != null">
        SMCNAUU = #{smcnauu,jdbcType=CHAR},
      </if>
      <if test="smcnaup != null">
        SMCNAUP = #{smcnaup,jdbcType=CHAR},
      </if>
    </set>
    where IMCNDUM = #{imcndum,jdbcType=CHAR}
      and IMCNCUS = #{imcncus,jdbcType=CHAR}
      and IMCNCTY = #{imcncty,jdbcType=CHAR}
  </update>
  <update id="updateByPrimaryKey" parameterType="com.ibm.dk.alr.zscm.scrt.storing.mybatis.model.WLMMCN">
    update WLMMCN
    set FMCNMAS = #{fmcnmas,jdbcType=CHAR},
      DMCNAUT = #{dmcnaut,jdbcType=TIMESTAMP},
      SMCNAUU = #{smcnauu,jdbcType=CHAR},
      SMCNAUP = #{smcnaup,jdbcType=CHAR}
    where IMCNDUM = #{imcndum,jdbcType=CHAR}
      and IMCNCUS = #{imcncus,jdbcType=CHAR}
      and IMCNCTY = #{imcncty,jdbcType=CHAR}
  </update>
</mapper>