<?xml version="1.0" encoding="UTF-8"?>
<!DOCTYPE mapper PUBLIC "-//mybatis.org//DTD Mapper 3.0//EN" "http://mybatis.org/dtd/mybatis-3-mapper.dtd">
<mapper namespace="com.ibm.dk.alr.zscm.scrt.storing.mybatis.data.WLMMZFMapper">
  <resultMap id="BaseResultMap" type="com.ibm.dk.alr.zscm.scrt.storing.mybatis.model.WLMMZF">
    <id column="ISUBRID" jdbcType="CHAR" property="isubrid" />
    <id column="ISUBREP" jdbcType="INTEGER" property="isubrep" />
    <result column="DMZFAUT" jdbcType="TIMESTAMP" property="dmzfaut" />
    <result column="NMZFAUU" jdbcType="CHAR" property="nmzfauu" />
    <result column="NMZFAUP" jdbcType="CHAR" property="nmzfaup" />
    <result column="DB2_GENERATED_ROWID_FOR_LOBS" jdbcType="OTHER" property="db2GeneratedRowidForLobs" />
  </resultMap>
  <resultMap extends="BaseResultMap" id="ResultMapWithBLOBs" type="com.ibm.dk.alr.zscm.scrt.storing.mybatis.model.WLMMZF">
    <result column="BMZFFLE" jdbcType="BLOB" property="bmzffle" />
  </resultMap>
  <sql id="Base_Column_List">
    ISUBRID, ISUBREP, DMZFAUT, NMZFAUU, NMZFAUP, DB2_GENERATED_ROWID_FOR_LOBS
  </sql>
  <sql id="Blob_Column_List">
    BMZFFLE
  </sql>
  <select id="selectByPrimaryKey" parameterType="com.ibm.dk.alr.zscm.scrt.storing.mybatis.model.WLMMZFKey" resultMap="ResultMapWithBLOBs">
    select 
    <include refid="Base_Column_List" />
    ,
    <include refid="Blob_Column_List" />
    from WLMMZF
    where ISUBRID = #{isubrid,jdbcType=CHAR}
      and ISUBREP = #{isubrep,jdbcType=INTEGER}
  </select>
  <delete id="deleteByPrimaryKey" parameterType="com.ibm.dk.alr.zscm.scrt.storing.mybatis.model.WLMMZFKey">
    delete from WLMMZF
    where ISUBRID = #{isubrid,jdbcType=CHAR}
      and ISUBREP = #{isubrep,jdbcType=INTEGER}
  </delete>
  <insert id="insert" parameterType="com.ibm.dk.alr.zscm.scrt.storing.mybatis.model.WLMMZF">
    insert into WLMMZF (ISUBRID, ISUBREP, DMZFAUT, 
      NMZFAUU, NMZFAUP, DB2_GENERATED_ROWID_FOR_LOBS, 
      BMZFFLE)
    values (#{isubrid,jdbcType=CHAR}, #{isubrep,jdbcType=INTEGER}, #{dmzfaut,jdbcType=TIMESTAMP}, 
      #{nmzfauu,jdbcType=CHAR}, #{nmzfaup,jdbcType=CHAR}, #{db2GeneratedRowidForLobs,jdbcType=OTHER}, 
      #{bmzffle,jdbcType=BLOB})
  </insert>
  <insert id="insertSelective" parameterType="com.ibm.dk.alr.zscm.scrt.storing.mybatis.model.WLMMZF">
    insert into WLMMZF
    <trim prefix="(" suffix=")" suffixOverrides=",">
      <if test="isubrid != null">
        ISUBRID,
      </if>
      <if test="isubrep != null">
        ISUBREP,
      </if>
      <if test="dmzfaut != null">
        DMZFAUT,
      </if>
      <if test="nmzfauu != null">
        NMZFAUU,
      </if>
      <if test="nmzfaup != null">
        NMZFAUP,
      </if>
      <if test="db2GeneratedRowidForLobs != null">
        DB2_GENERATED_ROWID_FOR_LOBS,
      </if>
      <if test="bmzffle != null">
        BMZFFLE,
      </if>
    </trim>
    <trim prefix="values (" suffix=")" suffixOverrides=",">
      <if test="isubrid != null">
        #{isubrid,jdbcType=CHAR},
      </if>
      <if test="isubrep != null">
        #{isubrep,jdbcType=INTEGER},
      </if>
      <if test="dmzfaut != null">
        #{dmzfaut,jdbcType=TIMESTAMP},
      </if>
      <if test="nmzfauu != null">
        #{nmzfauu,jdbcType=CHAR},
      </if>
      <if test="nmzfaup != null">
        #{nmzfaup,jdbcType=CHAR},
      </if>
      <if test="db2GeneratedRowidForLobs != null">
        #{db2GeneratedRowidForLobs,jdbcType=OTHER},
      </if>
      <if test="bmzffle != null">
        #{bmzffle,jdbcType=BLOB},
      </if>
    </trim>
  </insert>
  <update id="updateByPrimaryKeySelective" parameterType="com.ibm.dk.alr.zscm.scrt.storing.mybatis.model.WLMMZF">
    update WLMMZF
    <set>
      <if test="dmzfaut != null">
        DMZFAUT = #{dmzfaut,jdbcType=TIMESTAMP},
      </if>
      <if test="nmzfauu != null">
        NMZFAUU = #{nmzfauu,jdbcType=CHAR},
      </if>
      <if test="nmzfaup != null">
        NMZFAUP = #{nmzfaup,jdbcType=CHAR},
      </if>
      <if test="db2GeneratedRowidForLobs != null">
        DB2_GENERATED_ROWID_FOR_LOBS = #{db2GeneratedRowidForLobs,jdbcType=OTHER},
      </if>
      <if test="bmzffle != null">
        BMZFFLE = #{bmzffle,jdbcType=BLOB},
      </if>
    </set>
    where ISUBRID = #{isubrid,jdbcType=CHAR}
      and ISUBREP = #{isubrep,jdbcType=INTEGER}
  </update>
  <update id="updateByPrimaryKeyWithBLOBs" parameterType="com.ibm.dk.alr.zscm.scrt.storing.mybatis.model.WLMMZF">
    update WLMMZF
    set DMZFAUT = #{dmzfaut,jdbcType=TIMESTAMP},
      NMZFAUU = #{nmzfauu,jdbcType=CHAR},
      NMZFAUP = #{nmzfaup,jdbcType=CHAR},
      DB2_GENERATED_ROWID_FOR_LOBS = #{db2GeneratedRowidForLobs,jdbcType=OTHER},
      BMZFFLE = #{bmzffle,jdbcType=BLOB}
    where ISUBRID = #{isubrid,jdbcType=CHAR}
      and ISUBREP = #{isubrep,jdbcType=INTEGER}
  </update>
  <update id="updateByPrimaryKey" parameterType="com.ibm.dk.alr.zscm.scrt.storing.mybatis.model.WLMMZF">
    update WLMMZF
    set DMZFAUT = #{dmzfaut,jdbcType=TIMESTAMP},
      NMZFAUU = #{nmzfauu,jdbcType=CHAR},
      NMZFAUP = #{nmzfaup,jdbcType=CHAR},
      DB2_GENERATED_ROWID_FOR_LOBS = #{db2GeneratedRowidForLobs,jdbcType=OTHER}
    where ISUBRID = #{isubrid,jdbcType=CHAR}
      and ISUBREP = #{isubrep,jdbcType=INTEGER}
  </update>
  <resultMap id="BaseResultMap" type="com.ibm.dk.alr.zscm.scrt.storing.mybatis.model.WLMMZF">
    <id column="ISUBRID" jdbcType="CHAR" property="isubrid" />
    <id column="ISUBREP" jdbcType="INTEGER" property="isubrep" />
    <result column="DMZFAUT" jdbcType="TIMESTAMP" property="dmzfaut" />
    <result column="NMZFAUU" jdbcType="CHAR" property="nmzfauu" />
    <result column="NMZFAUP" jdbcType="CHAR" property="nmzfaup" />
    <result column="DB2_GENERATED_ROWID_FOR_LOBS" jdbcType="OTHER" property="db2GeneratedRowidForLobs" />
  </resultMap>
  <resultMap extends="BaseResultMap" id="ResultMapWithBLOBs" type="com.ibm.dk.alr.zscm.scrt.storing.mybatis.model.WLMMZF">
    <result column="BMZFFLE" jdbcType="BLOB" property="bmzffle" />
  </resultMap>
  <sql id="Base_Column_List">
    ISUBRID, ISUBREP, DMZFAUT, NMZFAUU, NMZFAUP, DB2_GENERATED_ROWID_FOR_LOBS
  </sql>
  <sql id="Blob_Column_List">
    BMZFFLE
  </sql>
  <select id="selectByPrimaryKey" parameterType="com.ibm.dk.alr.zscm.scrt.storing.mybatis.model.WLMMZFKey" resultMap="ResultMapWithBLOBs">
    select 
    <include refid="Base_Column_List" />
    ,
    <include refid="Blob_Column_List" />
    from WLMMZF
    where ISUBRID = #{isubrid,jdbcType=CHAR}
      and ISUBREP = #{isubrep,jdbcType=INTEGER}
  </select>
  <delete id="deleteByPrimaryKey" parameterType="com.ibm.dk.alr.zscm.scrt.storing.mybatis.model.WLMMZFKey">
    delete from WLMMZF
    where ISUBRID = #{isubrid,jdbcType=CHAR}
      and ISUBREP = #{isubrep,jdbcType=INTEGER}
  </delete>
  <insert id="insert" parameterType="com.ibm.dk.alr.zscm.scrt.storing.mybatis.model.WLMMZF">
    insert into WLMMZF (ISUBRID, ISUBREP, DMZFAUT, 
      NMZFAUU, NMZFAUP, DB2_GENERATED_ROWID_FOR_LOBS, 
      BMZFFLE)
    values (#{isubrid,jdbcType=CHAR}, #{isubrep,jdbcType=INTEGER}, #{dmzfaut,jdbcType=TIMESTAMP}, 
      #{nmzfauu,jdbcType=CHAR}, #{nmzfaup,jdbcType=CHAR}, #{db2GeneratedRowidForLobs,jdbcType=OTHER}, 
      #{bmzffle,jdbcType=BLOB})
  </insert>
  <insert id="insertSelective" parameterType="com.ibm.dk.alr.zscm.scrt.storing.mybatis.model.WLMMZF">
    insert into WLMMZF
    <trim prefix="(" suffix=")" suffixOverrides=",">
      <if test="isubrid != null">
        ISUBRID,
      </if>
      <if test="isubrep != null">
        ISUBREP,
      </if>
      <if test="dmzfaut != null">
        DMZFAUT,
      </if>
      <if test="nmzfauu != null">
        NMZFAUU,
      </if>
      <if test="nmzfaup != null">
        NMZFAUP,
      </if>
      <if test="db2GeneratedRowidForLobs != null">
        DB2_GENERATED_ROWID_FOR_LOBS,
      </if>
      <if test="bmzffle != null">
        BMZFFLE,
      </if>
    </trim>
    <trim prefix="values (" suffix=")" suffixOverrides=",">
      <if test="isubrid != null">
        #{isubrid,jdbcType=CHAR},
      </if>
      <if test="isubrep != null">
        #{isubrep,jdbcType=INTEGER},
      </if>
      <if test="dmzfaut != null">
        #{dmzfaut,jdbcType=TIMESTAMP},
      </if>
      <if test="nmzfauu != null">
        #{nmzfauu,jdbcType=CHAR},
      </if>
      <if test="nmzfaup != null">
        #{nmzfaup,jdbcType=CHAR},
      </if>
      <if test="db2GeneratedRowidForLobs != null">
        #{db2GeneratedRowidForLobs,jdbcType=OTHER},
      </if>
      <if test="bmzffle != null">
        #{bmzffle,jdbcType=BLOB},
      </if>
    </trim>
  </insert>
  <update id="updateByPrimaryKeySelective" parameterType="com.ibm.dk.alr.zscm.scrt.storing.mybatis.model.WLMMZF">
    update WLMMZF
    <set>
      <if test="dmzfaut != null">
        DMZFAUT = #{dmzfaut,jdbcType=TIMESTAMP},
      </if>
      <if test="nmzfauu != null">
        NMZFAUU = #{nmzfauu,jdbcType=CHAR},
      </if>
      <if test="nmzfaup != null">
        NMZFAUP = #{nmzfaup,jdbcType=CHAR},
      </if>
      <if test="db2GeneratedRowidForLobs != null">
        DB2_GENERATED_ROWID_FOR_LOBS = #{db2GeneratedRowidForLobs,jdbcType=OTHER},
      </if>
      <if test="bmzffle != null">
        BMZFFLE = #{bmzffle,jdbcType=BLOB},
      </if>
    </set>
    where ISUBRID = #{isubrid,jdbcType=CHAR}
      and ISUBREP = #{isubrep,jdbcType=INTEGER}
  </update>
  <update id="updateByPrimaryKeyWithBLOBs" parameterType="com.ibm.dk.alr.zscm.scrt.storing.mybatis.model.WLMMZF">
    update WLMMZF
    set DMZFAUT = #{dmzfaut,jdbcType=TIMESTAMP},
      NMZFAUU = #{nmzfauu,jdbcType=CHAR},
      NMZFAUP = #{nmzfaup,jdbcType=CHAR},
      DB2_GENERATED_ROWID_FOR_LOBS = #{db2GeneratedRowidForLobs,jdbcType=OTHER},
      BMZFFLE = #{bmzffle,jdbcType=BLOB}
    where ISUBRID = #{isubrid,jdbcType=CHAR}
      and ISUBREP = #{isubrep,jdbcType=INTEGER}
  </update>
  <update id="updateByPrimaryKey" parameterType="com.ibm.dk.alr.zscm.scrt.storing.mybatis.model.WLMMZF">
    update WLMMZF
    set DMZFAUT = #{dmzfaut,jdbcType=TIMESTAMP},
      NMZFAUU = #{nmzfauu,jdbcType=CHAR},
      NMZFAUP = #{nmzfaup,jdbcType=CHAR},
      DB2_GENERATED_ROWID_FOR_LOBS = #{db2GeneratedRowidForLobs,jdbcType=OTHER}
    where ISUBRID = #{isubrid,jdbcType=CHAR}
      and ISUBREP = #{isubrep,jdbcType=INTEGER}
  </update>
  <resultMap id="BaseResultMap" type="com.ibm.dk.alr.zscm.scrt.storing.mybatis.model.WLMMZF">
    <id column="ISUBRID" jdbcType="CHAR" property="isubrid" />
    <id column="ISUBREP" jdbcType="INTEGER" property="isubrep" />
    <result column="DMZFAUT" jdbcType="TIMESTAMP" property="dmzfaut" />
    <result column="NMZFAUU" jdbcType="CHAR" property="nmzfauu" />
    <result column="NMZFAUP" jdbcType="CHAR" property="nmzfaup" />
    <result column="DB2_GENERATED_ROWID_FOR_LOBS" jdbcType="OTHER" property="db2GeneratedRowidForLobs" />
  </resultMap>
  <resultMap extends="BaseResultMap" id="ResultMapWithBLOBs" type="com.ibm.dk.alr.zscm.scrt.storing.mybatis.model.WLMMZF">
    <result column="BMZFFLE" jdbcType="BLOB" property="bmzffle" />
  </resultMap>
  <sql id="Base_Column_List">
    ISUBRID, ISUBREP, DMZFAUT, NMZFAUU, NMZFAUP, DB2_GENERATED_ROWID_FOR_LOBS
  </sql>
  <sql id="Blob_Column_List">
    BMZFFLE
  </sql>
  <select id="selectByPrimaryKey" parameterType="com.ibm.dk.alr.zscm.scrt.storing.mybatis.model.WLMMZFKey" resultMap="ResultMapWithBLOBs">
    select 
    <include refid="Base_Column_List" />
    ,
    <include refid="Blob_Column_List" />
    from WLMMZF
    where ISUBRID = #{isubrid,jdbcType=CHAR}
      and ISUBREP = #{isubrep,jdbcType=INTEGER}
  </select>
  <delete id="deleteByPrimaryKey" parameterType="com.ibm.dk.alr.zscm.scrt.storing.mybatis.model.WLMMZFKey">
    delete from WLMMZF
    where ISUBRID = #{isubrid,jdbcType=CHAR}
      and ISUBREP = #{isubrep,jdbcType=INTEGER}
  </delete>
  <insert id="insert" parameterType="com.ibm.dk.alr.zscm.scrt.storing.mybatis.model.WLMMZF">
    insert into WLMMZF (ISUBRID, ISUBREP, DMZFAUT, 
      NMZFAUU, NMZFAUP, DB2_GENERATED_ROWID_FOR_LOBS, 
      BMZFFLE)
    values (#{isubrid,jdbcType=CHAR}, #{isubrep,jdbcType=INTEGER}, #{dmzfaut,jdbcType=TIMESTAMP}, 
      #{nmzfauu,jdbcType=CHAR}, #{nmzfaup,jdbcType=CHAR}, #{db2GeneratedRowidForLobs,jdbcType=OTHER}, 
      #{bmzffle,jdbcType=BLOB})
  </insert>
  <insert id="insertSelective" parameterType="com.ibm.dk.alr.zscm.scrt.storing.mybatis.model.WLMMZF">
    insert into WLMMZF
    <trim prefix="(" suffix=")" suffixOverrides=",">
      <if test="isubrid != null">
        ISUBRID,
      </if>
      <if test="isubrep != null">
        ISUBREP,
      </if>
      <if test="dmzfaut != null">
        DMZFAUT,
      </if>
      <if test="nmzfauu != null">
        NMZFAUU,
      </if>
      <if test="nmzfaup != null">
        NMZFAUP,
      </if>
      <if test="db2GeneratedRowidForLobs != null">
        DB2_GENERATED_ROWID_FOR_LOBS,
      </if>
      <if test="bmzffle != null">
        BMZFFLE,
      </if>
    </trim>
    <trim prefix="values (" suffix=")" suffixOverrides=",">
      <if test="isubrid != null">
        #{isubrid,jdbcType=CHAR},
      </if>
      <if test="isubrep != null">
        #{isubrep,jdbcType=INTEGER},
      </if>
      <if test="dmzfaut != null">
        #{dmzfaut,jdbcType=TIMESTAMP},
      </if>
      <if test="nmzfauu != null">
        #{nmzfauu,jdbcType=CHAR},
      </if>
      <if test="nmzfaup != null">
        #{nmzfaup,jdbcType=CHAR},
      </if>
      <if test="db2GeneratedRowidForLobs != null">
        #{db2GeneratedRowidForLobs,jdbcType=OTHER},
      </if>
      <if test="bmzffle != null">
        #{bmzffle,jdbcType=BLOB},
      </if>
    </trim>
  </insert>
  <update id="updateByPrimaryKeySelective" parameterType="com.ibm.dk.alr.zscm.scrt.storing.mybatis.model.WLMMZF">
    update WLMMZF
    <set>
      <if test="dmzfaut != null">
        DMZFAUT = #{dmzfaut,jdbcType=TIMESTAMP},
      </if>
      <if test="nmzfauu != null">
        NMZFAUU = #{nmzfauu,jdbcType=CHAR},
      </if>
      <if test="nmzfaup != null">
        NMZFAUP = #{nmzfaup,jdbcType=CHAR},
      </if>
      <if test="db2GeneratedRowidForLobs != null">
        DB2_GENERATED_ROWID_FOR_LOBS = #{db2GeneratedRowidForLobs,jdbcType=OTHER},
      </if>
      <if test="bmzffle != null">
        BMZFFLE = #{bmzffle,jdbcType=BLOB},
      </if>
    </set>
    where ISUBRID = #{isubrid,jdbcType=CHAR}
      and ISUBREP = #{isubrep,jdbcType=INTEGER}
  </update>
  <update id="updateByPrimaryKeyWithBLOBs" parameterType="com.ibm.dk.alr.zscm.scrt.storing.mybatis.model.WLMMZF">
    update WLMMZF
    set DMZFAUT = #{dmzfaut,jdbcType=TIMESTAMP},
      NMZFAUU = #{nmzfauu,jdbcType=CHAR},
      NMZFAUP = #{nmzfaup,jdbcType=CHAR},
      DB2_GENERATED_ROWID_FOR_LOBS = #{db2GeneratedRowidForLobs,jdbcType=OTHER},
      BMZFFLE = #{bmzffle,jdbcType=BLOB}
    where ISUBRID = #{isubrid,jdbcType=CHAR}
      and ISUBREP = #{isubrep,jdbcType=INTEGER}
  </update>
  <update id="updateByPrimaryKey" parameterType="com.ibm.dk.alr.zscm.scrt.storing.mybatis.model.WLMMZF">
    update WLMMZF
    set DMZFAUT = #{dmzfaut,jdbcType=TIMESTAMP},
      NMZFAUU = #{nmzfauu,jdbcType=CHAR},
      NMZFAUP = #{nmzfaup,jdbcType=CHAR},
      DB2_GENERATED_ROWID_FOR_LOBS = #{db2GeneratedRowidForLobs,jdbcType=OTHER}
    where ISUBRID = #{isubrid,jdbcType=CHAR}
      and ISUBREP = #{isubrep,jdbcType=INTEGER}
  </update>
  <resultMap id="BaseResultMap" type="com.ibm.dk.alr.zscm.scrt.storing.mybatis.model.WLMMZF">
    <id column="ISUBRID" jdbcType="CHAR" property="isubrid" />
    <id column="ISUBREP" jdbcType="INTEGER" property="isubrep" />
    <result column="DMZFAUT" jdbcType="TIMESTAMP" property="dmzfaut" />
    <result column="NMZFAUU" jdbcType="CHAR" property="nmzfauu" />
    <result column="NMZFAUP" jdbcType="CHAR" property="nmzfaup" />
    <result column="DB2_GENERATED_ROWID_FOR_LOBS" jdbcType="OTHER" property="db2GeneratedRowidForLobs" />
  </resultMap>
  <resultMap extends="BaseResultMap" id="ResultMapWithBLOBs" type="com.ibm.dk.alr.zscm.scrt.storing.mybatis.model.WLMMZF">
    <result column="BMZFFLE" jdbcType="BLOB" property="bmzffle" />
  </resultMap>
  <sql id="Base_Column_List">
    ISUBRID, ISUBREP, DMZFAUT, NMZFAUU, NMZFAUP, DB2_GENERATED_ROWID_FOR_LOBS
  </sql>
  <sql id="Blob_Column_List">
    BMZFFLE
  </sql>
  <select id="selectByPrimaryKey" parameterType="com.ibm.dk.alr.zscm.scrt.storing.mybatis.model.WLMMZFKey" resultMap="ResultMapWithBLOBs">
    select 
    <include refid="Base_Column_List" />
    ,
    <include refid="Blob_Column_List" />
    from WLMMZF
    where ISUBRID = #{isubrid,jdbcType=CHAR}
      and ISUBREP = #{isubrep,jdbcType=INTEGER}
  </select>
  <delete id="deleteByPrimaryKey" parameterType="com.ibm.dk.alr.zscm.scrt.storing.mybatis.model.WLMMZFKey">
    delete from WLMMZF
    where ISUBRID = #{isubrid,jdbcType=CHAR}
      and ISUBREP = #{isubrep,jdbcType=INTEGER}
  </delete>
  <insert id="insert" parameterType="com.ibm.dk.alr.zscm.scrt.storing.mybatis.model.WLMMZF">
    insert into WLMMZF (ISUBRID, ISUBREP, DMZFAUT, 
      NMZFAUU, NMZFAUP, DB2_GENERATED_ROWID_FOR_LOBS, 
      BMZFFLE)
    values (#{isubrid,jdbcType=CHAR}, #{isubrep,jdbcType=INTEGER}, #{dmzfaut,jdbcType=TIMESTAMP}, 
      #{nmzfauu,jdbcType=CHAR}, #{nmzfaup,jdbcType=CHAR}, #{db2GeneratedRowidForLobs,jdbcType=OTHER}, 
      #{bmzffle,jdbcType=BLOB})
  </insert>
  <insert id="insertSelective" parameterType="com.ibm.dk.alr.zscm.scrt.storing.mybatis.model.WLMMZF">
    insert into WLMMZF
    <trim prefix="(" suffix=")" suffixOverrides=",">
      <if test="isubrid != null">
        ISUBRID,
      </if>
      <if test="isubrep != null">
        ISUBREP,
      </if>
      <if test="dmzfaut != null">
        DMZFAUT,
      </if>
      <if test="nmzfauu != null">
        NMZFAUU,
      </if>
      <if test="nmzfaup != null">
        NMZFAUP,
      </if>
      <if test="db2GeneratedRowidForLobs != null">
        DB2_GENERATED_ROWID_FOR_LOBS,
      </if>
      <if test="bmzffle != null">
        BMZFFLE,
      </if>
    </trim>
    <trim prefix="values (" suffix=")" suffixOverrides=",">
      <if test="isubrid != null">
        #{isubrid,jdbcType=CHAR},
      </if>
      <if test="isubrep != null">
        #{isubrep,jdbcType=INTEGER},
      </if>
      <if test="dmzfaut != null">
        #{dmzfaut,jdbcType=TIMESTAMP},
      </if>
      <if test="nmzfauu != null">
        #{nmzfauu,jdbcType=CHAR},
      </if>
      <if test="nmzfaup != null">
        #{nmzfaup,jdbcType=CHAR},
      </if>
      <if test="db2GeneratedRowidForLobs != null">
        #{db2GeneratedRowidForLobs,jdbcType=OTHER},
      </if>
      <if test="bmzffle != null">
        #{bmzffle,jdbcType=BLOB},
      </if>
    </trim>
  </insert>
  <update id="updateByPrimaryKeySelective" parameterType="com.ibm.dk.alr.zscm.scrt.storing.mybatis.model.WLMMZF">
    update WLMMZF
    <set>
      <if test="dmzfaut != null">
        DMZFAUT = #{dmzfaut,jdbcType=TIMESTAMP},
      </if>
      <if test="nmzfauu != null">
        NMZFAUU = #{nmzfauu,jdbcType=CHAR},
      </if>
      <if test="nmzfaup != null">
        NMZFAUP = #{nmzfaup,jdbcType=CHAR},
      </if>
      <if test="db2GeneratedRowidForLobs != null">
        DB2_GENERATED_ROWID_FOR_LOBS = #{db2GeneratedRowidForLobs,jdbcType=OTHER},
      </if>
      <if test="bmzffle != null">
        BMZFFLE = #{bmzffle,jdbcType=BLOB},
      </if>
    </set>
    where ISUBRID = #{isubrid,jdbcType=CHAR}
      and ISUBREP = #{isubrep,jdbcType=INTEGER}
  </update>
  <update id="updateByPrimaryKeyWithBLOBs" parameterType="com.ibm.dk.alr.zscm.scrt.storing.mybatis.model.WLMMZF">
    update WLMMZF
    set DMZFAUT = #{dmzfaut,jdbcType=TIMESTAMP},
      NMZFAUU = #{nmzfauu,jdbcType=CHAR},
      NMZFAUP = #{nmzfaup,jdbcType=CHAR},
      DB2_GENERATED_ROWID_FOR_LOBS = #{db2GeneratedRowidForLobs,jdbcType=OTHER},
      BMZFFLE = #{bmzffle,jdbcType=BLOB}
    where ISUBRID = #{isubrid,jdbcType=CHAR}
      and ISUBREP = #{isubrep,jdbcType=INTEGER}
  </update>
  <update id="updateByPrimaryKey" parameterType="com.ibm.dk.alr.zscm.scrt.storing.mybatis.model.WLMMZF">
    update WLMMZF
    set DMZFAUT = #{dmzfaut,jdbcType=TIMESTAMP},
      NMZFAUU = #{nmzfauu,jdbcType=CHAR},
      NMZFAUP = #{nmzfaup,jdbcType=CHAR},
      DB2_GENERATED_ROWID_FOR_LOBS = #{db2GeneratedRowidForLobs,jdbcType=OTHER}
    where ISUBRID = #{isubrid,jdbcType=CHAR}
      and ISUBREP = #{isubrep,jdbcType=INTEGER}
  </update>
  <resultMap id="BaseResultMap" type="com.ibm.dk.alr.zscm.scrt.storing.mybatis.model.WLMMZF">
    <id column="ISUBRID" jdbcType="CHAR" property="isubrid" />
    <id column="ISUBREP" jdbcType="INTEGER" property="isubrep" />
    <result column="DMZFAUT" jdbcType="TIMESTAMP" property="dmzfaut" />
    <result column="NMZFAUU" jdbcType="CHAR" property="nmzfauu" />
    <result column="NMZFAUP" jdbcType="CHAR" property="nmzfaup" />
    <result column="DB2_GENERATED_ROWID_FOR_LOBS" jdbcType="OTHER" property="db2GeneratedRowidForLobs" />
  </resultMap>
  <resultMap extends="BaseResultMap" id="ResultMapWithBLOBs" type="com.ibm.dk.alr.zscm.scrt.storing.mybatis.model.WLMMZF">
    <result column="BMZFFLE" jdbcType="BLOB" property="bmzffle" />
  </resultMap>
  <sql id="Base_Column_List">
    ISUBRID, ISUBREP, DMZFAUT, NMZFAUU, NMZFAUP, DB2_GENERATED_ROWID_FOR_LOBS
  </sql>
  <sql id="Blob_Column_List">
    BMZFFLE
  </sql>
  <select id="selectByPrimaryKey" parameterType="com.ibm.dk.alr.zscm.scrt.storing.mybatis.model.WLMMZFKey" resultMap="ResultMapWithBLOBs">
    select 
    <include refid="Base_Column_List" />
    ,
    <include refid="Blob_Column_List" />
    from WLMMZF
    where ISUBRID = #{isubrid,jdbcType=CHAR}
      and ISUBREP = #{isubrep,jdbcType=INTEGER}
  </select>
  <delete id="deleteByPrimaryKey" parameterType="com.ibm.dk.alr.zscm.scrt.storing.mybatis.model.WLMMZFKey">
    delete from WLMMZF
    where ISUBRID = #{isubrid,jdbcType=CHAR}
      and ISUBREP = #{isubrep,jdbcType=INTEGER}
  </delete>
  <insert id="insert" parameterType="com.ibm.dk.alr.zscm.scrt.storing.mybatis.model.WLMMZF">
    insert into WLMMZF (ISUBRID, ISUBREP, DMZFAUT, 
      NMZFAUU, NMZFAUP, DB2_GENERATED_ROWID_FOR_LOBS, 
      BMZFFLE)
    values (#{isubrid,jdbcType=CHAR}, #{isubrep,jdbcType=INTEGER}, #{dmzfaut,jdbcType=TIMESTAMP}, 
      #{nmzfauu,jdbcType=CHAR}, #{nmzfaup,jdbcType=CHAR}, #{db2GeneratedRowidForLobs,jdbcType=OTHER}, 
      #{bmzffle,jdbcType=BLOB})
  </insert>
  <insert id="insertSelective" parameterType="com.ibm.dk.alr.zscm.scrt.storing.mybatis.model.WLMMZF">
    insert into WLMMZF
    <trim prefix="(" suffix=")" suffixOverrides=",">
      <if test="isubrid != null">
        ISUBRID,
      </if>
      <if test="isubrep != null">
        ISUBREP,
      </if>
      <if test="dmzfaut != null">
        DMZFAUT,
      </if>
      <if test="nmzfauu != null">
        NMZFAUU,
      </if>
      <if test="nmzfaup != null">
        NMZFAUP,
      </if>
      <if test="db2GeneratedRowidForLobs != null">
        DB2_GENERATED_ROWID_FOR_LOBS,
      </if>
      <if test="bmzffle != null">
        BMZFFLE,
      </if>
    </trim>
    <trim prefix="values (" suffix=")" suffixOverrides=",">
      <if test="isubrid != null">
        #{isubrid,jdbcType=CHAR},
      </if>
      <if test="isubrep != null">
        #{isubrep,jdbcType=INTEGER},
      </if>
      <if test="dmzfaut != null">
        #{dmzfaut,jdbcType=TIMESTAMP},
      </if>
      <if test="nmzfauu != null">
        #{nmzfauu,jdbcType=CHAR},
      </if>
      <if test="nmzfaup != null">
        #{nmzfaup,jdbcType=CHAR},
      </if>
      <if test="db2GeneratedRowidForLobs != null">
        #{db2GeneratedRowidForLobs,jdbcType=OTHER},
      </if>
      <if test="bmzffle != null">
        #{bmzffle,jdbcType=BLOB},
      </if>
    </trim>
  </insert>
  <update id="updateByPrimaryKeySelective" parameterType="com.ibm.dk.alr.zscm.scrt.storing.mybatis.model.WLMMZF">
    update WLMMZF
    <set>
      <if test="dmzfaut != null">
        DMZFAUT = #{dmzfaut,jdbcType=TIMESTAMP},
      </if>
      <if test="nmzfauu != null">
        NMZFAUU = #{nmzfauu,jdbcType=CHAR},
      </if>
      <if test="nmzfaup != null">
        NMZFAUP = #{nmzfaup,jdbcType=CHAR},
      </if>
      <if test="db2GeneratedRowidForLobs != null">
        DB2_GENERATED_ROWID_FOR_LOBS = #{db2GeneratedRowidForLobs,jdbcType=OTHER},
      </if>
      <if test="bmzffle != null">
        BMZFFLE = #{bmzffle,jdbcType=BLOB},
      </if>
    </set>
    where ISUBRID = #{isubrid,jdbcType=CHAR}
      and ISUBREP = #{isubrep,jdbcType=INTEGER}
  </update>
  <update id="updateByPrimaryKeyWithBLOBs" parameterType="com.ibm.dk.alr.zscm.scrt.storing.mybatis.model.WLMMZF">
    update WLMMZF
    set DMZFAUT = #{dmzfaut,jdbcType=TIMESTAMP},
      NMZFAUU = #{nmzfauu,jdbcType=CHAR},
      NMZFAUP = #{nmzfaup,jdbcType=CHAR},
      DB2_GENERATED_ROWID_FOR_LOBS = #{db2GeneratedRowidForLobs,jdbcType=OTHER},
      BMZFFLE = #{bmzffle,jdbcType=BLOB}
    where ISUBRID = #{isubrid,jdbcType=CHAR}
      and ISUBREP = #{isubrep,jdbcType=INTEGER}
  </update>
  <update id="updateByPrimaryKey" parameterType="com.ibm.dk.alr.zscm.scrt.storing.mybatis.model.WLMMZF">
    update WLMMZF
    set DMZFAUT = #{dmzfaut,jdbcType=TIMESTAMP},
      NMZFAUU = #{nmzfauu,jdbcType=CHAR},
      NMZFAUP = #{nmzfaup,jdbcType=CHAR},
      DB2_GENERATED_ROWID_FOR_LOBS = #{db2GeneratedRowidForLobs,jdbcType=OTHER}
    where ISUBRID = #{isubrid,jdbcType=CHAR}
      and ISUBREP = #{isubrep,jdbcType=INTEGER}
  </update>
  <resultMap id="BaseResultMap" type="com.ibm.dk.alr.zscm.scrt.storing.mybatis.model.WLMMZF">
    <id column="ISUBRID" jdbcType="CHAR" property="isubrid" />
    <id column="ISUBREP" jdbcType="INTEGER" property="isubrep" />
    <result column="DMZFAUT" jdbcType="TIMESTAMP" property="dmzfaut" />
    <result column="NMZFAUU" jdbcType="CHAR" property="nmzfauu" />
    <result column="NMZFAUP" jdbcType="CHAR" property="nmzfaup" />
    <result column="DB2_GENERATED_ROWID_FOR_LOBS" jdbcType="OTHER" property="db2GeneratedRowidForLobs" />
  </resultMap>
  <resultMap extends="BaseResultMap" id="ResultMapWithBLOBs" type="com.ibm.dk.alr.zscm.scrt.storing.mybatis.model.WLMMZF">
    <result column="BMZFFLE" jdbcType="BLOB" property="bmzffle" />
  </resultMap>
  <sql id="Base_Column_List">
    ISUBRID, ISUBREP, DMZFAUT, NMZFAUU, NMZFAUP, DB2_GENERATED_ROWID_FOR_LOBS
  </sql>
  <sql id="Blob_Column_List">
    BMZFFLE
  </sql>
  <select id="selectByPrimaryKey" parameterType="com.ibm.dk.alr.zscm.scrt.storing.mybatis.model.WLMMZFKey" resultMap="ResultMapWithBLOBs">
    select 
    <include refid="Base_Column_List" />
    ,
    <include refid="Blob_Column_List" />
    from WLMMZF
    where ISUBRID = #{isubrid,jdbcType=CHAR}
      and ISUBREP = #{isubrep,jdbcType=INTEGER}
  </select>
  <delete id="deleteByPrimaryKey" parameterType="com.ibm.dk.alr.zscm.scrt.storing.mybatis.model.WLMMZFKey">
    delete from WLMMZF
    where ISUBRID = #{isubrid,jdbcType=CHAR}
      and ISUBREP = #{isubrep,jdbcType=INTEGER}
  </delete>
  <insert id="insert" parameterType="com.ibm.dk.alr.zscm.scrt.storing.mybatis.model.WLMMZF">
    insert into WLMMZF (ISUBRID, ISUBREP, DMZFAUT, 
      NMZFAUU, NMZFAUP, DB2_GENERATED_ROWID_FOR_LOBS, 
      BMZFFLE)
    values (#{isubrid,jdbcType=CHAR}, #{isubrep,jdbcType=INTEGER}, #{dmzfaut,jdbcType=TIMESTAMP}, 
      #{nmzfauu,jdbcType=CHAR}, #{nmzfaup,jdbcType=CHAR}, #{db2GeneratedRowidForLobs,jdbcType=OTHER}, 
      #{bmzffle,jdbcType=BLOB})
  </insert>
  <insert id="insertSelective" parameterType="com.ibm.dk.alr.zscm.scrt.storing.mybatis.model.WLMMZF">
    insert into WLMMZF
    <trim prefix="(" suffix=")" suffixOverrides=",">
      <if test="isubrid != null">
        ISUBRID,
      </if>
      <if test="isubrep != null">
        ISUBREP,
      </if>
      <if test="dmzfaut != null">
        DMZFAUT,
      </if>
      <if test="nmzfauu != null">
        NMZFAUU,
      </if>
      <if test="nmzfaup != null">
        NMZFAUP,
      </if>
      <if test="db2GeneratedRowidForLobs != null">
        DB2_GENERATED_ROWID_FOR_LOBS,
      </if>
      <if test="bmzffle != null">
        BMZFFLE,
      </if>
    </trim>
    <trim prefix="values (" suffix=")" suffixOverrides=",">
      <if test="isubrid != null">
        #{isubrid,jdbcType=CHAR},
      </if>
      <if test="isubrep != null">
        #{isubrep,jdbcType=INTEGER},
      </if>
      <if test="dmzfaut != null">
        #{dmzfaut,jdbcType=TIMESTAMP},
      </if>
      <if test="nmzfauu != null">
        #{nmzfauu,jdbcType=CHAR},
      </if>
      <if test="nmzfaup != null">
        #{nmzfaup,jdbcType=CHAR},
      </if>
      <if test="db2GeneratedRowidForLobs != null">
        #{db2GeneratedRowidForLobs,jdbcType=OTHER},
      </if>
      <if test="bmzffle != null">
        #{bmzffle,jdbcType=BLOB},
      </if>
    </trim>
  </insert>
  <update id="updateByPrimaryKeySelective" parameterType="com.ibm.dk.alr.zscm.scrt.storing.mybatis.model.WLMMZF">
    update WLMMZF
    <set>
      <if test="dmzfaut != null">
        DMZFAUT = #{dmzfaut,jdbcType=TIMESTAMP},
      </if>
      <if test="nmzfauu != null">
        NMZFAUU = #{nmzfauu,jdbcType=CHAR},
      </if>
      <if test="nmzfaup != null">
        NMZFAUP = #{nmzfaup,jdbcType=CHAR},
      </if>
      <if test="db2GeneratedRowidForLobs != null">
        DB2_GENERATED_ROWID_FOR_LOBS = #{db2GeneratedRowidForLobs,jdbcType=OTHER},
      </if>
      <if test="bmzffle != null">
        BMZFFLE = #{bmzffle,jdbcType=BLOB},
      </if>
    </set>
    where ISUBRID = #{isubrid,jdbcType=CHAR}
      and ISUBREP = #{isubrep,jdbcType=INTEGER}
  </update>
  <update id="updateByPrimaryKeyWithBLOBs" parameterType="com.ibm.dk.alr.zscm.scrt.storing.mybatis.model.WLMMZF">
    update WLMMZF
    set DMZFAUT = #{dmzfaut,jdbcType=TIMESTAMP},
      NMZFAUU = #{nmzfauu,jdbcType=CHAR},
      NMZFAUP = #{nmzfaup,jdbcType=CHAR},
      DB2_GENERATED_ROWID_FOR_LOBS = #{db2GeneratedRowidForLobs,jdbcType=OTHER},
      BMZFFLE = #{bmzffle,jdbcType=BLOB}
    where ISUBRID = #{isubrid,jdbcType=CHAR}
      and ISUBREP = #{isubrep,jdbcType=INTEGER}
  </update>
  <update id="updateByPrimaryKey" parameterType="com.ibm.dk.alr.zscm.scrt.storing.mybatis.model.WLMMZF">
    update WLMMZF
    set DMZFAUT = #{dmzfaut,jdbcType=TIMESTAMP},
      NMZFAUU = #{nmzfauu,jdbcType=CHAR},
      NMZFAUP = #{nmzfaup,jdbcType=CHAR},
      DB2_GENERATED_ROWID_FOR_LOBS = #{db2GeneratedRowidForLobs,jdbcType=OTHER}
    where ISUBRID = #{isubrid,jdbcType=CHAR}
      and ISUBREP = #{isubrep,jdbcType=INTEGER}
  </update>
</mapper>