<?xml version="1.0" encoding="UTF-8"?>
<!DOCTYPE mapper PUBLIC "-//mybatis.org//DTD Mapper 3.0//EN" "http://mybatis.org/dtd/mybatis-3-mapper.dtd">
<mapper namespace="com.ibm.dk.alr.zscm.scrt.storing.mybatis.data.WLMMRFMapper">
  <resultMap id="BaseResultMap" type="com.ibm.dk.alr.zscm.scrt.storing.mybatis.model.WLMMRF">
    <id column="ISUBMID" jdbcType="CHAR" property="isubmid" />
    <id column="ISUBREP" jdbcType="INTEGER" property="isubrep" />
    <id column="CMRFTYP" jdbcType="CHAR" property="cmrftyp" />
    <id column="IMRFROW" jdbcType="INTEGER" property="imrfrow" />
    <result column="LMRFFLE" jdbcType="VARCHAR" property="lmrffle" />
    <result column="DMRFAUT" jdbcType="TIMESTAMP" property="dmrfaut" />
    <result column="SMRFAUU" jdbcType="CHAR" property="smrfauu" />
    <result column="SMRFAUP" jdbcType="CHAR" property="smrfaup" />
  </resultMap>
  <sql id="Base_Column_List">
    ISUBMID, ISUBREP, CMRFTYP, IMRFROW, LMRFFLE, DMRFAUT, SMRFAUU, SMRFAUP
  </sql>
  <select id="selectByPrimaryKey" parameterType="com.ibm.dk.alr.zscm.scrt.storing.mybatis.model.WLMMRFKey" resultMap="BaseResultMap">
    select 
    <include refid="Base_Column_List" />
    from WLMMRF
    where ISUBMID = #{isubmid,jdbcType=CHAR}
      and ISUBREP = #{isubrep,jdbcType=INTEGER}
      and CMRFTYP = #{cmrftyp,jdbcType=CHAR}
      and IMRFROW = #{imrfrow,jdbcType=INTEGER}
  </select>
  <delete id="deleteByPrimaryKey" parameterType="com.ibm.dk.alr.zscm.scrt.storing.mybatis.model.WLMMRFKey">
    delete from WLMMRF
    where ISUBMID = #{isubmid,jdbcType=CHAR}
      and ISUBREP = #{isubrep,jdbcType=INTEGER}
      and CMRFTYP = #{cmrftyp,jdbcType=CHAR}
      and IMRFROW = #{imrfrow,jdbcType=INTEGER}
  </delete>
  <insert id="insert" parameterType="com.ibm.dk.alr.zscm.scrt.storing.mybatis.model.WLMMRF">
    insert into WLMMRF (ISUBMID, ISUBREP, CMRFTYP, 
      IMRFROW, LMRFFLE, DMRFAUT, 
      SMRFAUU, SMRFAUP)
    values (#{isubmid,jdbcType=CHAR}, #{isubrep,jdbcType=INTEGER}, #{cmrftyp,jdbcType=CHAR}, 
      #{imrfrow,jdbcType=INTEGER}, #{lmrffle,jdbcType=VARCHAR}, #{dmrfaut,jdbcType=TIMESTAMP}, 
      #{smrfauu,jdbcType=CHAR}, #{smrfaup,jdbcType=CHAR})
  </insert>
  <insert id="insertSelective" parameterType="com.ibm.dk.alr.zscm.scrt.storing.mybatis.model.WLMMRF">
    insert into WLMMRF
    <trim prefix="(" suffix=")" suffixOverrides=",">
      <if test="isubmid != null">
        ISUBMID,
      </if>
      <if test="isubrep != null">
        ISUBREP,
      </if>
      <if test="cmrftyp != null">
        CMRFTYP,
      </if>
      <if test="imrfrow != null">
        IMRFROW,
      </if>
      <if test="lmrffle != null">
        LMRFFLE,
      </if>
      <if test="dmrfaut != null">
        DMRFAUT,
      </if>
      <if test="smrfauu != null">
        SMRFAUU,
      </if>
      <if test="smrfaup != null">
        SMRFAUP,
      </if>
    </trim>
    <trim prefix="values (" suffix=")" suffixOverrides=",">
      <if test="isubmid != null">
        #{isubmid,jdbcType=CHAR},
      </if>
      <if test="isubrep != null">
        #{isubrep,jdbcType=INTEGER},
      </if>
      <if test="cmrftyp != null">
        #{cmrftyp,jdbcType=CHAR},
      </if>
      <if test="imrfrow != null">
        #{imrfrow,jdbcType=INTEGER},
      </if>
      <if test="lmrffle != null">
        #{lmrffle,jdbcType=VARCHAR},
      </if>
      <if test="dmrfaut != null">
        #{dmrfaut,jdbcType=TIMESTAMP},
      </if>
      <if test="smrfauu != null">
        #{smrfauu,jdbcType=CHAR},
      </if>
      <if test="smrfaup != null">
        #{smrfaup,jdbcType=CHAR},
      </if>
    </trim>
  </insert>
  <update id="updateByPrimaryKeySelective" parameterType="com.ibm.dk.alr.zscm.scrt.storing.mybatis.model.WLMMRF">
    update WLMMRF
    <set>
      <if test="lmrffle != null">
        LMRFFLE = #{lmrffle,jdbcType=VARCHAR},
      </if>
      <if test="dmrfaut != null">
        DMRFAUT = #{dmrfaut,jdbcType=TIMESTAMP},
      </if>
      <if test="smrfauu != null">
        SMRFAUU = #{smrfauu,jdbcType=CHAR},
      </if>
      <if test="smrfaup != null">
        SMRFAUP = #{smrfaup,jdbcType=CHAR},
      </if>
    </set>
    where ISUBMID = #{isubmid,jdbcType=CHAR}
      and ISUBREP = #{isubrep,jdbcType=INTEGER}
      and CMRFTYP = #{cmrftyp,jdbcType=CHAR}
      and IMRFROW = #{imrfrow,jdbcType=INTEGER}
  </update>
  <update id="updateByPrimaryKey" parameterType="com.ibm.dk.alr.zscm.scrt.storing.mybatis.model.WLMMRF">
    update WLMMRF
    set LMRFFLE = #{lmrffle,jdbcType=VARCHAR},
      DMRFAUT = #{dmrfaut,jdbcType=TIMESTAMP},
      SMRFAUU = #{smrfauu,jdbcType=CHAR},
      SMRFAUP = #{smrfaup,jdbcType=CHAR}
    where ISUBMID = #{isubmid,jdbcType=CHAR}
      and ISUBREP = #{isubrep,jdbcType=INTEGER}
      and CMRFTYP = #{cmrftyp,jdbcType=CHAR}
      and IMRFROW = #{imrfrow,jdbcType=INTEGER}
  </update>
  <resultMap id="BaseResultMap" type="com.ibm.dk.alr.zscm.scrt.storing.mybatis.model.WLMMRF">
    <id column="ISUBMID" jdbcType="CHAR" property="isubmid" />
    <id column="ISUBREP" jdbcType="INTEGER" property="isubrep" />
    <id column="CMRFTYP" jdbcType="CHAR" property="cmrftyp" />
    <id column="IMRFROW" jdbcType="INTEGER" property="imrfrow" />
    <result column="LMRFFLE" jdbcType="VARCHAR" property="lmrffle" />
    <result column="DMRFAUT" jdbcType="TIMESTAMP" property="dmrfaut" />
    <result column="SMRFAUU" jdbcType="CHAR" property="smrfauu" />
    <result column="SMRFAUP" jdbcType="CHAR" property="smrfaup" />
  </resultMap>
  <sql id="Base_Column_List">
    ISUBMID, ISUBREP, CMRFTYP, IMRFROW, LMRFFLE, DMRFAUT, SMRFAUU, SMRFAUP
  </sql>
  <select id="selectByPrimaryKey" parameterType="com.ibm.dk.alr.zscm.scrt.storing.mybatis.model.WLMMRFKey" resultMap="BaseResultMap">
    select 
    <include refid="Base_Column_List" />
    from WLMMRF
    where ISUBMID = #{isubmid,jdbcType=CHAR}
      and ISUBREP = #{isubrep,jdbcType=INTEGER}
      and CMRFTYP = #{cmrftyp,jdbcType=CHAR}
      and IMRFROW = #{imrfrow,jdbcType=INTEGER}
  </select>
  <delete id="deleteByPrimaryKey" parameterType="com.ibm.dk.alr.zscm.scrt.storing.mybatis.model.WLMMRFKey">
    delete from WLMMRF
    where ISUBMID = #{isubmid,jdbcType=CHAR}
      and ISUBREP = #{isubrep,jdbcType=INTEGER}
      and CMRFTYP = #{cmrftyp,jdbcType=CHAR}
      and IMRFROW = #{imrfrow,jdbcType=INTEGER}
  </delete>
  <insert id="insert" parameterType="com.ibm.dk.alr.zscm.scrt.storing.mybatis.model.WLMMRF">
    insert into WLMMRF (ISUBMID, ISUBREP, CMRFTYP, 
      IMRFROW, LMRFFLE, DMRFAUT, 
      SMRFAUU, SMRFAUP)
    values (#{isubmid,jdbcType=CHAR}, #{isubrep,jdbcType=INTEGER}, #{cmrftyp,jdbcType=CHAR}, 
      #{imrfrow,jdbcType=INTEGER}, #{lmrffle,jdbcType=VARCHAR}, #{dmrfaut,jdbcType=TIMESTAMP}, 
      #{smrfauu,jdbcType=CHAR}, #{smrfaup,jdbcType=CHAR})
  </insert>
  <insert id="insertSelective" parameterType="com.ibm.dk.alr.zscm.scrt.storing.mybatis.model.WLMMRF">
    insert into WLMMRF
    <trim prefix="(" suffix=")" suffixOverrides=",">
      <if test="isubmid != null">
        ISUBMID,
      </if>
      <if test="isubrep != null">
        ISUBREP,
      </if>
      <if test="cmrftyp != null">
        CMRFTYP,
      </if>
      <if test="imrfrow != null">
        IMRFROW,
      </if>
      <if test="lmrffle != null">
        LMRFFLE,
      </if>
      <if test="dmrfaut != null">
        DMRFAUT,
      </if>
      <if test="smrfauu != null">
        SMRFAUU,
      </if>
      <if test="smrfaup != null">
        SMRFAUP,
      </if>
    </trim>
    <trim prefix="values (" suffix=")" suffixOverrides=",">
      <if test="isubmid != null">
        #{isubmid,jdbcType=CHAR},
      </if>
      <if test="isubrep != null">
        #{isubrep,jdbcType=INTEGER},
      </if>
      <if test="cmrftyp != null">
        #{cmrftyp,jdbcType=CHAR},
      </if>
      <if test="imrfrow != null">
        #{imrfrow,jdbcType=INTEGER},
      </if>
      <if test="lmrffle != null">
        #{lmrffle,jdbcType=VARCHAR},
      </if>
      <if test="dmrfaut != null">
        #{dmrfaut,jdbcType=TIMESTAMP},
      </if>
      <if test="smrfauu != null">
        #{smrfauu,jdbcType=CHAR},
      </if>
      <if test="smrfaup != null">
        #{smrfaup,jdbcType=CHAR},
      </if>
    </trim>
  </insert>
  <update id="updateByPrimaryKeySelective" parameterType="com.ibm.dk.alr.zscm.scrt.storing.mybatis.model.WLMMRF">
    update WLMMRF
    <set>
      <if test="lmrffle != null">
        LMRFFLE = #{lmrffle,jdbcType=VARCHAR},
      </if>
      <if test="dmrfaut != null">
        DMRFAUT = #{dmrfaut,jdbcType=TIMESTAMP},
      </if>
      <if test="smrfauu != null">
        SMRFAUU = #{smrfauu,jdbcType=CHAR},
      </if>
      <if test="smrfaup != null">
        SMRFAUP = #{smrfaup,jdbcType=CHAR},
      </if>
    </set>
    where ISUBMID = #{isubmid,jdbcType=CHAR}
      and ISUBREP = #{isubrep,jdbcType=INTEGER}
      and CMRFTYP = #{cmrftyp,jdbcType=CHAR}
      and IMRFROW = #{imrfrow,jdbcType=INTEGER}
  </update>
  <update id="updateByPrimaryKey" parameterType="com.ibm.dk.alr.zscm.scrt.storing.mybatis.model.WLMMRF">
    update WLMMRF
    set LMRFFLE = #{lmrffle,jdbcType=VARCHAR},
      DMRFAUT = #{dmrfaut,jdbcType=TIMESTAMP},
      SMRFAUU = #{smrfauu,jdbcType=CHAR},
      SMRFAUP = #{smrfaup,jdbcType=CHAR}
    where ISUBMID = #{isubmid,jdbcType=CHAR}
      and ISUBREP = #{isubrep,jdbcType=INTEGER}
      and CMRFTYP = #{cmrftyp,jdbcType=CHAR}
      and IMRFROW = #{imrfrow,jdbcType=INTEGER}
  </update>
  <resultMap id="BaseResultMap" type="com.ibm.dk.alr.zscm.scrt.storing.mybatis.model.WLMMRF">
    <id column="ISUBMID" jdbcType="CHAR" property="isubmid" />
    <id column="ISUBREP" jdbcType="INTEGER" property="isubrep" />
    <id column="CMRFTYP" jdbcType="CHAR" property="cmrftyp" />
    <id column="IMRFROW" jdbcType="INTEGER" property="imrfrow" />
    <result column="LMRFFLE" jdbcType="VARCHAR" property="lmrffle" />
    <result column="DMRFAUT" jdbcType="TIMESTAMP" property="dmrfaut" />
    <result column="SMRFAUU" jdbcType="CHAR" property="smrfauu" />
    <result column="SMRFAUP" jdbcType="CHAR" property="smrfaup" />
  </resultMap>
  <sql id="Base_Column_List">
    ISUBMID, ISUBREP, CMRFTYP, IMRFROW, LMRFFLE, DMRFAUT, SMRFAUU, SMRFAUP
  </sql>
  <select id="selectByPrimaryKey" parameterType="com.ibm.dk.alr.zscm.scrt.storing.mybatis.model.WLMMRFKey" resultMap="BaseResultMap">
    select 
    <include refid="Base_Column_List" />
    from WLMMRF
    where ISUBMID = #{isubmid,jdbcType=CHAR}
      and ISUBREP = #{isubrep,jdbcType=INTEGER}
      and CMRFTYP = #{cmrftyp,jdbcType=CHAR}
      and IMRFROW = #{imrfrow,jdbcType=INTEGER}
  </select>
  <delete id="deleteByPrimaryKey" parameterType="com.ibm.dk.alr.zscm.scrt.storing.mybatis.model.WLMMRFKey">
    delete from WLMMRF
    where ISUBMID = #{isubmid,jdbcType=CHAR}
      and ISUBREP = #{isubrep,jdbcType=INTEGER}
      and CMRFTYP = #{cmrftyp,jdbcType=CHAR}
      and IMRFROW = #{imrfrow,jdbcType=INTEGER}
  </delete>
  <insert id="insert" parameterType="com.ibm.dk.alr.zscm.scrt.storing.mybatis.model.WLMMRF">
    insert into WLMMRF (ISUBMID, ISUBREP, CMRFTYP, 
      IMRFROW, LMRFFLE, DMRFAUT, 
      SMRFAUU, SMRFAUP)
    values (#{isubmid,jdbcType=CHAR}, #{isubrep,jdbcType=INTEGER}, #{cmrftyp,jdbcType=CHAR}, 
      #{imrfrow,jdbcType=INTEGER}, #{lmrffle,jdbcType=VARCHAR}, #{dmrfaut,jdbcType=TIMESTAMP}, 
      #{smrfauu,jdbcType=CHAR}, #{smrfaup,jdbcType=CHAR})
  </insert>
  <insert id="insertSelective" parameterType="com.ibm.dk.alr.zscm.scrt.storing.mybatis.model.WLMMRF">
    insert into WLMMRF
    <trim prefix="(" suffix=")" suffixOverrides=",">
      <if test="isubmid != null">
        ISUBMID,
      </if>
      <if test="isubrep != null">
        ISUBREP,
      </if>
      <if test="cmrftyp != null">
        CMRFTYP,
      </if>
      <if test="imrfrow != null">
        IMRFROW,
      </if>
      <if test="lmrffle != null">
        LMRFFLE,
      </if>
      <if test="dmrfaut != null">
        DMRFAUT,
      </if>
      <if test="smrfauu != null">
        SMRFAUU,
      </if>
      <if test="smrfaup != null">
        SMRFAUP,
      </if>
    </trim>
    <trim prefix="values (" suffix=")" suffixOverrides=",">
      <if test="isubmid != null">
        #{isubmid,jdbcType=CHAR},
      </if>
      <if test="isubrep != null">
        #{isubrep,jdbcType=INTEGER},
      </if>
      <if test="cmrftyp != null">
        #{cmrftyp,jdbcType=CHAR},
      </if>
      <if test="imrfrow != null">
        #{imrfrow,jdbcType=INTEGER},
      </if>
      <if test="lmrffle != null">
        #{lmrffle,jdbcType=VARCHAR},
      </if>
      <if test="dmrfaut != null">
        #{dmrfaut,jdbcType=TIMESTAMP},
      </if>
      <if test="smrfauu != null">
        #{smrfauu,jdbcType=CHAR},
      </if>
      <if test="smrfaup != null">
        #{smrfaup,jdbcType=CHAR},
      </if>
    </trim>
  </insert>
  <update id="updateByPrimaryKeySelective" parameterType="com.ibm.dk.alr.zscm.scrt.storing.mybatis.model.WLMMRF">
    update WLMMRF
    <set>
      <if test="lmrffle != null">
        LMRFFLE = #{lmrffle,jdbcType=VARCHAR},
      </if>
      <if test="dmrfaut != null">
        DMRFAUT = #{dmrfaut,jdbcType=TIMESTAMP},
      </if>
      <if test="smrfauu != null">
        SMRFAUU = #{smrfauu,jdbcType=CHAR},
      </if>
      <if test="smrfaup != null">
        SMRFAUP = #{smrfaup,jdbcType=CHAR},
      </if>
    </set>
    where ISUBMID = #{isubmid,jdbcType=CHAR}
      and ISUBREP = #{isubrep,jdbcType=INTEGER}
      and CMRFTYP = #{cmrftyp,jdbcType=CHAR}
      and IMRFROW = #{imrfrow,jdbcType=INTEGER}
  </update>
  <update id="updateByPrimaryKey" parameterType="com.ibm.dk.alr.zscm.scrt.storing.mybatis.model.WLMMRF">
    update WLMMRF
    set LMRFFLE = #{lmrffle,jdbcType=VARCHAR},
      DMRFAUT = #{dmrfaut,jdbcType=TIMESTAMP},
      SMRFAUU = #{smrfauu,jdbcType=CHAR},
      SMRFAUP = #{smrfaup,jdbcType=CHAR}
    where ISUBMID = #{isubmid,jdbcType=CHAR}
      and ISUBREP = #{isubrep,jdbcType=INTEGER}
      and CMRFTYP = #{cmrftyp,jdbcType=CHAR}
      and IMRFROW = #{imrfrow,jdbcType=INTEGER}
  </update>
</mapper>