<?xml version="1.0" encoding="UTF-8"?>
<!DOCTYPE mapper PUBLIC "-//mybatis.org//DTD Mapper 3.0//EN" "http://mybatis.org/dtd/mybatis-3-mapper.dtd">
<mapper namespace="com.ibm.dk.alr.zscm.scrt.storing.mybatis.data.WLMPRDMapper">
  <resultMap id="BaseResultMap" type="com.ibm.dk.alr.zscm.scrt.storing.mybatis.model.WLMPRD">
    <result column="ISUBRID" jdbcType="CHAR" property="isubrid" />
    <result column="FSUBSTE" jdbcType="CHAR" property="fsubste" />
    <result column="QPRDTMU" jdbcType="CHAR" property="qprdtmu" />
    <result column="QPRDCMU" jdbcType="CHAR" property="qprdcmu" />
    <result column="QPRDCCM" jdbcType="CHAR" property="qprdccm" />
    <result column="NPRDNME" jdbcType="CHAR" property="nprdnme" />
    <result column="NPRDNBR" jdbcType="CHAR" property="nprdnbr" />
    <result column="CPRDTPE" jdbcType="CHAR" property="cprdtpe" />
    <result column="DPRDAUT" jdbcType="TIMESTAMP" property="dprdaut" />
    <result column="NPRDAUU" jdbcType="CHAR" property="nprdauu" />
    <result column="NPRDAUP" jdbcType="CHAR" property="nprdaup" />
    <result column="ISUBREP" jdbcType="INTEGER" property="isubrep" />
  </resultMap>
  <insert id="insert" parameterType="com.ibm.dk.alr.zscm.scrt.storing.mybatis.model.WLMPRD">
    insert into WLMPRD (ISUBRID, FSUBSTE, QPRDTMU, 
      QPRDCMU, QPRDCCM, NPRDNME, NPRDNBR, 
      CPRDTPE, DPRDAUT, NPRDAUU, 
      NPRDAUP, ISUBREP)
    values (#{isubrid,jdbcType=CHAR}, #{fsubste,jdbcType=CHAR}, #{qprdtmu,jdbcType=CHAR}, 
      #{qprdcmu,jdbcType=CHAR}, #{qprdccm,jdbcType=CHAR}, #{nprdnme,jdbcType=CHAR}, #{nprdnbr,jdbcType=CHAR}, 
      #{cprdtpe,jdbcType=CHAR}, #{dprdaut,jdbcType=TIMESTAMP}, #{nprdauu,jdbcType=CHAR}, 
      #{nprdaup,jdbcType=CHAR}, #{isubrep,jdbcType=INTEGER})
  </insert>
  <insert id="insertSelective" parameterType="com.ibm.dk.alr.zscm.scrt.storing.mybatis.model.WLMPRD">
    insert into WLMPRD
    <trim prefix="(" suffix=")" suffixOverrides=",">
      <if test="isubrid != null">
        ISUBRID,
      </if>
      <if test="fsubste != null">
        FSUBSTE,
      </if>
      <if test="qprdtmu != null">
        QPRDTMU,
      </if>
      <if test="qprdcmu != null">
        QPRDCMU,
      </if>
      <if test="qprdccm != null">
        QPRDCCM,
      </if>
      <if test="nprdnme != null">
        NPRDNME,
      </if>
      <if test="nprdnbr != null">
        NPRDNBR,
      </if>
      <if test="cprdtpe != null">
        CPRDTPE,
      </if>
      <if test="dprdaut != null">
        DPRDAUT,
      </if>
      <if test="nprdauu != null">
        NPRDAUU,
      </if>
      <if test="nprdaup != null">
        NPRDAUP,
      </if>
      <if test="isubrep != null">
        ISUBREP,
      </if>
    </trim>
    <trim prefix="values (" suffix=")" suffixOverrides=",">
      <if test="isubrid != null">
        #{isubrid,jdbcType=CHAR},
      </if>
      <if test="fsubste != null">
        #{fsubste,jdbcType=CHAR},
      </if>
      <if test="qprdtmu != null">
        #{qprdtmu,jdbcType=CHAR},
      </if>
      <if test="qprdcmu != null">
        #{qprdcmu,jdbcType=CHAR},
      </if>
      <if test="qprdccm != null">
        #{qprdccm,jdbcType=CHAR},
      </if>
      <if test="nprdnme != null">
        #{nprdnme,jdbcType=CHAR},
      </if>
      <if test="nprdnbr != null">
        #{nprdnbr,jdbcType=CHAR},
      </if>
      <if test="cprdtpe != null">
        #{cprdtpe,jdbcType=CHAR},
      </if>
      <if test="dprdaut != null">
        #{dprdaut,jdbcType=TIMESTAMP},
      </if>
      <if test="nprdauu != null">
        #{nprdauu,jdbcType=CHAR},
      </if>
      <if test="nprdaup != null">
        #{nprdaup,jdbcType=CHAR},
      </if>
      <if test="isubrep != null">
        #{isubrep,jdbcType=INTEGER},
      </if>
    </trim>
  </insert>
  <resultMap id="BaseResultMap" type="com.ibm.dk.alr.zscm.scrt.storing.mybatis.model.WLMPRD">
    <result column="ISUBRID" jdbcType="CHAR" property="isubrid" />
    <result column="FSUBSTE" jdbcType="CHAR" property="fsubste" />
    <result column="QPRDTMU" jdbcType="CHAR" property="qprdtmu" />
    <result column="QPRDCMU" jdbcType="CHAR" property="qprdcmu" />
    <result column="QPRDCCM" jdbcType="CHAR" property="qprdccm" />
    <result column="NPRDNME" jdbcType="CHAR" property="nprdnme" />
    <result column="NPRDNBR" jdbcType="CHAR" property="nprdnbr" />
    <result column="CPRDTPE" jdbcType="CHAR" property="cprdtpe" />
    <result column="DPRDAUT" jdbcType="TIMESTAMP" property="dprdaut" />
    <result column="NPRDAUU" jdbcType="CHAR" property="nprdauu" />
    <result column="NPRDAUP" jdbcType="CHAR" property="nprdaup" />
    <result column="ISUBREP" jdbcType="INTEGER" property="isubrep" />
  </resultMap>
  <insert id="insert" parameterType="com.ibm.dk.alr.zscm.scrt.storing.mybatis.model.WLMPRD">
    insert into WLMPRD (ISUBRID, FSUBSTE, QPRDTMU, 
      QPRDCMU, QPRDCCM, NPRDNME, NPRDNBR, 
      CPRDTPE, DPRDAUT, NPRDAUU, 
      NPRDAUP, ISUBREP)
    values (#{isubrid,jdbcType=CHAR}, #{fsubste,jdbcType=CHAR}, #{qprdtmu,jdbcType=CHAR}, 
      #{qprdcmu,jdbcType=CHAR}, #{qprdccm,jdbcType=CHAR}, #{nprdnme,jdbcType=CHAR}, #{nprdnbr,jdbcType=CHAR}, 
      #{cprdtpe,jdbcType=CHAR}, #{dprdaut,jdbcType=TIMESTAMP}, #{nprdauu,jdbcType=CHAR}, 
      #{nprdaup,jdbcType=CHAR}, #{isubrep,jdbcType=INTEGER})
  </insert>
  <insert id="insertSelective" parameterType="com.ibm.dk.alr.zscm.scrt.storing.mybatis.model.WLMPRD">
    insert into WLMPRD
    <trim prefix="(" suffix=")" suffixOverrides=",">
      <if test="isubrid != null">
        ISUBRID,
      </if>
      <if test="fsubste != null">
        FSUBSTE,
      </if>
      <if test="qprdtmu != null">
        QPRDTMU,
      </if>
      <if test="qprdcmu != null">
        QPRDCMU,
      </if>
      <if test="qprdccm != null">
        QPRDCCM,
      </if>
      <if test="nprdnme != null">
        NPRDNME,
      </if>
      <if test="nprdnbr != null">
        NPRDNBR,
      </if>
      <if test="cprdtpe != null">
        CPRDTPE,
      </if>
      <if test="dprdaut != null">
        DPRDAUT,
      </if>
      <if test="nprdauu != null">
        NPRDAUU,
      </if>
      <if test="nprdaup != null">
        NPRDAUP,
      </if>
      <if test="isubrep != null">
        ISUBREP,
      </if>
    </trim>
    <trim prefix="values (" suffix=")" suffixOverrides=",">
      <if test="isubrid != null">
        #{isubrid,jdbcType=CHAR},
      </if>
      <if test="fsubste != null">
        #{fsubste,jdbcType=CHAR},
      </if>
      <if test="qprdtmu != null">
        #{qprdtmu,jdbcType=CHAR},
      </if>
      <if test="qprdcmu != null">
        #{qprdcmu,jdbcType=CHAR},
      </if>
      <if test="qprdccm != null">
        #{qprdccm,jdbcType=CHAR},
      </if>
      <if test="nprdnme != null">
        #{nprdnme,jdbcType=CHAR},
      </if>
      <if test="nprdnbr != null">
        #{nprdnbr,jdbcType=CHAR},
      </if>
      <if test="cprdtpe != null">
        #{cprdtpe,jdbcType=CHAR},
      </if>
      <if test="dprdaut != null">
        #{dprdaut,jdbcType=TIMESTAMP},
      </if>
      <if test="nprdauu != null">
        #{nprdauu,jdbcType=CHAR},
      </if>
      <if test="nprdaup != null">
        #{nprdaup,jdbcType=CHAR},
      </if>
      <if test="isubrep != null">
        #{isubrep,jdbcType=INTEGER},
      </if>
    </trim>
  </insert>
  <resultMap id="BaseResultMap" type="com.ibm.dk.alr.zscm.scrt.storing.mybatis.model.WLMPRD">
    <result column="ISUBRID" jdbcType="CHAR" property="isubrid" />
    <result column="FSUBSTE" jdbcType="CHAR" property="fsubste" />
    <result column="QPRDTMU" jdbcType="CHAR" property="qprdtmu" />
    <result column="QPRDCMU" jdbcType="CHAR" property="qprdcmu" />
    <result column="QPRDCCM" jdbcType="CHAR" property="qprdccm" />
    <result column="NPRDNME" jdbcType="CHAR" property="nprdnme" />
    <result column="NPRDNBR" jdbcType="CHAR" property="nprdnbr" />
    <result column="CPRDTPE" jdbcType="CHAR" property="cprdtpe" />
    <result column="DPRDAUT" jdbcType="TIMESTAMP" property="dprdaut" />
    <result column="NPRDAUU" jdbcType="CHAR" property="nprdauu" />
    <result column="NPRDAUP" jdbcType="CHAR" property="nprdaup" />
    <result column="ISUBREP" jdbcType="INTEGER" property="isubrep" />
  </resultMap>
  <insert id="insert" parameterType="com.ibm.dk.alr.zscm.scrt.storing.mybatis.model.WLMPRD">
    insert into WLMPRD (ISUBRID, FSUBSTE, QPRDTMU, 
      QPRDCMU, QPRDCCM, NPRDNME, NPRDNBR, 
      CPRDTPE, DPRDAUT, NPRDAUU, 
      NPRDAUP, ISUBREP)
    values (#{isubrid,jdbcType=CHAR}, #{fsubste,jdbcType=CHAR}, #{qprdtmu,jdbcType=CHAR}, 
      #{qprdcmu,jdbcType=CHAR}, #{qprdccm,jdbcType=CHAR}, #{nprdnme,jdbcType=CHAR}, #{nprdnbr,jdbcType=CHAR}, 
      #{cprdtpe,jdbcType=CHAR}, #{dprdaut,jdbcType=TIMESTAMP}, #{nprdauu,jdbcType=CHAR}, 
      #{nprdaup,jdbcType=CHAR}, #{isubrep,jdbcType=INTEGER})
  </insert>
  <insert id="insertSelective" parameterType="com.ibm.dk.alr.zscm.scrt.storing.mybatis.model.WLMPRD">
    insert into WLMPRD
    <trim prefix="(" suffix=")" suffixOverrides=",">
      <if test="isubrid != null">
        ISUBRID,
      </if>
      <if test="fsubste != null">
        FSUBSTE,
      </if>
      <if test="qprdtmu != null">
        QPRDTMU,
      </if>
      <if test="qprdcmu != null">
        QPRDCMU,
      </if>
      <if test="qprdccm != null">
        QPRDCCM,
      </if>
      <if test="nprdnme != null">
        NPRDNME,
      </if>
      <if test="nprdnbr != null">
        NPRDNBR,
      </if>
      <if test="cprdtpe != null">
        CPRDTPE,
      </if>
      <if test="dprdaut != null">
        DPRDAUT,
      </if>
      <if test="nprdauu != null">
        NPRDAUU,
      </if>
      <if test="nprdaup != null">
        NPRDAUP,
      </if>
      <if test="isubrep != null">
        ISUBREP,
      </if>
    </trim>
    <trim prefix="values (" suffix=")" suffixOverrides=",">
      <if test="isubrid != null">
        #{isubrid,jdbcType=CHAR},
      </if>
      <if test="fsubste != null">
        #{fsubste,jdbcType=CHAR},
      </if>
      <if test="qprdtmu != null">
        #{qprdtmu,jdbcType=CHAR},
      </if>
      <if test="qprdcmu != null">
        #{qprdcmu,jdbcType=CHAR},
      </if>
      <if test="qprdccm != null">
        #{qprdccm,jdbcType=CHAR},
      </if>
      <if test="nprdnme != null">
        #{nprdnme,jdbcType=CHAR},
      </if>
      <if test="nprdnbr != null">
        #{nprdnbr,jdbcType=CHAR},
      </if>
      <if test="cprdtpe != null">
        #{cprdtpe,jdbcType=CHAR},
      </if>
      <if test="dprdaut != null">
        #{dprdaut,jdbcType=TIMESTAMP},
      </if>
      <if test="nprdauu != null">
        #{nprdauu,jdbcType=CHAR},
      </if>
      <if test="nprdaup != null">
        #{nprdaup,jdbcType=CHAR},
      </if>
      <if test="isubrep != null">
        #{isubrep,jdbcType=INTEGER},
      </if>
    </trim>
  </insert>
  <resultMap id="BaseResultMap" type="com.ibm.dk.alr.zscm.scrt.storing.mybatis.model.WLMPRD">
    <result column="ISUBRID" jdbcType="CHAR" property="isubrid" />
    <result column="FSUBSTE" jdbcType="CHAR" property="fsubste" />
    <result column="QPRDTMU" jdbcType="CHAR" property="qprdtmu" />
    <result column="QPRDCMU" jdbcType="CHAR" property="qprdcmu" />
    <result column="QPRDCCM" jdbcType="CHAR" property="qprdccm" />
    <result column="NPRDNME" jdbcType="CHAR" property="nprdnme" />
    <result column="NPRDNBR" jdbcType="CHAR" property="nprdnbr" />
    <result column="CPRDTPE" jdbcType="CHAR" property="cprdtpe" />
    <result column="DPRDAUT" jdbcType="TIMESTAMP" property="dprdaut" />
    <result column="NPRDAUU" jdbcType="CHAR" property="nprdauu" />
    <result column="NPRDAUP" jdbcType="CHAR" property="nprdaup" />
    <result column="ISUBREP" jdbcType="INTEGER" property="isubrep" />
  </resultMap>
  <insert id="insert" parameterType="com.ibm.dk.alr.zscm.scrt.storing.mybatis.model.WLMPRD">
    insert into WLMPRD (ISUBRID, FSUBSTE, QPRDTMU, 
      QPRDCMU, QPRDCCM, NPRDNME, NPRDNBR, 
      CPRDTPE, DPRDAUT, NPRDAUU, 
      NPRDAUP, ISUBREP)
    values (#{isubrid,jdbcType=CHAR}, #{fsubste,jdbcType=CHAR}, #{qprdtmu,jdbcType=CHAR}, 
      #{qprdcmu,jdbcType=CHAR}, #{qprdccm,jdbcType=CHAR}, #{nprdnme,jdbcType=CHAR}, #{nprdnbr,jdbcType=CHAR}, 
      #{cprdtpe,jdbcType=CHAR}, #{dprdaut,jdbcType=TIMESTAMP}, #{nprdauu,jdbcType=CHAR}, 
      #{nprdaup,jdbcType=CHAR}, #{isubrep,jdbcType=INTEGER})
  </insert>
  <insert id="insertSelective" parameterType="com.ibm.dk.alr.zscm.scrt.storing.mybatis.model.WLMPRD">
    insert into WLMPRD
    <trim prefix="(" suffix=")" suffixOverrides=",">
      <if test="isubrid != null">
        ISUBRID,
      </if>
      <if test="fsubste != null">
        FSUBSTE,
      </if>
      <if test="qprdtmu != null">
        QPRDTMU,
      </if>
      <if test="qprdcmu != null">
        QPRDCMU,
      </if>
      <if test="qprdccm != null">
        QPRDCCM,
      </if>
      <if test="nprdnme != null">
        NPRDNME,
      </if>
      <if test="nprdnbr != null">
        NPRDNBR,
      </if>
      <if test="cprdtpe != null">
        CPRDTPE,
      </if>
      <if test="dprdaut != null">
        DPRDAUT,
      </if>
      <if test="nprdauu != null">
        NPRDAUU,
      </if>
      <if test="nprdaup != null">
        NPRDAUP,
      </if>
      <if test="isubrep != null">
        ISUBREP,
      </if>
    </trim>
    <trim prefix="values (" suffix=")" suffixOverrides=",">
      <if test="isubrid != null">
        #{isubrid,jdbcType=CHAR},
      </if>
      <if test="fsubste != null">
        #{fsubste,jdbcType=CHAR},
      </if>
      <if test="qprdtmu != null">
        #{qprdtmu,jdbcType=CHAR},
      </if>
      <if test="qprdcmu != null">
        #{qprdcmu,jdbcType=CHAR},
      </if>
      <if test="qprdccm != null">
        #{qprdccm,jdbcType=CHAR},
      </if>
      <if test="nprdnme != null">
        #{nprdnme,jdbcType=CHAR},
      </if>
      <if test="nprdnbr != null">
        #{nprdnbr,jdbcType=CHAR},
      </if>
      <if test="cprdtpe != null">
        #{cprdtpe,jdbcType=CHAR},
      </if>
      <if test="dprdaut != null">
        #{dprdaut,jdbcType=TIMESTAMP},
      </if>
      <if test="nprdauu != null">
        #{nprdauu,jdbcType=CHAR},
      </if>
      <if test="nprdaup != null">
        #{nprdaup,jdbcType=CHAR},
      </if>
      <if test="isubrep != null">
        #{isubrep,jdbcType=INTEGER},
      </if>
    </trim>
  </insert>
  <resultMap id="BaseResultMap" type="com.ibm.dk.alr.zscm.scrt.storing.mybatis.model.WLMPRD">
    <result column="ISUBRID" jdbcType="CHAR" property="isubrid" />
    <result column="FSUBSTE" jdbcType="CHAR" property="fsubste" />
    <result column="QPRDTMU" jdbcType="CHAR" property="qprdtmu" />
    <result column="QPRDCMU" jdbcType="CHAR" property="qprdcmu" />
    <result column="QPRDCCM" jdbcType="CHAR" property="qprdccm" />
    <result column="NPRDNME" jdbcType="CHAR" property="nprdnme" />
    <result column="NPRDNBR" jdbcType="CHAR" property="nprdnbr" />
    <result column="CPRDTPE" jdbcType="CHAR" property="cprdtpe" />
    <result column="DPRDAUT" jdbcType="TIMESTAMP" property="dprdaut" />
    <result column="NPRDAUU" jdbcType="CHAR" property="nprdauu" />
    <result column="NPRDAUP" jdbcType="CHAR" property="nprdaup" />
    <result column="ISUBREP" jdbcType="INTEGER" property="isubrep" />
  </resultMap>
  <insert id="insert" parameterType="com.ibm.dk.alr.zscm.scrt.storing.mybatis.model.WLMPRD">
    insert into WLMPRD (ISUBRID, FSUBSTE, QPRDTMU, 
      QPRDCMU, QPRDCCM, NPRDNME, NPRDNBR, 
      CPRDTPE, DPRDAUT, NPRDAUU, 
      NPRDAUP, ISUBREP)
    values (#{isubrid,jdbcType=CHAR}, #{fsubste,jdbcType=CHAR}, #{qprdtmu,jdbcType=CHAR}, 
      #{qprdcmu,jdbcType=CHAR}, #{qprdccm,jdbcType=CHAR}, #{nprdnme,jdbcType=CHAR}, #{nprdnbr,jdbcType=CHAR}, 
      #{cprdtpe,jdbcType=CHAR}, #{dprdaut,jdbcType=TIMESTAMP}, #{nprdauu,jdbcType=CHAR}, 
      #{nprdaup,jdbcType=CHAR}, #{isubrep,jdbcType=INTEGER})
  </insert>
  <insert id="insertSelective" parameterType="com.ibm.dk.alr.zscm.scrt.storing.mybatis.model.WLMPRD">
    insert into WLMPRD
    <trim prefix="(" suffix=")" suffixOverrides=",">
      <if test="isubrid != null">
        ISUBRID,
      </if>
      <if test="fsubste != null">
        FSUBSTE,
      </if>
      <if test="qprdtmu != null">
        QPRDTMU,
      </if>
      <if test="qprdcmu != null">
        QPRDCMU,
      </if>
      <if test="qprdccm != null">
        QPRDCCM,
      </if>
      <if test="nprdnme != null">
        NPRDNME,
      </if>
      <if test="nprdnbr != null">
        NPRDNBR,
      </if>
      <if test="cprdtpe != null">
        CPRDTPE,
      </if>
      <if test="dprdaut != null">
        DPRDAUT,
      </if>
      <if test="nprdauu != null">
        NPRDAUU,
      </if>
      <if test="nprdaup != null">
        NPRDAUP,
      </if>
      <if test="isubrep != null">
        ISUBREP,
      </if>
    </trim>
    <trim prefix="values (" suffix=")" suffixOverrides=",">
      <if test="isubrid != null">
        #{isubrid,jdbcType=CHAR},
      </if>
      <if test="fsubste != null">
        #{fsubste,jdbcType=CHAR},
      </if>
      <if test="qprdtmu != null">
        #{qprdtmu,jdbcType=CHAR},
      </if>
      <if test="qprdcmu != null">
        #{qprdcmu,jdbcType=CHAR},
      </if>
      <if test="qprdccm != null">
        #{qprdccm,jdbcType=CHAR},
      </if>
      <if test="nprdnme != null">
        #{nprdnme,jdbcType=CHAR},
      </if>
      <if test="nprdnbr != null">
        #{nprdnbr,jdbcType=CHAR},
      </if>
      <if test="cprdtpe != null">
        #{cprdtpe,jdbcType=CHAR},
      </if>
      <if test="dprdaut != null">
        #{dprdaut,jdbcType=TIMESTAMP},
      </if>
      <if test="nprdauu != null">
        #{nprdauu,jdbcType=CHAR},
      </if>
      <if test="nprdaup != null">
        #{nprdaup,jdbcType=CHAR},
      </if>
      <if test="isubrep != null">
        #{isubrep,jdbcType=INTEGER},
      </if>
    </trim>
  </insert>
  <resultMap id="BaseResultMap" type="com.ibm.dk.alr.zscm.scrt.storing.mybatis.model.WLMPRD">
    <result column="ISUBRID" jdbcType="CHAR" property="isubrid" />
    <result column="FSUBSTE" jdbcType="CHAR" property="fsubste" />
    <result column="QPRDTMU" jdbcType="CHAR" property="qprdtmu" />
    <result column="QPRDCMU" jdbcType="CHAR" property="qprdcmu" />
    <result column="QPRDCCM" jdbcType="CHAR" property="qprdccm" />
    <result column="NPRDNME" jdbcType="CHAR" property="nprdnme" />
    <result column="NPRDNBR" jdbcType="CHAR" property="nprdnbr" />
    <result column="CPRDTPE" jdbcType="CHAR" property="cprdtpe" />
    <result column="DPRDAUT" jdbcType="TIMESTAMP" property="dprdaut" />
    <result column="NPRDAUU" jdbcType="CHAR" property="nprdauu" />
    <result column="NPRDAUP" jdbcType="CHAR" property="nprdaup" />
    <result column="ISUBREP" jdbcType="INTEGER" property="isubrep" />
  </resultMap>
  <insert id="insert" parameterType="com.ibm.dk.alr.zscm.scrt.storing.mybatis.model.WLMPRD">
    insert into WLMPRD (ISUBRID, FSUBSTE, QPRDTMU, 
      QPRDCMU, QPRDCCM, NPRDNME, NPRDNBR, 
      CPRDTPE, DPRDAUT, NPRDAUU, 
      NPRDAUP, ISUBREP)
    values (#{isubrid,jdbcType=CHAR}, #{fsubste,jdbcType=CHAR}, #{qprdtmu,jdbcType=CHAR}, 
      #{qprdcmu,jdbcType=CHAR}, #{qprdccm,jdbcType=CHAR}, #{nprdnme,jdbcType=CHAR}, #{nprdnbr,jdbcType=CHAR}, 
      #{cprdtpe,jdbcType=CHAR}, #{dprdaut,jdbcType=TIMESTAMP}, #{nprdauu,jdbcType=CHAR}, 
      #{nprdaup,jdbcType=CHAR}, #{isubrep,jdbcType=INTEGER})
  </insert>
  <insert id="insertSelective" parameterType="com.ibm.dk.alr.zscm.scrt.storing.mybatis.model.WLMPRD">
    insert into WLMPRD
    <trim prefix="(" suffix=")" suffixOverrides=",">
      <if test="isubrid != null">
        ISUBRID,
      </if>
      <if test="fsubste != null">
        FSUBSTE,
      </if>
      <if test="qprdtmu != null">
        QPRDTMU,
      </if>
      <if test="qprdcmu != null">
        QPRDCMU,
      </if>
      <if test="qprdccm != null">
        QPRDCCM,
      </if>
      <if test="nprdnme != null">
        NPRDNME,
      </if>
      <if test="nprdnbr != null">
        NPRDNBR,
      </if>
      <if test="cprdtpe != null">
        CPRDTPE,
      </if>
      <if test="dprdaut != null">
        DPRDAUT,
      </if>
      <if test="nprdauu != null">
        NPRDAUU,
      </if>
      <if test="nprdaup != null">
        NPRDAUP,
      </if>
      <if test="isubrep != null">
        ISUBREP,
      </if>
    </trim>
    <trim prefix="values (" suffix=")" suffixOverrides=",">
      <if test="isubrid != null">
        #{isubrid,jdbcType=CHAR},
      </if>
      <if test="fsubste != null">
        #{fsubste,jdbcType=CHAR},
      </if>
      <if test="qprdtmu != null">
        #{qprdtmu,jdbcType=CHAR},
      </if>
      <if test="qprdcmu != null">
        #{qprdcmu,jdbcType=CHAR},
      </if>
      <if test="qprdccm != null">
        #{qprdccm,jdbcType=CHAR},
      </if>
      <if test="nprdnme != null">
        #{nprdnme,jdbcType=CHAR},
      </if>
      <if test="nprdnbr != null">
        #{nprdnbr,jdbcType=CHAR},
      </if>
      <if test="cprdtpe != null">
        #{cprdtpe,jdbcType=CHAR},
      </if>
      <if test="dprdaut != null">
        #{dprdaut,jdbcType=TIMESTAMP},
      </if>
      <if test="nprdauu != null">
        #{nprdauu,jdbcType=CHAR},
      </if>
      <if test="nprdaup != null">
        #{nprdaup,jdbcType=CHAR},
      </if>
      <if test="isubrep != null">
        #{isubrep,jdbcType=INTEGER},
      </if>
    </trim>
  </insert>
  <resultMap id="BaseResultMap" type="com.ibm.dk.alr.zscm.scrt.storing.mybatis.model.WLMPRD">
    <result column="ISUBRID" jdbcType="CHAR" property="isubrid" />
    <result column="FSUBSTE" jdbcType="CHAR" property="fsubste" />
    <result column="QPRDTMU" jdbcType="CHAR" property="qprdtmu" />
    <result column="QPRDCMU" jdbcType="CHAR" property="qprdcmu" />
    <result column="QPRDCCM" jdbcType="CHAR" property="qprdccm" />
    <result column="NPRDNME" jdbcType="CHAR" property="nprdnme" />
    <result column="NPRDNBR" jdbcType="CHAR" property="nprdnbr" />
    <result column="CPRDTPE" jdbcType="CHAR" property="cprdtpe" />
    <result column="DPRDAUT" jdbcType="TIMESTAMP" property="dprdaut" />
    <result column="NPRDAUU" jdbcType="CHAR" property="nprdauu" />
    <result column="NPRDAUP" jdbcType="CHAR" property="nprdaup" />
    <result column="ISUBREP" jdbcType="INTEGER" property="isubrep" />
  </resultMap>
  <insert id="insert" parameterType="com.ibm.dk.alr.zscm.scrt.storing.mybatis.model.WLMPRD">
    insert into WLMPRD (ISUBRID, FSUBSTE, QPRDTMU, 
      QPRDCMU, QPRDCCM, NPRDNME, NPRDNBR, 
      CPRDTPE, DPRDAUT, NPRDAUU, 
      NPRDAUP, ISUBREP)
    values (#{isubrid,jdbcType=CHAR}, #{fsubste,jdbcType=CHAR}, #{qprdtmu,jdbcType=CHAR}, 
      #{qprdcmu,jdbcType=CHAR}, #{qprdccm,jdbcType=CHAR}, #{nprdnme,jdbcType=CHAR}, #{nprdnbr,jdbcType=CHAR}, 
      #{cprdtpe,jdbcType=CHAR}, #{dprdaut,jdbcType=TIMESTAMP}, #{nprdauu,jdbcType=CHAR}, 
      #{nprdaup,jdbcType=CHAR}, #{isubrep,jdbcType=INTEGER})
  </insert>
  <insert id="insertSelective" parameterType="com.ibm.dk.alr.zscm.scrt.storing.mybatis.model.WLMPRD">
    insert into WLMPRD
    <trim prefix="(" suffix=")" suffixOverrides=",">
      <if test="isubrid != null">
        ISUBRID,
      </if>
      <if test="fsubste != null">
        FSUBSTE,
      </if>
      <if test="qprdtmu != null">
        QPRDTMU,
      </if>
      <if test="qprdcmu != null">
        QPRDCMU,
      </if>
      <if test="qprdccm != null">
        QPRDCCM,
      </if>
      <if test="nprdnme != null">
        NPRDNME,
      </if>
      <if test="nprdnbr != null">
        NPRDNBR,
      </if>
      <if test="cprdtpe != null">
        CPRDTPE,
      </if>
      <if test="dprdaut != null">
        DPRDAUT,
      </if>
      <if test="nprdauu != null">
        NPRDAUU,
      </if>
      <if test="nprdaup != null">
        NPRDAUP,
      </if>
      <if test="isubrep != null">
        ISUBREP,
      </if>
    </trim>
    <trim prefix="values (" suffix=")" suffixOverrides=",">
      <if test="isubrid != null">
        #{isubrid,jdbcType=CHAR},
      </if>
      <if test="fsubste != null">
        #{fsubste,jdbcType=CHAR},
      </if>
      <if test="qprdtmu != null">
        #{qprdtmu,jdbcType=CHAR},
      </if>
      <if test="qprdcmu != null">
        #{qprdcmu,jdbcType=CHAR},
      </if>
      <if test="qprdccm != null">
        #{qprdccm,jdbcType=CHAR},
      </if>
      <if test="nprdnme != null">
        #{nprdnme,jdbcType=CHAR},
      </if>
      <if test="nprdnbr != null">
        #{nprdnbr,jdbcType=CHAR},
      </if>
      <if test="cprdtpe != null">
        #{cprdtpe,jdbcType=CHAR},
      </if>
      <if test="dprdaut != null">
        #{dprdaut,jdbcType=TIMESTAMP},
      </if>
      <if test="nprdauu != null">
        #{nprdauu,jdbcType=CHAR},
      </if>
      <if test="nprdaup != null">
        #{nprdaup,jdbcType=CHAR},
      </if>
      <if test="isubrep != null">
        #{isubrep,jdbcType=INTEGER},
      </if>
    </trim>
  </insert>
  <resultMap id="BaseResultMap" type="com.ibm.dk.alr.zscm.scrt.storing.mybatis.model.WLMPRD">
    <result column="ISUBRID" jdbcType="CHAR" property="isubrid" />
    <result column="FSUBSTE" jdbcType="CHAR" property="fsubste" />
    <result column="QPRDTMU" jdbcType="CHAR" property="qprdtmu" />
    <result column="QPRDCMU" jdbcType="CHAR" property="qprdcmu" />
    <result column="QPRDCCM" jdbcType="CHAR" property="qprdccm" />
    <result column="NPRDNME" jdbcType="CHAR" property="nprdnme" />
    <result column="NPRDNBR" jdbcType="CHAR" property="nprdnbr" />
    <result column="CPRDTPE" jdbcType="CHAR" property="cprdtpe" />
    <result column="DPRDAUT" jdbcType="TIMESTAMP" property="dprdaut" />
    <result column="NPRDAUU" jdbcType="CHAR" property="nprdauu" />
    <result column="NPRDAUP" jdbcType="CHAR" property="nprdaup" />
    <result column="ISUBREP" jdbcType="INTEGER" property="isubrep" />
  </resultMap>
  <insert id="insert" parameterType="com.ibm.dk.alr.zscm.scrt.storing.mybatis.model.WLMPRD">
    insert into WLMPRD (ISUBRID, FSUBSTE, QPRDTMU, 
      QPRDCMU, QPRDCCM, NPRDNME, NPRDNBR, 
      CPRDTPE, DPRDAUT, NPRDAUU, 
      NPRDAUP, ISUBREP)
    values (#{isubrid,jdbcType=CHAR}, #{fsubste,jdbcType=CHAR}, #{qprdtmu,jdbcType=CHAR}, 
      #{qprdcmu,jdbcType=CHAR}, #{qprdccm,jdbcType=CHAR}, #{nprdnme,jdbcType=CHAR}, #{nprdnbr,jdbcType=CHAR}, 
      #{cprdtpe,jdbcType=CHAR}, #{dprdaut,jdbcType=TIMESTAMP}, #{nprdauu,jdbcType=CHAR}, 
      #{nprdaup,jdbcType=CHAR}, #{isubrep,jdbcType=INTEGER})
  </insert>
  <insert id="insertSelective" parameterType="com.ibm.dk.alr.zscm.scrt.storing.mybatis.model.WLMPRD">
    insert into WLMPRD
    <trim prefix="(" suffix=")" suffixOverrides=",">
      <if test="isubrid != null">
        ISUBRID,
      </if>
      <if test="fsubste != null">
        FSUBSTE,
      </if>
      <if test="qprdtmu != null">
        QPRDTMU,
      </if>
      <if test="qprdcmu != null">
        QPRDCMU,
      </if>
      <if test="qprdccm != null">
        QPRDCCM,
      </if>
      <if test="nprdnme != null">
        NPRDNME,
      </if>
      <if test="nprdnbr != null">
        NPRDNBR,
      </if>
      <if test="cprdtpe != null">
        CPRDTPE,
      </if>
      <if test="dprdaut != null">
        DPRDAUT,
      </if>
      <if test="nprdauu != null">
        NPRDAUU,
      </if>
      <if test="nprdaup != null">
        NPRDAUP,
      </if>
      <if test="isubrep != null">
        ISUBREP,
      </if>
    </trim>
    <trim prefix="values (" suffix=")" suffixOverrides=",">
      <if test="isubrid != null">
        #{isubrid,jdbcType=CHAR},
      </if>
      <if test="fsubste != null">
        #{fsubste,jdbcType=CHAR},
      </if>
      <if test="qprdtmu != null">
        #{qprdtmu,jdbcType=CHAR},
      </if>
      <if test="qprdcmu != null">
        #{qprdcmu,jdbcType=CHAR},
      </if>
      <if test="qprdccm != null">
        #{qprdccm,jdbcType=CHAR},
      </if>
      <if test="nprdnme != null">
        #{nprdnme,jdbcType=CHAR},
      </if>
      <if test="nprdnbr != null">
        #{nprdnbr,jdbcType=CHAR},
      </if>
      <if test="cprdtpe != null">
        #{cprdtpe,jdbcType=CHAR},
      </if>
      <if test="dprdaut != null">
        #{dprdaut,jdbcType=TIMESTAMP},
      </if>
      <if test="nprdauu != null">
        #{nprdauu,jdbcType=CHAR},
      </if>
      <if test="nprdaup != null">
        #{nprdaup,jdbcType=CHAR},
      </if>
      <if test="isubrep != null">
        #{isubrep,jdbcType=INTEGER},
      </if>
    </trim>
  </insert>
</mapper>