<?xml version="1.0" encoding="UTF-8"?>
<!DOCTYPE mapper PUBLIC "-//mybatis.org//DTD Mapper 3.0//EN" "http://mybatis.org/dtd/mybatis-3-mapper.dtd">
<mapper namespace="com.ibm.dk.alr.zscm.scrt.storing.mybatis.data.WLMREPMapper">
  <resultMap id="BaseResultMap" type="com.ibm.dk.alr.zscm.scrt.storing.mybatis.model.WLMREP">
    <id column="ISUBRID" jdbcType="CHAR" property="isubrid" />
    <id column="ISUBREP" jdbcType="INTEGER" property="isubrep" />
    <result column="ICUSLEG" jdbcType="CHAR" property="icusleg" />
    <result column="IREPMCH" jdbcType="CHAR" property="irepmch" />
    <result column="NREPTRP" jdbcType="CHAR" property="nreptrp" />
    <result column="DSUBRPS" jdbcType="DATE" property="dsubrps" />
    <result column="SREPAUU" jdbcType="CHAR" property="srepauu" />
    <result column="SREPAUP" jdbcType="CHAR" property="srepaup" />
    <result column="SREPAUT" jdbcType="TIMESTAMP" property="srepaut" />
  </resultMap>
  <sql id="Base_Column_List">
    ISUBRID, ISUBREP, ICUSLEG, IREPMCH, NREPTRP, DSUBRPS, SREPAUU, SREPAUP, SREPAUT
  </sql>
  <select id="selectByPrimaryKey" parameterType="com.ibm.dk.alr.zscm.scrt.storing.mybatis.model.WLMREPKey" resultMap="BaseResultMap">
    select 
    <include refid="Base_Column_List" />
    from WLMREP
    where ISUBRID = #{isubrid,jdbcType=CHAR}
      and ISUBREP = #{isubrep,jdbcType=INTEGER}
  </select>
  <delete id="deleteByPrimaryKey" parameterType="com.ibm.dk.alr.zscm.scrt.storing.mybatis.model.WLMREPKey">
    delete from WLMREP
    where ISUBRID = #{isubrid,jdbcType=CHAR}
      and ISUBREP = #{isubrep,jdbcType=INTEGER}
  </delete>
  <insert id="insert" parameterType="com.ibm.dk.alr.zscm.scrt.storing.mybatis.model.WLMREP">
    insert into WLMREP (ISUBRID, ISUBREP, ICUSLEG, 
      IREPMCH, NREPTRP, DSUBRPS, SREPAUU, 
      SREPAUP, SREPAUT)
    values (#{isubrid,jdbcType=CHAR}, #{isubrep,jdbcType=INTEGER}, #{icusleg,jdbcType=CHAR}, 
      #{irepmch,jdbcType=CHAR}, #{nreptrp,jdbcType=CHAR}, #{dsubrps,jdbcType=DATE}, #{srepauu,jdbcType=CHAR}, 
      #{srepaup,jdbcType=CHAR}, #{srepaut,jdbcType=TIMESTAMP})
  </insert>
  <insert id="insertSelective" parameterType="com.ibm.dk.alr.zscm.scrt.storing.mybatis.model.WLMREP">
    insert into WLMREP
    <trim prefix="(" suffix=")" suffixOverrides=",">
      <if test="isubrid != null">
        ISUBRID,
      </if>
      <if test="isubrep != null">
        ISUBREP,
      </if>
      <if test="icusleg != null">
        ICUSLEG,
      </if>
      <if test="irepmch != null">
        IREPMCH,
      </if>
      <if test="nreptrp != null">
        NREPTRP,
      </if>
      <if test="dsubrps != null">
        DSUBRPS,
      </if>
      <if test="srepauu != null">
        SREPAUU,
      </if>
      <if test="srepaup != null">
        SREPAUP,
      </if>
      <if test="srepaut != null">
        SREPAUT,
      </if>
    </trim>
    <trim prefix="values (" suffix=")" suffixOverrides=",">
      <if test="isubrid != null">
        #{isubrid,jdbcType=CHAR},
      </if>
      <if test="isubrep != null">
        #{isubrep,jdbcType=INTEGER},
      </if>
      <if test="icusleg != null">
        #{icusleg,jdbcType=CHAR},
      </if>
      <if test="irepmch != null">
        #{irepmch,jdbcType=CHAR},
      </if>
      <if test="nreptrp != null">
        #{nreptrp,jdbcType=CHAR},
      </if>
      <if test="dsubrps != null">
        #{dsubrps,jdbcType=DATE},
      </if>
      <if test="srepauu != null">
        #{srepauu,jdbcType=CHAR},
      </if>
      <if test="srepaup != null">
        #{srepaup,jdbcType=CHAR},
      </if>
      <if test="srepaut != null">
        #{srepaut,jdbcType=TIMESTAMP},
      </if>
    </trim>
  </insert>
  <update id="updateByPrimaryKeySelective" parameterType="com.ibm.dk.alr.zscm.scrt.storing.mybatis.model.WLMREP">
    update WLMREP
    <set>
      <if test="icusleg != null">
        ICUSLEG = #{icusleg,jdbcType=CHAR},
      </if>
      <if test="irepmch != null">
        IREPMCH = #{irepmch,jdbcType=CHAR},
      </if>
      <if test="nreptrp != null">
        NREPTRP = #{nreptrp,jdbcType=CHAR},
      </if>
      <if test="dsubrps != null">
        DSUBRPS = #{dsubrps,jdbcType=DATE},
      </if>
      <if test="srepauu != null">
        SREPAUU = #{srepauu,jdbcType=CHAR},
      </if>
      <if test="srepaup != null">
        SREPAUP = #{srepaup,jdbcType=CHAR},
      </if>
      <if test="srepaut != null">
        SREPAUT = #{srepaut,jdbcType=TIMESTAMP},
      </if>
    </set>
    where ISUBRID = #{isubrid,jdbcType=CHAR}
      and ISUBREP = #{isubrep,jdbcType=INTEGER}
  </update>
  <update id="updateByPrimaryKey" parameterType="com.ibm.dk.alr.zscm.scrt.storing.mybatis.model.WLMREP">
    update WLMREP
    set ICUSLEG = #{icusleg,jdbcType=CHAR},
      IREPMCH = #{irepmch,jdbcType=CHAR},
      NREPTRP = #{nreptrp,jdbcType=CHAR},
      DSUBRPS = #{dsubrps,jdbcType=DATE},
      SREPAUU = #{srepauu,jdbcType=CHAR},
      SREPAUP = #{srepaup,jdbcType=CHAR},
      SREPAUT = #{srepaut,jdbcType=TIMESTAMP}
    where ISUBRID = #{isubrid,jdbcType=CHAR}
      and ISUBREP = #{isubrep,jdbcType=INTEGER}
  </update>
  <resultMap id="BaseResultMap" type="com.ibm.dk.alr.zscm.scrt.storing.mybatis.model.WLMREP">
    <id column="ISUBRID" jdbcType="CHAR" property="isubrid" />
    <id column="ISUBREP" jdbcType="INTEGER" property="isubrep" />
    <result column="ICUSLEG" jdbcType="CHAR" property="icusleg" />
    <result column="IREPMCH" jdbcType="CHAR" property="irepmch" />
    <result column="NREPTRP" jdbcType="CHAR" property="nreptrp" />
    <result column="DSUBRPS" jdbcType="DATE" property="dsubrps" />
    <result column="SREPAUU" jdbcType="CHAR" property="srepauu" />
    <result column="SREPAUP" jdbcType="CHAR" property="srepaup" />
    <result column="SREPAUT" jdbcType="TIMESTAMP" property="srepaut" />
  </resultMap>
  <sql id="Base_Column_List">
    ISUBRID, ISUBREP, ICUSLEG, IREPMCH, NREPTRP, DSUBRPS, SREPAUU, SREPAUP, SREPAUT
  </sql>
  <select id="selectByPrimaryKey" parameterType="com.ibm.dk.alr.zscm.scrt.storing.mybatis.model.WLMREPKey" resultMap="BaseResultMap">
    select 
    <include refid="Base_Column_List" />
    from WLMREP
    where ISUBRID = #{isubrid,jdbcType=CHAR}
      and ISUBREP = #{isubrep,jdbcType=INTEGER}
  </select>
  <delete id="deleteByPrimaryKey" parameterType="com.ibm.dk.alr.zscm.scrt.storing.mybatis.model.WLMREPKey">
    delete from WLMREP
    where ISUBRID = #{isubrid,jdbcType=CHAR}
      and ISUBREP = #{isubrep,jdbcType=INTEGER}
  </delete>
  <insert id="insert" parameterType="com.ibm.dk.alr.zscm.scrt.storing.mybatis.model.WLMREP">
    insert into WLMREP (ISUBRID, ISUBREP, ICUSLEG, 
      IREPMCH, NREPTRP, DSUBRPS, SREPAUU, 
      SREPAUP, SREPAUT)
    values (#{isubrid,jdbcType=CHAR}, #{isubrep,jdbcType=INTEGER}, #{icusleg,jdbcType=CHAR}, 
      #{irepmch,jdbcType=CHAR}, #{nreptrp,jdbcType=CHAR}, #{dsubrps,jdbcType=DATE}, #{srepauu,jdbcType=CHAR}, 
      #{srepaup,jdbcType=CHAR}, #{srepaut,jdbcType=TIMESTAMP})
  </insert>
  <insert id="insertSelective" parameterType="com.ibm.dk.alr.zscm.scrt.storing.mybatis.model.WLMREP">
    insert into WLMREP
    <trim prefix="(" suffix=")" suffixOverrides=",">
      <if test="isubrid != null">
        ISUBRID,
      </if>
      <if test="isubrep != null">
        ISUBREP,
      </if>
      <if test="icusleg != null">
        ICUSLEG,
      </if>
      <if test="irepmch != null">
        IREPMCH,
      </if>
      <if test="nreptrp != null">
        NREPTRP,
      </if>
      <if test="dsubrps != null">
        DSUBRPS,
      </if>
      <if test="srepauu != null">
        SREPAUU,
      </if>
      <if test="srepaup != null">
        SREPAUP,
      </if>
      <if test="srepaut != null">
        SREPAUT,
      </if>
    </trim>
    <trim prefix="values (" suffix=")" suffixOverrides=",">
      <if test="isubrid != null">
        #{isubrid,jdbcType=CHAR},
      </if>
      <if test="isubrep != null">
        #{isubrep,jdbcType=INTEGER},
      </if>
      <if test="icusleg != null">
        #{icusleg,jdbcType=CHAR},
      </if>
      <if test="irepmch != null">
        #{irepmch,jdbcType=CHAR},
      </if>
      <if test="nreptrp != null">
        #{nreptrp,jdbcType=CHAR},
      </if>
      <if test="dsubrps != null">
        #{dsubrps,jdbcType=DATE},
      </if>
      <if test="srepauu != null">
        #{srepauu,jdbcType=CHAR},
      </if>
      <if test="srepaup != null">
        #{srepaup,jdbcType=CHAR},
      </if>
      <if test="srepaut != null">
        #{srepaut,jdbcType=TIMESTAMP},
      </if>
    </trim>
  </insert>
  <update id="updateByPrimaryKeySelective" parameterType="com.ibm.dk.alr.zscm.scrt.storing.mybatis.model.WLMREP">
    update WLMREP
    <set>
      <if test="icusleg != null">
        ICUSLEG = #{icusleg,jdbcType=CHAR},
      </if>
      <if test="irepmch != null">
        IREPMCH = #{irepmch,jdbcType=CHAR},
      </if>
      <if test="nreptrp != null">
        NREPTRP = #{nreptrp,jdbcType=CHAR},
      </if>
      <if test="dsubrps != null">
        DSUBRPS = #{dsubrps,jdbcType=DATE},
      </if>
      <if test="srepauu != null">
        SREPAUU = #{srepauu,jdbcType=CHAR},
      </if>
      <if test="srepaup != null">
        SREPAUP = #{srepaup,jdbcType=CHAR},
      </if>
      <if test="srepaut != null">
        SREPAUT = #{srepaut,jdbcType=TIMESTAMP},
      </if>
    </set>
    where ISUBRID = #{isubrid,jdbcType=CHAR}
      and ISUBREP = #{isubrep,jdbcType=INTEGER}
  </update>
  <update id="updateByPrimaryKey" parameterType="com.ibm.dk.alr.zscm.scrt.storing.mybatis.model.WLMREP">
    update WLMREP
    set ICUSLEG = #{icusleg,jdbcType=CHAR},
      IREPMCH = #{irepmch,jdbcType=CHAR},
      NREPTRP = #{nreptrp,jdbcType=CHAR},
      DSUBRPS = #{dsubrps,jdbcType=DATE},
      SREPAUU = #{srepauu,jdbcType=CHAR},
      SREPAUP = #{srepaup,jdbcType=CHAR},
      SREPAUT = #{srepaut,jdbcType=TIMESTAMP}
    where ISUBRID = #{isubrid,jdbcType=CHAR}
      and ISUBREP = #{isubrep,jdbcType=INTEGER}
  </update>
  <resultMap id="BaseResultMap" type="com.ibm.dk.alr.zscm.scrt.storing.mybatis.model.WLMREP">
    <id column="ISUBRID" jdbcType="CHAR" property="isubrid" />
    <id column="ISUBREP" jdbcType="INTEGER" property="isubrep" />
    <result column="ICUSLEG" jdbcType="CHAR" property="icusleg" />
    <result column="IREPMCH" jdbcType="CHAR" property="irepmch" />
    <result column="NREPTRP" jdbcType="CHAR" property="nreptrp" />
    <result column="DSUBRPS" jdbcType="DATE" property="dsubrps" />
    <result column="SREPAUU" jdbcType="CHAR" property="srepauu" />
    <result column="SREPAUP" jdbcType="CHAR" property="srepaup" />
    <result column="SREPAUT" jdbcType="TIMESTAMP" property="srepaut" />
  </resultMap>
  <sql id="Base_Column_List">
    ISUBRID, ISUBREP, ICUSLEG, IREPMCH, NREPTRP, DSUBRPS, SREPAUU, SREPAUP, SREPAUT
  </sql>
  <select id="selectByPrimaryKey" parameterType="com.ibm.dk.alr.zscm.scrt.storing.mybatis.model.WLMREPKey" resultMap="BaseResultMap">
    select 
    <include refid="Base_Column_List" />
    from WLMREP
    where ISUBRID = #{isubrid,jdbcType=CHAR}
      and ISUBREP = #{isubrep,jdbcType=INTEGER}
  </select>
  <delete id="deleteByPrimaryKey" parameterType="com.ibm.dk.alr.zscm.scrt.storing.mybatis.model.WLMREPKey">
    delete from WLMREP
    where ISUBRID = #{isubrid,jdbcType=CHAR}
      and ISUBREP = #{isubrep,jdbcType=INTEGER}
  </delete>
  <insert id="insert" parameterType="com.ibm.dk.alr.zscm.scrt.storing.mybatis.model.WLMREP">
    insert into WLMREP (ISUBRID, ISUBREP, ICUSLEG, 
      IREPMCH, NREPTRP, DSUBRPS, SREPAUU, 
      SREPAUP, SREPAUT)
    values (#{isubrid,jdbcType=CHAR}, #{isubrep,jdbcType=INTEGER}, #{icusleg,jdbcType=CHAR}, 
      #{irepmch,jdbcType=CHAR}, #{nreptrp,jdbcType=CHAR}, #{dsubrps,jdbcType=DATE}, #{srepauu,jdbcType=CHAR}, 
      #{srepaup,jdbcType=CHAR}, #{srepaut,jdbcType=TIMESTAMP})
  </insert>
  <insert id="insertSelective" parameterType="com.ibm.dk.alr.zscm.scrt.storing.mybatis.model.WLMREP">
    insert into WLMREP
    <trim prefix="(" suffix=")" suffixOverrides=",">
      <if test="isubrid != null">
        ISUBRID,
      </if>
      <if test="isubrep != null">
        ISUBREP,
      </if>
      <if test="icusleg != null">
        ICUSLEG,
      </if>
      <if test="irepmch != null">
        IREPMCH,
      </if>
      <if test="nreptrp != null">
        NREPTRP,
      </if>
      <if test="dsubrps != null">
        DSUBRPS,
      </if>
      <if test="srepauu != null">
        SREPAUU,
      </if>
      <if test="srepaup != null">
        SREPAUP,
      </if>
      <if test="srepaut != null">
        SREPAUT,
      </if>
    </trim>
    <trim prefix="values (" suffix=")" suffixOverrides=",">
      <if test="isubrid != null">
        #{isubrid,jdbcType=CHAR},
      </if>
      <if test="isubrep != null">
        #{isubrep,jdbcType=INTEGER},
      </if>
      <if test="icusleg != null">
        #{icusleg,jdbcType=CHAR},
      </if>
      <if test="irepmch != null">
        #{irepmch,jdbcType=CHAR},
      </if>
      <if test="nreptrp != null">
        #{nreptrp,jdbcType=CHAR},
      </if>
      <if test="dsubrps != null">
        #{dsubrps,jdbcType=DATE},
      </if>
      <if test="srepauu != null">
        #{srepauu,jdbcType=CHAR},
      </if>
      <if test="srepaup != null">
        #{srepaup,jdbcType=CHAR},
      </if>
      <if test="srepaut != null">
        #{srepaut,jdbcType=TIMESTAMP},
      </if>
    </trim>
  </insert>
  <update id="updateByPrimaryKeySelective" parameterType="com.ibm.dk.alr.zscm.scrt.storing.mybatis.model.WLMREP">
    update WLMREP
    <set>
      <if test="icusleg != null">
        ICUSLEG = #{icusleg,jdbcType=CHAR},
      </if>
      <if test="irepmch != null">
        IREPMCH = #{irepmch,jdbcType=CHAR},
      </if>
      <if test="nreptrp != null">
        NREPTRP = #{nreptrp,jdbcType=CHAR},
      </if>
      <if test="dsubrps != null">
        DSUBRPS = #{dsubrps,jdbcType=DATE},
      </if>
      <if test="srepauu != null">
        SREPAUU = #{srepauu,jdbcType=CHAR},
      </if>
      <if test="srepaup != null">
        SREPAUP = #{srepaup,jdbcType=CHAR},
      </if>
      <if test="srepaut != null">
        SREPAUT = #{srepaut,jdbcType=TIMESTAMP},
      </if>
    </set>
    where ISUBRID = #{isubrid,jdbcType=CHAR}
      and ISUBREP = #{isubrep,jdbcType=INTEGER}
  </update>
  <update id="updateByPrimaryKey" parameterType="com.ibm.dk.alr.zscm.scrt.storing.mybatis.model.WLMREP">
    update WLMREP
    set ICUSLEG = #{icusleg,jdbcType=CHAR},
      IREPMCH = #{irepmch,jdbcType=CHAR},
      NREPTRP = #{nreptrp,jdbcType=CHAR},
      DSUBRPS = #{dsubrps,jdbcType=DATE},
      SREPAUU = #{srepauu,jdbcType=CHAR},
      SREPAUP = #{srepaup,jdbcType=CHAR},
      SREPAUT = #{srepaut,jdbcType=TIMESTAMP}
    where ISUBRID = #{isubrid,jdbcType=CHAR}
      and ISUBREP = #{isubrep,jdbcType=INTEGER}
  </update>
</mapper>