<?xml version="1.0" encoding="UTF-8"?>
<!DOCTYPE mapper PUBLIC "-//mybatis.org//DTD Mapper 3.0//EN" "http://mybatis.org/dtd/mybatis-3-mapper.dtd">
<mapper namespace="com.ibm.dk.alr.zscm.scrt.storing.mybatis.data.WLMRDAMapper">
  <resultMap id="BaseResultMap" type="com.ibm.dk.alr.zscm.scrt.storing.mybatis.model.WLMRDA">
    <id column="ISUBRID" jdbcType="CHAR" property="isubrid" />
    <id column="ISUBREP" jdbcType="INTEGER" property="isubrep" />
    <id column="IRDATYP" jdbcType="CHAR" property="irdatyp" />
    <id column="IRDAROW" jdbcType="INTEGER" property="irdarow" />
    <result column="LRDARDA" jdbcType="VARCHAR" property="lrdarda" />
    <result column="SRDAAUU" jdbcType="CHAR" property="srdaauu" />
    <result column="SRDAAUP" jdbcType="CHAR" property="srdaaup" />
    <result column="SRDAAUT" jdbcType="TIMESTAMP" property="srdaaut" />
  </resultMap>
  <sql id="Base_Column_List">
    ISUBRID, ISUBREP, IRDATYP, IRDAROW, LRDARDA, SRDAAUU, SRDAAUP, SRDAAUT
  </sql>
  <select id="selectByPrimaryKey" parameterType="com.ibm.dk.alr.zscm.scrt.storing.mybatis.model.WLMRDAKey" resultMap="BaseResultMap">
    select 
    <include refid="Base_Column_List" />
    from WLMRDA
    where ISUBRID = #{isubrid,jdbcType=CHAR}
      and ISUBREP = #{isubrep,jdbcType=INTEGER}
      and IRDATYP = #{irdatyp,jdbcType=CHAR}
      and IRDAROW = #{irdarow,jdbcType=INTEGER}
  </select>
  <delete id="deleteByPrimaryKey" parameterType="com.ibm.dk.alr.zscm.scrt.storing.mybatis.model.WLMRDAKey">
    delete from WLMRDA
    where ISUBRID = #{isubrid,jdbcType=CHAR}
      and ISUBREP = #{isubrep,jdbcType=INTEGER}
      and IRDATYP = #{irdatyp,jdbcType=CHAR}
      and IRDAROW = #{irdarow,jdbcType=INTEGER}
  </delete>
  <insert id="insert" parameterType="com.ibm.dk.alr.zscm.scrt.storing.mybatis.model.WLMRDA">
    insert into WLMRDA (ISUBRID, ISUBREP, IRDATYP, 
      IRDAROW, LRDARDA, SRDAAUU, 
      SRDAAUP, SRDAAUT)
    values (#{isubrid,jdbcType=CHAR}, #{isubrep,jdbcType=INTEGER}, #{irdatyp,jdbcType=CHAR}, 
      #{irdarow,jdbcType=INTEGER}, #{lrdarda,jdbcType=VARCHAR}, #{srdaauu,jdbcType=CHAR}, 
      #{srdaaup,jdbcType=CHAR}, #{srdaaut,jdbcType=TIMESTAMP})
  </insert>
  <insert id="insertSelective" parameterType="com.ibm.dk.alr.zscm.scrt.storing.mybatis.model.WLMRDA">
    insert into WLMRDA
    <trim prefix="(" suffix=")" suffixOverrides=",">
      <if test="isubrid != null">
        ISUBRID,
      </if>
      <if test="isubrep != null">
        ISUBREP,
      </if>
      <if test="irdatyp != null">
        IRDATYP,
      </if>
      <if test="irdarow != null">
        IRDAROW,
      </if>
      <if test="lrdarda != null">
        LRDARDA,
      </if>
      <if test="srdaauu != null">
        SRDAAUU,
      </if>
      <if test="srdaaup != null">
        SRDAAUP,
      </if>
      <if test="srdaaut != null">
        SRDAAUT,
      </if>
    </trim>
    <trim prefix="values (" suffix=")" suffixOverrides=",">
      <if test="isubrid != null">
        #{isubrid,jdbcType=CHAR},
      </if>
      <if test="isubrep != null">
        #{isubrep,jdbcType=INTEGER},
      </if>
      <if test="irdatyp != null">
        #{irdatyp,jdbcType=CHAR},
      </if>
      <if test="irdarow != null">
        #{irdarow,jdbcType=INTEGER},
      </if>
      <if test="lrdarda != null">
        #{lrdarda,jdbcType=VARCHAR},
      </if>
      <if test="srdaauu != null">
        #{srdaauu,jdbcType=CHAR},
      </if>
      <if test="srdaaup != null">
        #{srdaaup,jdbcType=CHAR},
      </if>
      <if test="srdaaut != null">
        #{srdaaut,jdbcType=TIMESTAMP},
      </if>
    </trim>
  </insert>
  <update id="updateByPrimaryKeySelective" parameterType="com.ibm.dk.alr.zscm.scrt.storing.mybatis.model.WLMRDA">
    update WLMRDA
    <set>
      <if test="lrdarda != null">
        LRDARDA = #{lrdarda,jdbcType=VARCHAR},
      </if>
      <if test="srdaauu != null">
        SRDAAUU = #{srdaauu,jdbcType=CHAR},
      </if>
      <if test="srdaaup != null">
        SRDAAUP = #{srdaaup,jdbcType=CHAR},
      </if>
      <if test="srdaaut != null">
        SRDAAUT = #{srdaaut,jdbcType=TIMESTAMP},
      </if>
    </set>
    where ISUBRID = #{isubrid,jdbcType=CHAR}
      and ISUBREP = #{isubrep,jdbcType=INTEGER}
      and IRDATYP = #{irdatyp,jdbcType=CHAR}
      and IRDAROW = #{irdarow,jdbcType=INTEGER}
  </update>
  <update id="updateByPrimaryKey" parameterType="com.ibm.dk.alr.zscm.scrt.storing.mybatis.model.WLMRDA">
    update WLMRDA
    set LRDARDA = #{lrdarda,jdbcType=VARCHAR},
      SRDAAUU = #{srdaauu,jdbcType=CHAR},
      SRDAAUP = #{srdaaup,jdbcType=CHAR},
      SRDAAUT = #{srdaaut,jdbcType=TIMESTAMP}
    where ISUBRID = #{isubrid,jdbcType=CHAR}
      and ISUBREP = #{isubrep,jdbcType=INTEGER}
      and IRDATYP = #{irdatyp,jdbcType=CHAR}
      and IRDAROW = #{irdarow,jdbcType=INTEGER}
  </update>
  <resultMap id="BaseResultMap" type="com.ibm.dk.alr.zscm.scrt.storing.mybatis.model.WLMRDA">
    <id column="ISUBRID" jdbcType="CHAR" property="isubrid" />
    <id column="ISUBREP" jdbcType="INTEGER" property="isubrep" />
    <id column="IRDATYP" jdbcType="CHAR" property="irdatyp" />
    <id column="IRDAROW" jdbcType="INTEGER" property="irdarow" />
    <result column="LRDARDA" jdbcType="VARCHAR" property="lrdarda" />
    <result column="SRDAAUU" jdbcType="CHAR" property="srdaauu" />
    <result column="SRDAAUP" jdbcType="CHAR" property="srdaaup" />
    <result column="SRDAAUT" jdbcType="TIMESTAMP" property="srdaaut" />
  </resultMap>
  <sql id="Base_Column_List">
    ISUBRID, ISUBREP, IRDATYP, IRDAROW, LRDARDA, SRDAAUU, SRDAAUP, SRDAAUT
  </sql>
  <select id="selectByPrimaryKey" parameterType="com.ibm.dk.alr.zscm.scrt.storing.mybatis.model.WLMRDAKey" resultMap="BaseResultMap">
    select 
    <include refid="Base_Column_List" />
    from WLMRDA
    where ISUBRID = #{isubrid,jdbcType=CHAR}
      and ISUBREP = #{isubrep,jdbcType=INTEGER}
      and IRDATYP = #{irdatyp,jdbcType=CHAR}
      and IRDAROW = #{irdarow,jdbcType=INTEGER}
  </select>
  <delete id="deleteByPrimaryKey" parameterType="com.ibm.dk.alr.zscm.scrt.storing.mybatis.model.WLMRDAKey">
    delete from WLMRDA
    where ISUBRID = #{isubrid,jdbcType=CHAR}
      and ISUBREP = #{isubrep,jdbcType=INTEGER}
      and IRDATYP = #{irdatyp,jdbcType=CHAR}
      and IRDAROW = #{irdarow,jdbcType=INTEGER}
  </delete>
  <insert id="insert" parameterType="com.ibm.dk.alr.zscm.scrt.storing.mybatis.model.WLMRDA">
    insert into WLMRDA (ISUBRID, ISUBREP, IRDATYP, 
      IRDAROW, LRDARDA, SRDAAUU, 
      SRDAAUP, SRDAAUT)
    values (#{isubrid,jdbcType=CHAR}, #{isubrep,jdbcType=INTEGER}, #{irdatyp,jdbcType=CHAR}, 
      #{irdarow,jdbcType=INTEGER}, #{lrdarda,jdbcType=VARCHAR}, #{srdaauu,jdbcType=CHAR}, 
      #{srdaaup,jdbcType=CHAR}, #{srdaaut,jdbcType=TIMESTAMP})
  </insert>
  <insert id="insertSelective" parameterType="com.ibm.dk.alr.zscm.scrt.storing.mybatis.model.WLMRDA">
    insert into WLMRDA
    <trim prefix="(" suffix=")" suffixOverrides=",">
      <if test="isubrid != null">
        ISUBRID,
      </if>
      <if test="isubrep != null">
        ISUBREP,
      </if>
      <if test="irdatyp != null">
        IRDATYP,
      </if>
      <if test="irdarow != null">
        IRDAROW,
      </if>
      <if test="lrdarda != null">
        LRDARDA,
      </if>
      <if test="srdaauu != null">
        SRDAAUU,
      </if>
      <if test="srdaaup != null">
        SRDAAUP,
      </if>
      <if test="srdaaut != null">
        SRDAAUT,
      </if>
    </trim>
    <trim prefix="values (" suffix=")" suffixOverrides=",">
      <if test="isubrid != null">
        #{isubrid,jdbcType=CHAR},
      </if>
      <if test="isubrep != null">
        #{isubrep,jdbcType=INTEGER},
      </if>
      <if test="irdatyp != null">
        #{irdatyp,jdbcType=CHAR},
      </if>
      <if test="irdarow != null">
        #{irdarow,jdbcType=INTEGER},
      </if>
      <if test="lrdarda != null">
        #{lrdarda,jdbcType=VARCHAR},
      </if>
      <if test="srdaauu != null">
        #{srdaauu,jdbcType=CHAR},
      </if>
      <if test="srdaaup != null">
        #{srdaaup,jdbcType=CHAR},
      </if>
      <if test="srdaaut != null">
        #{srdaaut,jdbcType=TIMESTAMP},
      </if>
    </trim>
  </insert>
  <update id="updateByPrimaryKeySelective" parameterType="com.ibm.dk.alr.zscm.scrt.storing.mybatis.model.WLMRDA">
    update WLMRDA
    <set>
      <if test="lrdarda != null">
        LRDARDA = #{lrdarda,jdbcType=VARCHAR},
      </if>
      <if test="srdaauu != null">
        SRDAAUU = #{srdaauu,jdbcType=CHAR},
      </if>
      <if test="srdaaup != null">
        SRDAAUP = #{srdaaup,jdbcType=CHAR},
      </if>
      <if test="srdaaut != null">
        SRDAAUT = #{srdaaut,jdbcType=TIMESTAMP},
      </if>
    </set>
    where ISUBRID = #{isubrid,jdbcType=CHAR}
      and ISUBREP = #{isubrep,jdbcType=INTEGER}
      and IRDATYP = #{irdatyp,jdbcType=CHAR}
      and IRDAROW = #{irdarow,jdbcType=INTEGER}
  </update>
  <update id="updateByPrimaryKey" parameterType="com.ibm.dk.alr.zscm.scrt.storing.mybatis.model.WLMRDA">
    update WLMRDA
    set LRDARDA = #{lrdarda,jdbcType=VARCHAR},
      SRDAAUU = #{srdaauu,jdbcType=CHAR},
      SRDAAUP = #{srdaaup,jdbcType=CHAR},
      SRDAAUT = #{srdaaut,jdbcType=TIMESTAMP}
    where ISUBRID = #{isubrid,jdbcType=CHAR}
      and ISUBREP = #{isubrep,jdbcType=INTEGER}
      and IRDATYP = #{irdatyp,jdbcType=CHAR}
      and IRDAROW = #{irdarow,jdbcType=INTEGER}
  </update>
  <resultMap id="BaseResultMap" type="com.ibm.dk.alr.zscm.scrt.storing.mybatis.model.WLMRDA">
    <id column="ISUBRID" jdbcType="CHAR" property="isubrid" />
    <id column="ISUBREP" jdbcType="INTEGER" property="isubrep" />
    <id column="IRDATYP" jdbcType="CHAR" property="irdatyp" />
    <id column="IRDAROW" jdbcType="INTEGER" property="irdarow" />
    <result column="LRDARDA" jdbcType="VARCHAR" property="lrdarda" />
    <result column="SRDAAUU" jdbcType="CHAR" property="srdaauu" />
    <result column="SRDAAUP" jdbcType="CHAR" property="srdaaup" />
    <result column="SRDAAUT" jdbcType="TIMESTAMP" property="srdaaut" />
  </resultMap>
  <sql id="Base_Column_List">
    ISUBRID, ISUBREP, IRDATYP, IRDAROW, LRDARDA, SRDAAUU, SRDAAUP, SRDAAUT
  </sql>
  <select id="selectByPrimaryKey" parameterType="com.ibm.dk.alr.zscm.scrt.storing.mybatis.model.WLMRDAKey" resultMap="BaseResultMap">
    select 
    <include refid="Base_Column_List" />
    from WLMRDA
    where ISUBRID = #{isubrid,jdbcType=CHAR}
      and ISUBREP = #{isubrep,jdbcType=INTEGER}
      and IRDATYP = #{irdatyp,jdbcType=CHAR}
      and IRDAROW = #{irdarow,jdbcType=INTEGER}
  </select>
  <delete id="deleteByPrimaryKey" parameterType="com.ibm.dk.alr.zscm.scrt.storing.mybatis.model.WLMRDAKey">
    delete from WLMRDA
    where ISUBRID = #{isubrid,jdbcType=CHAR}
      and ISUBREP = #{isubrep,jdbcType=INTEGER}
      and IRDATYP = #{irdatyp,jdbcType=CHAR}
      and IRDAROW = #{irdarow,jdbcType=INTEGER}
  </delete>
  <insert id="insert" parameterType="com.ibm.dk.alr.zscm.scrt.storing.mybatis.model.WLMRDA">
    insert into WLMRDA (ISUBRID, ISUBREP, IRDATYP, 
      IRDAROW, LRDARDA, SRDAAUU, 
      SRDAAUP, SRDAAUT)
    values (#{isubrid,jdbcType=CHAR}, #{isubrep,jdbcType=INTEGER}, #{irdatyp,jdbcType=CHAR}, 
      #{irdarow,jdbcType=INTEGER}, #{lrdarda,jdbcType=VARCHAR}, #{srdaauu,jdbcType=CHAR}, 
      #{srdaaup,jdbcType=CHAR}, #{srdaaut,jdbcType=TIMESTAMP})
  </insert>
  <insert id="insertSelective" parameterType="com.ibm.dk.alr.zscm.scrt.storing.mybatis.model.WLMRDA">
    insert into WLMRDA
    <trim prefix="(" suffix=")" suffixOverrides=",">
      <if test="isubrid != null">
        ISUBRID,
      </if>
      <if test="isubrep != null">
        ISUBREP,
      </if>
      <if test="irdatyp != null">
        IRDATYP,
      </if>
      <if test="irdarow != null">
        IRDAROW,
      </if>
      <if test="lrdarda != null">
        LRDARDA,
      </if>
      <if test="srdaauu != null">
        SRDAAUU,
      </if>
      <if test="srdaaup != null">
        SRDAAUP,
      </if>
      <if test="srdaaut != null">
        SRDAAUT,
      </if>
    </trim>
    <trim prefix="values (" suffix=")" suffixOverrides=",">
      <if test="isubrid != null">
        #{isubrid,jdbcType=CHAR},
      </if>
      <if test="isubrep != null">
        #{isubrep,jdbcType=INTEGER},
      </if>
      <if test="irdatyp != null">
        #{irdatyp,jdbcType=CHAR},
      </if>
      <if test="irdarow != null">
        #{irdarow,jdbcType=INTEGER},
      </if>
      <if test="lrdarda != null">
        #{lrdarda,jdbcType=VARCHAR},
      </if>
      <if test="srdaauu != null">
        #{srdaauu,jdbcType=CHAR},
      </if>
      <if test="srdaaup != null">
        #{srdaaup,jdbcType=CHAR},
      </if>
      <if test="srdaaut != null">
        #{srdaaut,jdbcType=TIMESTAMP},
      </if>
    </trim>
  </insert>
  <update id="updateByPrimaryKeySelective" parameterType="com.ibm.dk.alr.zscm.scrt.storing.mybatis.model.WLMRDA">
    update WLMRDA
    <set>
      <if test="lrdarda != null">
        LRDARDA = #{lrdarda,jdbcType=VARCHAR},
      </if>
      <if test="srdaauu != null">
        SRDAAUU = #{srdaauu,jdbcType=CHAR},
      </if>
      <if test="srdaaup != null">
        SRDAAUP = #{srdaaup,jdbcType=CHAR},
      </if>
      <if test="srdaaut != null">
        SRDAAUT = #{srdaaut,jdbcType=TIMESTAMP},
      </if>
    </set>
    where ISUBRID = #{isubrid,jdbcType=CHAR}
      and ISUBREP = #{isubrep,jdbcType=INTEGER}
      and IRDATYP = #{irdatyp,jdbcType=CHAR}
      and IRDAROW = #{irdarow,jdbcType=INTEGER}
  </update>
  <update id="updateByPrimaryKey" parameterType="com.ibm.dk.alr.zscm.scrt.storing.mybatis.model.WLMRDA">
    update WLMRDA
    set LRDARDA = #{lrdarda,jdbcType=VARCHAR},
      SRDAAUU = #{srdaauu,jdbcType=CHAR},
      SRDAAUP = #{srdaaup,jdbcType=CHAR},
      SRDAAUT = #{srdaaut,jdbcType=TIMESTAMP}
    where ISUBRID = #{isubrid,jdbcType=CHAR}
      and ISUBREP = #{isubrep,jdbcType=INTEGER}
      and IRDATYP = #{irdatyp,jdbcType=CHAR}
      and IRDAROW = #{irdarow,jdbcType=INTEGER}
  </update>
  <resultMap id="BaseResultMap" type="com.ibm.dk.alr.zscm.scrt.storing.mybatis.model.WLMRDA">
    <id column="ISUBRID" jdbcType="CHAR" property="isubrid" />
    <id column="ISUBREP" jdbcType="INTEGER" property="isubrep" />
    <id column="IRDATYP" jdbcType="CHAR" property="irdatyp" />
    <id column="IRDAROW" jdbcType="INTEGER" property="irdarow" />
    <result column="LRDARDA" jdbcType="VARCHAR" property="lrdarda" />
    <result column="SRDAAUU" jdbcType="CHAR" property="srdaauu" />
    <result column="SRDAAUP" jdbcType="CHAR" property="srdaaup" />
    <result column="SRDAAUT" jdbcType="TIMESTAMP" property="srdaaut" />
  </resultMap>
  <sql id="Base_Column_List">
    ISUBRID, ISUBREP, IRDATYP, IRDAROW, LRDARDA, SRDAAUU, SRDAAUP, SRDAAUT
  </sql>
  <select id="selectByPrimaryKey" parameterType="com.ibm.dk.alr.zscm.scrt.storing.mybatis.model.WLMRDAKey" resultMap="BaseResultMap">
    select 
    <include refid="Base_Column_List" />
    from WLMRDA
    where ISUBRID = #{isubrid,jdbcType=CHAR}
      and ISUBREP = #{isubrep,jdbcType=INTEGER}
      and IRDATYP = #{irdatyp,jdbcType=CHAR}
      and IRDAROW = #{irdarow,jdbcType=INTEGER}
  </select>
  <delete id="deleteByPrimaryKey" parameterType="com.ibm.dk.alr.zscm.scrt.storing.mybatis.model.WLMRDAKey">
    delete from WLMRDA
    where ISUBRID = #{isubrid,jdbcType=CHAR}
      and ISUBREP = #{isubrep,jdbcType=INTEGER}
      and IRDATYP = #{irdatyp,jdbcType=CHAR}
      and IRDAROW = #{irdarow,jdbcType=INTEGER}
  </delete>
  <insert id="insert" parameterType="com.ibm.dk.alr.zscm.scrt.storing.mybatis.model.WLMRDA">
    insert into WLMRDA (ISUBRID, ISUBREP, IRDATYP, 
      IRDAROW, LRDARDA, SRDAAUU, 
      SRDAAUP, SRDAAUT)
    values (#{isubrid,jdbcType=CHAR}, #{isubrep,jdbcType=INTEGER}, #{irdatyp,jdbcType=CHAR}, 
      #{irdarow,jdbcType=INTEGER}, #{lrdarda,jdbcType=VARCHAR}, #{srdaauu,jdbcType=CHAR}, 
      #{srdaaup,jdbcType=CHAR}, #{srdaaut,jdbcType=TIMESTAMP})
  </insert>
  <insert id="insertSelective" parameterType="com.ibm.dk.alr.zscm.scrt.storing.mybatis.model.WLMRDA">
    insert into WLMRDA
    <trim prefix="(" suffix=")" suffixOverrides=",">
      <if test="isubrid != null">
        ISUBRID,
      </if>
      <if test="isubrep != null">
        ISUBREP,
      </if>
      <if test="irdatyp != null">
        IRDATYP,
      </if>
      <if test="irdarow != null">
        IRDAROW,
      </if>
      <if test="lrdarda != null">
        LRDARDA,
      </if>
      <if test="srdaauu != null">
        SRDAAUU,
      </if>
      <if test="srdaaup != null">
        SRDAAUP,
      </if>
      <if test="srdaaut != null">
        SRDAAUT,
      </if>
    </trim>
    <trim prefix="values (" suffix=")" suffixOverrides=",">
      <if test="isubrid != null">
        #{isubrid,jdbcType=CHAR},
      </if>
      <if test="isubrep != null">
        #{isubrep,jdbcType=INTEGER},
      </if>
      <if test="irdatyp != null">
        #{irdatyp,jdbcType=CHAR},
      </if>
      <if test="irdarow != null">
        #{irdarow,jdbcType=INTEGER},
      </if>
      <if test="lrdarda != null">
        #{lrdarda,jdbcType=VARCHAR},
      </if>
      <if test="srdaauu != null">
        #{srdaauu,jdbcType=CHAR},
      </if>
      <if test="srdaaup != null">
        #{srdaaup,jdbcType=CHAR},
      </if>
      <if test="srdaaut != null">
        #{srdaaut,jdbcType=TIMESTAMP},
      </if>
    </trim>
  </insert>
  <update id="updateByPrimaryKeySelective" parameterType="com.ibm.dk.alr.zscm.scrt.storing.mybatis.model.WLMRDA">
    update WLMRDA
    <set>
      <if test="lrdarda != null">
        LRDARDA = #{lrdarda,jdbcType=VARCHAR},
      </if>
      <if test="srdaauu != null">
        SRDAAUU = #{srdaauu,jdbcType=CHAR},
      </if>
      <if test="srdaaup != null">
        SRDAAUP = #{srdaaup,jdbcType=CHAR},
      </if>
      <if test="srdaaut != null">
        SRDAAUT = #{srdaaut,jdbcType=TIMESTAMP},
      </if>
    </set>
    where ISUBRID = #{isubrid,jdbcType=CHAR}
      and ISUBREP = #{isubrep,jdbcType=INTEGER}
      and IRDATYP = #{irdatyp,jdbcType=CHAR}
      and IRDAROW = #{irdarow,jdbcType=INTEGER}
  </update>
  <update id="updateByPrimaryKey" parameterType="com.ibm.dk.alr.zscm.scrt.storing.mybatis.model.WLMRDA">
    update WLMRDA
    set LRDARDA = #{lrdarda,jdbcType=VARCHAR},
      SRDAAUU = #{srdaauu,jdbcType=CHAR},
      SRDAAUP = #{srdaaup,jdbcType=CHAR},
      SRDAAUT = #{srdaaut,jdbcType=TIMESTAMP}
    where ISUBRID = #{isubrid,jdbcType=CHAR}
      and ISUBREP = #{isubrep,jdbcType=INTEGER}
      and IRDATYP = #{irdatyp,jdbcType=CHAR}
      and IRDAROW = #{irdarow,jdbcType=INTEGER}
  </update>
  <resultMap id="BaseResultMap" type="com.ibm.dk.alr.zscm.scrt.storing.mybatis.model.WLMRDA">
    <id column="ISUBRID" jdbcType="CHAR" property="isubrid" />
    <id column="ISUBREP" jdbcType="INTEGER" property="isubrep" />
    <id column="IRDATYP" jdbcType="CHAR" property="irdatyp" />
    <id column="IRDAROW" jdbcType="INTEGER" property="irdarow" />
    <result column="LRDARDA" jdbcType="VARCHAR" property="lrdarda" />
    <result column="SRDAAUU" jdbcType="CHAR" property="srdaauu" />
    <result column="SRDAAUP" jdbcType="CHAR" property="srdaaup" />
    <result column="SRDAAUT" jdbcType="TIMESTAMP" property="srdaaut" />
  </resultMap>
  <sql id="Base_Column_List">
    ISUBRID, ISUBREP, IRDATYP, IRDAROW, LRDARDA, SRDAAUU, SRDAAUP, SRDAAUT
  </sql>
  <select id="selectByPrimaryKey" parameterType="com.ibm.dk.alr.zscm.scrt.storing.mybatis.model.WLMRDAKey" resultMap="BaseResultMap">
    select 
    <include refid="Base_Column_List" />
    from WLMRDA
    where ISUBRID = #{isubrid,jdbcType=CHAR}
      and ISUBREP = #{isubrep,jdbcType=INTEGER}
      and IRDATYP = #{irdatyp,jdbcType=CHAR}
      and IRDAROW = #{irdarow,jdbcType=INTEGER}
  </select>
  <delete id="deleteByPrimaryKey" parameterType="com.ibm.dk.alr.zscm.scrt.storing.mybatis.model.WLMRDAKey">
    delete from WLMRDA
    where ISUBRID = #{isubrid,jdbcType=CHAR}
      and ISUBREP = #{isubrep,jdbcType=INTEGER}
      and IRDATYP = #{irdatyp,jdbcType=CHAR}
      and IRDAROW = #{irdarow,jdbcType=INTEGER}
  </delete>
  <insert id="insert" parameterType="com.ibm.dk.alr.zscm.scrt.storing.mybatis.model.WLMRDA">
    insert into WLMRDA (ISUBRID, ISUBREP, IRDATYP, 
      IRDAROW, LRDARDA, SRDAAUU, 
      SRDAAUP, SRDAAUT)
    values (#{isubrid,jdbcType=CHAR}, #{isubrep,jdbcType=INTEGER}, #{irdatyp,jdbcType=CHAR}, 
      #{irdarow,jdbcType=INTEGER}, #{lrdarda,jdbcType=VARCHAR}, #{srdaauu,jdbcType=CHAR}, 
      #{srdaaup,jdbcType=CHAR}, #{srdaaut,jdbcType=TIMESTAMP})
  </insert>
  <insert id="insertSelective" parameterType="com.ibm.dk.alr.zscm.scrt.storing.mybatis.model.WLMRDA">
    insert into WLMRDA
    <trim prefix="(" suffix=")" suffixOverrides=",">
      <if test="isubrid != null">
        ISUBRID,
      </if>
      <if test="isubrep != null">
        ISUBREP,
      </if>
      <if test="irdatyp != null">
        IRDATYP,
      </if>
      <if test="irdarow != null">
        IRDAROW,
      </if>
      <if test="lrdarda != null">
        LRDARDA,
      </if>
      <if test="srdaauu != null">
        SRDAAUU,
      </if>
      <if test="srdaaup != null">
        SRDAAUP,
      </if>
      <if test="srdaaut != null">
        SRDAAUT,
      </if>
    </trim>
    <trim prefix="values (" suffix=")" suffixOverrides=",">
      <if test="isubrid != null">
        #{isubrid,jdbcType=CHAR},
      </if>
      <if test="isubrep != null">
        #{isubrep,jdbcType=INTEGER},
      </if>
      <if test="irdatyp != null">
        #{irdatyp,jdbcType=CHAR},
      </if>
      <if test="irdarow != null">
        #{irdarow,jdbcType=INTEGER},
      </if>
      <if test="lrdarda != null">
        #{lrdarda,jdbcType=VARCHAR},
      </if>
      <if test="srdaauu != null">
        #{srdaauu,jdbcType=CHAR},
      </if>
      <if test="srdaaup != null">
        #{srdaaup,jdbcType=CHAR},
      </if>
      <if test="srdaaut != null">
        #{srdaaut,jdbcType=TIMESTAMP},
      </if>
    </trim>
  </insert>
  <update id="updateByPrimaryKeySelective" parameterType="com.ibm.dk.alr.zscm.scrt.storing.mybatis.model.WLMRDA">
    update WLMRDA
    <set>
      <if test="lrdarda != null">
        LRDARDA = #{lrdarda,jdbcType=VARCHAR},
      </if>
      <if test="srdaauu != null">
        SRDAAUU = #{srdaauu,jdbcType=CHAR},
      </if>
      <if test="srdaaup != null">
        SRDAAUP = #{srdaaup,jdbcType=CHAR},
      </if>
      <if test="srdaaut != null">
        SRDAAUT = #{srdaaut,jdbcType=TIMESTAMP},
      </if>
    </set>
    where ISUBRID = #{isubrid,jdbcType=CHAR}
      and ISUBREP = #{isubrep,jdbcType=INTEGER}
      and IRDATYP = #{irdatyp,jdbcType=CHAR}
      and IRDAROW = #{irdarow,jdbcType=INTEGER}
  </update>
  <update id="updateByPrimaryKey" parameterType="com.ibm.dk.alr.zscm.scrt.storing.mybatis.model.WLMRDA">
    update WLMRDA
    set LRDARDA = #{lrdarda,jdbcType=VARCHAR},
      SRDAAUU = #{srdaauu,jdbcType=CHAR},
      SRDAAUP = #{srdaaup,jdbcType=CHAR},
      SRDAAUT = #{srdaaut,jdbcType=TIMESTAMP}
    where ISUBRID = #{isubrid,jdbcType=CHAR}
      and ISUBREP = #{isubrep,jdbcType=INTEGER}
      and IRDATYP = #{irdatyp,jdbcType=CHAR}
      and IRDAROW = #{irdarow,jdbcType=INTEGER}
  </update>
</mapper>