<?xml version="1.0" encoding="UTF-8"?>
<!DOCTYPE mapper PUBLIC "-//mybatis.org//DTD Mapper 3.0//EN" "http://mybatis.org/dtd/mybatis-3-mapper.dtd">
<mapper namespace="com.ibm.dk.alr.zscm.scrt.storing.mybatis.data.WLMSPCMapper">
  <resultMap id="BaseResultMap" type="com.ibm.dk.alr.zscm.scrt.storing.mybatis.model.WLMSPC">
    <id column="ISUBRID" jdbcType="CHAR" property="isubrid" />
    <id column="ISUBREP" jdbcType="INTEGER" property="isubrep" />
    <result column="DSUBSTS" jdbcType="TIMESTAMP" property="dsubsts" />
    <result column="CSPCCAP" jdbcType="CHAR" property="cspccap" />
    <result column="CSPCVAL" jdbcType="CHAR" property="cspcval" />
    <result column="FSUBSTE" jdbcType="CHAR" property="fsubste" />
    <result column="CSPCCAF" jdbcType="CHAR" property="cspccaf" />
    <result column="CSPCREA" jdbcType="CHAR" property="cspcrea" />
    <result column="DPERPER" jdbcType="CHAR" property="dperper" />
    <result column="DSPCAUT" jdbcType="TIMESTAMP" property="dspcaut" />
    <result column="SSPCAUU" jdbcType="CHAR" property="sspcauu" />
    <result column="SSPCAUP" jdbcType="CHAR" property="sspcaup" />
    <result column="ISPCMCH" jdbcType="CHAR" property="ispcmch" />
    <result column="FSPCSNS" jdbcType="CHAR" property="fspcsns" />
    <result column="FSPCREP" jdbcType="CHAR" property="fspcrep" />
    <result column="FSPCEMA" jdbcType="CHAR" property="fspcema" />
    <result column="ISPCCUS" jdbcType="CHAR" property="ispccus" />
    <result column="ISPCCTY" jdbcType="CHAR" property="ispccty" />
    <result column="QSPCCOU" jdbcType="INTEGER" property="qspccou" />
    <result column="QSPCPMC" jdbcType="INTEGER" property="qspcpmc" />
    <result column="QSPCTMC" jdbcType="INTEGER" property="qspctmc" />
    <result column="CSPCICA" jdbcType="CHAR" property="cspcica" />
    <result column="CSPCIPL" jdbcType="CHAR" property="cspcipl" />
    <result column="ISPCCNM" jdbcType="CHAR" property="ispccnm" />
    <result column="CSPCTYP" jdbcType="CHAR" property="cspctyp" />
    <result column="CSPCREM" jdbcType="CHAR" property="cspcrem" />
    <result column="FSPCVAL" jdbcType="CHAR" property="fspcval" />
    <result column="FSPCDBC" jdbcType="CHAR" property="fspcdbc" />
  </resultMap>
  <sql id="Base_Column_List">
    ISUBRID, ISUBREP, DSUBSTS, CSPCCAP, CSPCVAL, FSUBSTE, CSPCCAF, CSPCREA, DPERPER, 
    DSPCAUT, SSPCAUU, SSPCAUP, ISPCMCH, FSPCSNS, FSPCREP, FSPCEMA, ISPCCUS, ISPCCTY, 
    QSPCCOU, QSPCPMC, QSPCTMC, CSPCICA, CSPCIPL, ISPCCNM, CSPCTYP, CSPCREM, FSPCVAL, 
    FSPCDBC
  </sql>
  <select id="selectByPrimaryKey" parameterType="com.ibm.dk.alr.zscm.scrt.storing.mybatis.model.WLMSPCKey" resultMap="BaseResultMap">
    select 
    <include refid="Base_Column_List" />
    from WLMSPC
    where ISUBRID = #{isubrid,jdbcType=CHAR}
      and ISUBREP = #{isubrep,jdbcType=INTEGER}
  </select>
  <delete id="deleteByPrimaryKey" parameterType="com.ibm.dk.alr.zscm.scrt.storing.mybatis.model.WLMSPCKey">
    delete from WLMSPC
    where ISUBRID = #{isubrid,jdbcType=CHAR}
      and ISUBREP = #{isubrep,jdbcType=INTEGER}
  </delete>
  <insert id="insert" parameterType="com.ibm.dk.alr.zscm.scrt.storing.mybatis.model.WLMSPC">
    insert into WLMSPC (ISUBRID, ISUBREP, DSUBSTS, 
      CSPCCAP, CSPCVAL, FSUBSTE, CSPCCAF, 
      CSPCREA, DPERPER, DSPCAUT, 
      SSPCAUU, SSPCAUP, ISPCMCH, FSPCSNS, 
      FSPCREP, FSPCEMA, ISPCCUS, ISPCCTY, 
      QSPCCOU, QSPCPMC, QSPCTMC, 
      CSPCICA, CSPCIPL, ISPCCNM, CSPCTYP, 
      CSPCREM, FSPCVAL, FSPCDBC)
    values (#{isubrid,jdbcType=CHAR}, #{isubrep,jdbcType=INTEGER}, #{dsubsts,jdbcType=TIMESTAMP}, 
      #{cspccap,jdbcType=CHAR}, #{cspcval,jdbcType=CHAR}, #{fsubste,jdbcType=CHAR}, #{cspccaf,jdbcType=CHAR}, 
      #{cspcrea,jdbcType=CHAR}, #{dperper,jdbcType=CHAR}, #{dspcaut,jdbcType=TIMESTAMP}, 
      #{sspcauu,jdbcType=CHAR}, #{sspcaup,jdbcType=CHAR}, #{ispcmch,jdbcType=CHAR}, #{fspcsns,jdbcType=CHAR}, 
      #{fspcrep,jdbcType=CHAR}, #{fspcema,jdbcType=CHAR}, #{ispccus,jdbcType=CHAR}, #{ispccty,jdbcType=CHAR}, 
      #{qspccou,jdbcType=INTEGER}, #{qspcpmc,jdbcType=INTEGER}, #{qspctmc,jdbcType=INTEGER}, 
      #{cspcica,jdbcType=CHAR}, #{cspcipl,jdbcType=CHAR}, #{ispccnm,jdbcType=CHAR}, #{cspctyp,jdbcType=CHAR}, 
      #{cspcrem,jdbcType=CHAR}, #{fspcval,jdbcType=CHAR}, #{fspcdbc,jdbcType=CHAR})
  </insert>
  <insert id="insertSelective" parameterType="com.ibm.dk.alr.zscm.scrt.storing.mybatis.model.WLMSPC">
    insert into WLMSPC
    <trim prefix="(" suffix=")" suffixOverrides=",">
      <if test="isubrid != null">
        ISUBRID,
      </if>
      <if test="isubrep != null">
        ISUBREP,
      </if>
      <if test="dsubsts != null">
        DSUBSTS,
      </if>
      <if test="cspccap != null">
        CSPCCAP,
      </if>
      <if test="cspcval != null">
        CSPCVAL,
      </if>
      <if test="fsubste != null">
        FSUBSTE,
      </if>
      <if test="cspccaf != null">
        CSPCCAF,
      </if>
      <if test="cspcrea != null">
        CSPCREA,
      </if>
      <if test="dperper != null">
        DPERPER,
      </if>
      <if test="dspcaut != null">
        DSPCAUT,
      </if>
      <if test="sspcauu != null">
        SSPCAUU,
      </if>
      <if test="sspcaup != null">
        SSPCAUP,
      </if>
      <if test="ispcmch != null">
        ISPCMCH,
      </if>
      <if test="fspcsns != null">
        FSPCSNS,
      </if>
      <if test="fspcrep != null">
        FSPCREP,
      </if>
      <if test="fspcema != null">
        FSPCEMA,
      </if>
      <if test="ispccus != null">
        ISPCCUS,
      </if>
      <if test="ispccty != null">
        ISPCCTY,
      </if>
      <if test="qspccou != null">
        QSPCCOU,
      </if>
      <if test="qspcpmc != null">
        QSPCPMC,
      </if>
      <if test="qspctmc != null">
        QSPCTMC,
      </if>
      <if test="cspcica != null">
        CSPCICA,
      </if>
      <if test="cspcipl != null">
        CSPCIPL,
      </if>
      <if test="ispccnm != null">
        ISPCCNM,
      </if>
      <if test="cspctyp != null">
        CSPCTYP,
      </if>
      <if test="cspcrem != null">
        CSPCREM,
      </if>
      <if test="fspcval != null">
        FSPCVAL,
      </if>
      <if test="fspcdbc != null">
        FSPCDBC,
      </if>
    </trim>
    <trim prefix="values (" suffix=")" suffixOverrides=",">
      <if test="isubrid != null">
        #{isubrid,jdbcType=CHAR},
      </if>
      <if test="isubrep != null">
        #{isubrep,jdbcType=INTEGER},
      </if>
      <if test="dsubsts != null">
        #{dsubsts,jdbcType=TIMESTAMP},
      </if>
      <if test="cspccap != null">
        #{cspccap,jdbcType=CHAR},
      </if>
      <if test="cspcval != null">
        #{cspcval,jdbcType=CHAR},
      </if>
      <if test="fsubste != null">
        #{fsubste,jdbcType=CHAR},
      </if>
      <if test="cspccaf != null">
        #{cspccaf,jdbcType=CHAR},
      </if>
      <if test="cspcrea != null">
        #{cspcrea,jdbcType=CHAR},
      </if>
      <if test="dperper != null">
        #{dperper,jdbcType=CHAR},
      </if>
      <if test="dspcaut != null">
        #{dspcaut,jdbcType=TIMESTAMP},
      </if>
      <if test="sspcauu != null">
        #{sspcauu,jdbcType=CHAR},
      </if>
      <if test="sspcaup != null">
        #{sspcaup,jdbcType=CHAR},
      </if>
      <if test="ispcmch != null">
        #{ispcmch,jdbcType=CHAR},
      </if>
      <if test="fspcsns != null">
        #{fspcsns,jdbcType=CHAR},
      </if>
      <if test="fspcrep != null">
        #{fspcrep,jdbcType=CHAR},
      </if>
      <if test="fspcema != null">
        #{fspcema,jdbcType=CHAR},
      </if>
      <if test="ispccus != null">
        #{ispccus,jdbcType=CHAR},
      </if>
      <if test="ispccty != null">
        #{ispccty,jdbcType=CHAR},
      </if>
      <if test="qspccou != null">
        #{qspccou,jdbcType=INTEGER},
      </if>
      <if test="qspcpmc != null">
        #{qspcpmc,jdbcType=INTEGER},
      </if>
      <if test="qspctmc != null">
        #{qspctmc,jdbcType=INTEGER},
      </if>
      <if test="cspcica != null">
        #{cspcica,jdbcType=CHAR},
      </if>
      <if test="cspcipl != null">
        #{cspcipl,jdbcType=CHAR},
      </if>
      <if test="ispccnm != null">
        #{ispccnm,jdbcType=CHAR},
      </if>
      <if test="cspctyp != null">
        #{cspctyp,jdbcType=CHAR},
      </if>
      <if test="cspcrem != null">
        #{cspcrem,jdbcType=CHAR},
      </if>
      <if test="fspcval != null">
        #{fspcval,jdbcType=CHAR},
      </if>
      <if test="fspcdbc != null">
        #{fspcdbc,jdbcType=CHAR},
      </if>
    </trim>
  </insert>
  <update id="updateByPrimaryKeySelective" parameterType="com.ibm.dk.alr.zscm.scrt.storing.mybatis.model.WLMSPC">
    update WLMSPC
    <set>
      <if test="dsubsts != null">
        DSUBSTS = #{dsubsts,jdbcType=TIMESTAMP},
      </if>
      <if test="cspccap != null">
        CSPCCAP = #{cspccap,jdbcType=CHAR},
      </if>
      <if test="cspcval != null">
        CSPCVAL = #{cspcval,jdbcType=CHAR},
      </if>
      <if test="fsubste != null">
        FSUBSTE = #{fsubste,jdbcType=CHAR},
      </if>
      <if test="cspccaf != null">
        CSPCCAF = #{cspccaf,jdbcType=CHAR},
      </if>
      <if test="cspcrea != null">
        CSPCREA = #{cspcrea,jdbcType=CHAR},
      </if>
      <if test="dperper != null">
        DPERPER = #{dperper,jdbcType=CHAR},
      </if>
      <if test="dspcaut != null">
        DSPCAUT = #{dspcaut,jdbcType=TIMESTAMP},
      </if>
      <if test="sspcauu != null">
        SSPCAUU = #{sspcauu,jdbcType=CHAR},
      </if>
      <if test="sspcaup != null">
        SSPCAUP = #{sspcaup,jdbcType=CHAR},
      </if>
      <if test="ispcmch != null">
        ISPCMCH = #{ispcmch,jdbcType=CHAR},
      </if>
      <if test="fspcsns != null">
        FSPCSNS = #{fspcsns,jdbcType=CHAR},
      </if>
      <if test="fspcrep != null">
        FSPCREP = #{fspcrep,jdbcType=CHAR},
      </if>
      <if test="fspcema != null">
        FSPCEMA = #{fspcema,jdbcType=CHAR},
      </if>
      <if test="ispccus != null">
        ISPCCUS = #{ispccus,jdbcType=CHAR},
      </if>
      <if test="ispccty != null">
        ISPCCTY = #{ispccty,jdbcType=CHAR},
      </if>
      <if test="qspccou != null">
        QSPCCOU = #{qspccou,jdbcType=INTEGER},
      </if>
      <if test="qspcpmc != null">
        QSPCPMC = #{qspcpmc,jdbcType=INTEGER},
      </if>
      <if test="qspctmc != null">
        QSPCTMC = #{qspctmc,jdbcType=INTEGER},
      </if>
      <if test="cspcica != null">
        CSPCICA = #{cspcica,jdbcType=CHAR},
      </if>
      <if test="cspcipl != null">
        CSPCIPL = #{cspcipl,jdbcType=CHAR},
      </if>
      <if test="ispccnm != null">
        ISPCCNM = #{ispccnm,jdbcType=CHAR},
      </if>
      <if test="cspctyp != null">
        CSPCTYP = #{cspctyp,jdbcType=CHAR},
      </if>
      <if test="cspcrem != null">
        CSPCREM = #{cspcrem,jdbcType=CHAR},
      </if>
      <if test="fspcval != null">
        FSPCVAL = #{fspcval,jdbcType=CHAR},
      </if>
      <if test="fspcdbc != null">
        FSPCDBC = #{fspcdbc,jdbcType=CHAR},
      </if>
    </set>
    where ISUBRID = #{isubrid,jdbcType=CHAR}
      and ISUBREP = #{isubrep,jdbcType=INTEGER}
  </update>
  <update id="updateByPrimaryKey" parameterType="com.ibm.dk.alr.zscm.scrt.storing.mybatis.model.WLMSPC">
    update WLMSPC
    set DSUBSTS = #{dsubsts,jdbcType=TIMESTAMP},
      CSPCCAP = #{cspccap,jdbcType=CHAR},
      CSPCVAL = #{cspcval,jdbcType=CHAR},
      FSUBSTE = #{fsubste,jdbcType=CHAR},
      CSPCCAF = #{cspccaf,jdbcType=CHAR},
      CSPCREA = #{cspcrea,jdbcType=CHAR},
      DPERPER = #{dperper,jdbcType=CHAR},
      DSPCAUT = #{dspcaut,jdbcType=TIMESTAMP},
      SSPCAUU = #{sspcauu,jdbcType=CHAR},
      SSPCAUP = #{sspcaup,jdbcType=CHAR},
      ISPCMCH = #{ispcmch,jdbcType=CHAR},
      FSPCSNS = #{fspcsns,jdbcType=CHAR},
      FSPCREP = #{fspcrep,jdbcType=CHAR},
      FSPCEMA = #{fspcema,jdbcType=CHAR},
      ISPCCUS = #{ispccus,jdbcType=CHAR},
      ISPCCTY = #{ispccty,jdbcType=CHAR},
      QSPCCOU = #{qspccou,jdbcType=INTEGER},
      QSPCPMC = #{qspcpmc,jdbcType=INTEGER},
      QSPCTMC = #{qspctmc,jdbcType=INTEGER},
      CSPCICA = #{cspcica,jdbcType=CHAR},
      CSPCIPL = #{cspcipl,jdbcType=CHAR},
      ISPCCNM = #{ispccnm,jdbcType=CHAR},
      CSPCTYP = #{cspctyp,jdbcType=CHAR},
      CSPCREM = #{cspcrem,jdbcType=CHAR},
      FSPCVAL = #{fspcval,jdbcType=CHAR},
      FSPCDBC = #{fspcdbc,jdbcType=CHAR}
    where ISUBRID = #{isubrid,jdbcType=CHAR}
      and ISUBREP = #{isubrep,jdbcType=INTEGER}
  </update>
  <resultMap id="BaseResultMap" type="com.ibm.dk.alr.zscm.scrt.storing.mybatis.model.WLMSPC">
    <id column="ISUBRID" jdbcType="CHAR" property="isubrid" />
    <id column="ISUBREP" jdbcType="INTEGER" property="isubrep" />
    <result column="DSUBSTS" jdbcType="TIMESTAMP" property="dsubsts" />
    <result column="CSPCCAP" jdbcType="CHAR" property="cspccap" />
    <result column="CSPCVAL" jdbcType="CHAR" property="cspcval" />
    <result column="FSUBSTE" jdbcType="CHAR" property="fsubste" />
    <result column="CSPCCAF" jdbcType="CHAR" property="cspccaf" />
    <result column="CSPCREA" jdbcType="CHAR" property="cspcrea" />
    <result column="DPERPER" jdbcType="CHAR" property="dperper" />
    <result column="DSPCAUT" jdbcType="TIMESTAMP" property="dspcaut" />
    <result column="SSPCAUU" jdbcType="CHAR" property="sspcauu" />
    <result column="SSPCAUP" jdbcType="CHAR" property="sspcaup" />
    <result column="ISPCMCH" jdbcType="CHAR" property="ispcmch" />
    <result column="FSPCSNS" jdbcType="CHAR" property="fspcsns" />
    <result column="FSPCREP" jdbcType="CHAR" property="fspcrep" />
    <result column="FSPCEMA" jdbcType="CHAR" property="fspcema" />
    <result column="ISPCCUS" jdbcType="CHAR" property="ispccus" />
    <result column="ISPCCTY" jdbcType="CHAR" property="ispccty" />
    <result column="QSPCCOU" jdbcType="INTEGER" property="qspccou" />
    <result column="QSPCPMC" jdbcType="INTEGER" property="qspcpmc" />
    <result column="QSPCTMC" jdbcType="INTEGER" property="qspctmc" />
    <result column="CSPCICA" jdbcType="CHAR" property="cspcica" />
    <result column="CSPCIPL" jdbcType="CHAR" property="cspcipl" />
    <result column="ISPCCNM" jdbcType="CHAR" property="ispccnm" />
    <result column="CSPCTYP" jdbcType="CHAR" property="cspctyp" />
    <result column="CSPCREM" jdbcType="CHAR" property="cspcrem" />
    <result column="FSPCVAL" jdbcType="CHAR" property="fspcval" />
    <result column="FSPCDBC" jdbcType="CHAR" property="fspcdbc" />
  </resultMap>
  <sql id="Base_Column_List">
    ISUBRID, ISUBREP, DSUBSTS, CSPCCAP, CSPCVAL, FSUBSTE, CSPCCAF, CSPCREA, DPERPER, 
    DSPCAUT, SSPCAUU, SSPCAUP, ISPCMCH, FSPCSNS, FSPCREP, FSPCEMA, ISPCCUS, ISPCCTY, 
    QSPCCOU, QSPCPMC, QSPCTMC, CSPCICA, CSPCIPL, ISPCCNM, CSPCTYP, CSPCREM, FSPCVAL, 
    FSPCDBC
  </sql>
  <select id="selectByPrimaryKey" parameterType="com.ibm.dk.alr.zscm.scrt.storing.mybatis.model.WLMSPCKey" resultMap="BaseResultMap">
    select 
    <include refid="Base_Column_List" />
    from WLMSPC
    where ISUBRID = #{isubrid,jdbcType=CHAR}
      and ISUBREP = #{isubrep,jdbcType=INTEGER}
  </select>
  <delete id="deleteByPrimaryKey" parameterType="com.ibm.dk.alr.zscm.scrt.storing.mybatis.model.WLMSPCKey">
    delete from WLMSPC
    where ISUBRID = #{isubrid,jdbcType=CHAR}
      and ISUBREP = #{isubrep,jdbcType=INTEGER}
  </delete>
  <insert id="insert" parameterType="com.ibm.dk.alr.zscm.scrt.storing.mybatis.model.WLMSPC">
    insert into WLMSPC (ISUBRID, ISUBREP, DSUBSTS, 
      CSPCCAP, CSPCVAL, FSUBSTE, CSPCCAF, 
      CSPCREA, DPERPER, DSPCAUT, 
      SSPCAUU, SSPCAUP, ISPCMCH, FSPCSNS, 
      FSPCREP, FSPCEMA, ISPCCUS, ISPCCTY, 
      QSPCCOU, QSPCPMC, QSPCTMC, 
      CSPCICA, CSPCIPL, ISPCCNM, CSPCTYP, 
      CSPCREM, FSPCVAL, FSPCDBC)
    values (#{isubrid,jdbcType=CHAR}, #{isubrep,jdbcType=INTEGER}, #{dsubsts,jdbcType=TIMESTAMP}, 
      #{cspccap,jdbcType=CHAR}, #{cspcval,jdbcType=CHAR}, #{fsubste,jdbcType=CHAR}, #{cspccaf,jdbcType=CHAR}, 
      #{cspcrea,jdbcType=CHAR}, #{dperper,jdbcType=CHAR}, #{dspcaut,jdbcType=TIMESTAMP}, 
      #{sspcauu,jdbcType=CHAR}, #{sspcaup,jdbcType=CHAR}, #{ispcmch,jdbcType=CHAR}, #{fspcsns,jdbcType=CHAR}, 
      #{fspcrep,jdbcType=CHAR}, #{fspcema,jdbcType=CHAR}, #{ispccus,jdbcType=CHAR}, #{ispccty,jdbcType=CHAR}, 
      #{qspccou,jdbcType=INTEGER}, #{qspcpmc,jdbcType=INTEGER}, #{qspctmc,jdbcType=INTEGER}, 
      #{cspcica,jdbcType=CHAR}, #{cspcipl,jdbcType=CHAR}, #{ispccnm,jdbcType=CHAR}, #{cspctyp,jdbcType=CHAR}, 
      #{cspcrem,jdbcType=CHAR}, #{fspcval,jdbcType=CHAR}, #{fspcdbc,jdbcType=CHAR})
  </insert>
  <insert id="insertSelective" parameterType="com.ibm.dk.alr.zscm.scrt.storing.mybatis.model.WLMSPC">
    insert into WLMSPC
    <trim prefix="(" suffix=")" suffixOverrides=",">
      <if test="isubrid != null">
        ISUBRID,
      </if>
      <if test="isubrep != null">
        ISUBREP,
      </if>
      <if test="dsubsts != null">
        DSUBSTS,
      </if>
      <if test="cspccap != null">
        CSPCCAP,
      </if>
      <if test="cspcval != null">
        CSPCVAL,
      </if>
      <if test="fsubste != null">
        FSUBSTE,
      </if>
      <if test="cspccaf != null">
        CSPCCAF,
      </if>
      <if test="cspcrea != null">
        CSPCREA,
      </if>
      <if test="dperper != null">
        DPERPER,
      </if>
      <if test="dspcaut != null">
        DSPCAUT,
      </if>
      <if test="sspcauu != null">
        SSPCAUU,
      </if>
      <if test="sspcaup != null">
        SSPCAUP,
      </if>
      <if test="ispcmch != null">
        ISPCMCH,
      </if>
      <if test="fspcsns != null">
        FSPCSNS,
      </if>
      <if test="fspcrep != null">
        FSPCREP,
      </if>
      <if test="fspcema != null">
        FSPCEMA,
      </if>
      <if test="ispccus != null">
        ISPCCUS,
      </if>
      <if test="ispccty != null">
        ISPCCTY,
      </if>
      <if test="qspccou != null">
        QSPCCOU,
      </if>
      <if test="qspcpmc != null">
        QSPCPMC,
      </if>
      <if test="qspctmc != null">
        QSPCTMC,
      </if>
      <if test="cspcica != null">
        CSPCICA,
      </if>
      <if test="cspcipl != null">
        CSPCIPL,
      </if>
      <if test="ispccnm != null">
        ISPCCNM,
      </if>
      <if test="cspctyp != null">
        CSPCTYP,
      </if>
      <if test="cspcrem != null">
        CSPCREM,
      </if>
      <if test="fspcval != null">
        FSPCVAL,
      </if>
      <if test="fspcdbc != null">
        FSPCDBC,
      </if>
    </trim>
    <trim prefix="values (" suffix=")" suffixOverrides=",">
      <if test="isubrid != null">
        #{isubrid,jdbcType=CHAR},
      </if>
      <if test="isubrep != null">
        #{isubrep,jdbcType=INTEGER},
      </if>
      <if test="dsubsts != null">
        #{dsubsts,jdbcType=TIMESTAMP},
      </if>
      <if test="cspccap != null">
        #{cspccap,jdbcType=CHAR},
      </if>
      <if test="cspcval != null">
        #{cspcval,jdbcType=CHAR},
      </if>
      <if test="fsubste != null">
        #{fsubste,jdbcType=CHAR},
      </if>
      <if test="cspccaf != null">
        #{cspccaf,jdbcType=CHAR},
      </if>
      <if test="cspcrea != null">
        #{cspcrea,jdbcType=CHAR},
      </if>
      <if test="dperper != null">
        #{dperper,jdbcType=CHAR},
      </if>
      <if test="dspcaut != null">
        #{dspcaut,jdbcType=TIMESTAMP},
      </if>
      <if test="sspcauu != null">
        #{sspcauu,jdbcType=CHAR},
      </if>
      <if test="sspcaup != null">
        #{sspcaup,jdbcType=CHAR},
      </if>
      <if test="ispcmch != null">
        #{ispcmch,jdbcType=CHAR},
      </if>
      <if test="fspcsns != null">
        #{fspcsns,jdbcType=CHAR},
      </if>
      <if test="fspcrep != null">
        #{fspcrep,jdbcType=CHAR},
      </if>
      <if test="fspcema != null">
        #{fspcema,jdbcType=CHAR},
      </if>
      <if test="ispccus != null">
        #{ispccus,jdbcType=CHAR},
      </if>
      <if test="ispccty != null">
        #{ispccty,jdbcType=CHAR},
      </if>
      <if test="qspccou != null">
        #{qspccou,jdbcType=INTEGER},
      </if>
      <if test="qspcpmc != null">
        #{qspcpmc,jdbcType=INTEGER},
      </if>
      <if test="qspctmc != null">
        #{qspctmc,jdbcType=INTEGER},
      </if>
      <if test="cspcica != null">
        #{cspcica,jdbcType=CHAR},
      </if>
      <if test="cspcipl != null">
        #{cspcipl,jdbcType=CHAR},
      </if>
      <if test="ispccnm != null">
        #{ispccnm,jdbcType=CHAR},
      </if>
      <if test="cspctyp != null">
        #{cspctyp,jdbcType=CHAR},
      </if>
      <if test="cspcrem != null">
        #{cspcrem,jdbcType=CHAR},
      </if>
      <if test="fspcval != null">
        #{fspcval,jdbcType=CHAR},
      </if>
      <if test="fspcdbc != null">
        #{fspcdbc,jdbcType=CHAR},
      </if>
    </trim>
  </insert>
  <update id="updateByPrimaryKeySelective" parameterType="com.ibm.dk.alr.zscm.scrt.storing.mybatis.model.WLMSPC">
    update WLMSPC
    <set>
      <if test="dsubsts != null">
        DSUBSTS = #{dsubsts,jdbcType=TIMESTAMP},
      </if>
      <if test="cspccap != null">
        CSPCCAP = #{cspccap,jdbcType=CHAR},
      </if>
      <if test="cspcval != null">
        CSPCVAL = #{cspcval,jdbcType=CHAR},
      </if>
      <if test="fsubste != null">
        FSUBSTE = #{fsubste,jdbcType=CHAR},
      </if>
      <if test="cspccaf != null">
        CSPCCAF = #{cspccaf,jdbcType=CHAR},
      </if>
      <if test="cspcrea != null">
        CSPCREA = #{cspcrea,jdbcType=CHAR},
      </if>
      <if test="dperper != null">
        DPERPER = #{dperper,jdbcType=CHAR},
      </if>
      <if test="dspcaut != null">
        DSPCAUT = #{dspcaut,jdbcType=TIMESTAMP},
      </if>
      <if test="sspcauu != null">
        SSPCAUU = #{sspcauu,jdbcType=CHAR},
      </if>
      <if test="sspcaup != null">
        SSPCAUP = #{sspcaup,jdbcType=CHAR},
      </if>
      <if test="ispcmch != null">
        ISPCMCH = #{ispcmch,jdbcType=CHAR},
      </if>
      <if test="fspcsns != null">
        FSPCSNS = #{fspcsns,jdbcType=CHAR},
      </if>
      <if test="fspcrep != null">
        FSPCREP = #{fspcrep,jdbcType=CHAR},
      </if>
      <if test="fspcema != null">
        FSPCEMA = #{fspcema,jdbcType=CHAR},
      </if>
      <if test="ispccus != null">
        ISPCCUS = #{ispccus,jdbcType=CHAR},
      </if>
      <if test="ispccty != null">
        ISPCCTY = #{ispccty,jdbcType=CHAR},
      </if>
      <if test="qspccou != null">
        QSPCCOU = #{qspccou,jdbcType=INTEGER},
      </if>
      <if test="qspcpmc != null">
        QSPCPMC = #{qspcpmc,jdbcType=INTEGER},
      </if>
      <if test="qspctmc != null">
        QSPCTMC = #{qspctmc,jdbcType=INTEGER},
      </if>
      <if test="cspcica != null">
        CSPCICA = #{cspcica,jdbcType=CHAR},
      </if>
      <if test="cspcipl != null">
        CSPCIPL = #{cspcipl,jdbcType=CHAR},
      </if>
      <if test="ispccnm != null">
        ISPCCNM = #{ispccnm,jdbcType=CHAR},
      </if>
      <if test="cspctyp != null">
        CSPCTYP = #{cspctyp,jdbcType=CHAR},
      </if>
      <if test="cspcrem != null">
        CSPCREM = #{cspcrem,jdbcType=CHAR},
      </if>
      <if test="fspcval != null">
        FSPCVAL = #{fspcval,jdbcType=CHAR},
      </if>
      <if test="fspcdbc != null">
        FSPCDBC = #{fspcdbc,jdbcType=CHAR},
      </if>
    </set>
    where ISUBRID = #{isubrid,jdbcType=CHAR}
      and ISUBREP = #{isubrep,jdbcType=INTEGER}
  </update>
  <update id="updateByPrimaryKey" parameterType="com.ibm.dk.alr.zscm.scrt.storing.mybatis.model.WLMSPC">
    update WLMSPC
    set DSUBSTS = #{dsubsts,jdbcType=TIMESTAMP},
      CSPCCAP = #{cspccap,jdbcType=CHAR},
      CSPCVAL = #{cspcval,jdbcType=CHAR},
      FSUBSTE = #{fsubste,jdbcType=CHAR},
      CSPCCAF = #{cspccaf,jdbcType=CHAR},
      CSPCREA = #{cspcrea,jdbcType=CHAR},
      DPERPER = #{dperper,jdbcType=CHAR},
      DSPCAUT = #{dspcaut,jdbcType=TIMESTAMP},
      SSPCAUU = #{sspcauu,jdbcType=CHAR},
      SSPCAUP = #{sspcaup,jdbcType=CHAR},
      ISPCMCH = #{ispcmch,jdbcType=CHAR},
      FSPCSNS = #{fspcsns,jdbcType=CHAR},
      FSPCREP = #{fspcrep,jdbcType=CHAR},
      FSPCEMA = #{fspcema,jdbcType=CHAR},
      ISPCCUS = #{ispccus,jdbcType=CHAR},
      ISPCCTY = #{ispccty,jdbcType=CHAR},
      QSPCCOU = #{qspccou,jdbcType=INTEGER},
      QSPCPMC = #{qspcpmc,jdbcType=INTEGER},
      QSPCTMC = #{qspctmc,jdbcType=INTEGER},
      CSPCICA = #{cspcica,jdbcType=CHAR},
      CSPCIPL = #{cspcipl,jdbcType=CHAR},
      ISPCCNM = #{ispccnm,jdbcType=CHAR},
      CSPCTYP = #{cspctyp,jdbcType=CHAR},
      CSPCREM = #{cspcrem,jdbcType=CHAR},
      FSPCVAL = #{fspcval,jdbcType=CHAR},
      FSPCDBC = #{fspcdbc,jdbcType=CHAR}
    where ISUBRID = #{isubrid,jdbcType=CHAR}
      and ISUBREP = #{isubrep,jdbcType=INTEGER}
  </update>
  <resultMap id="BaseResultMap" type="com.ibm.dk.alr.zscm.scrt.storing.mybatis.model.WLMSPC">
    <result column="IRULRID" jdbcType="INTEGER" property="irulrid" />
    <result column="IRUTTYP" jdbcType="CHAR" property="iruttyp" />
    <result column="CRULCON" jdbcType="CHAR" property="crulcon" />
    <result column="CRULRES" jdbcType="CHAR" property="crulres" />
    <result column="SRULAUP" jdbcType="CHAR" property="srulaup" />
    <result column="SRULAUU" jdbcType="CHAR" property="srulauu" />
    <result column="DRULAUT" jdbcType="TIMESTAMP" property="drulaut" />
  </resultMap>
  <insert id="insert" parameterType="com.ibm.dk.alr.zscm.scrt.storing.mybatis.model.WLMSPC">
    insert into WLMSPC (IRULRID, IRUTTYP, CRULCON, 
      CRULRES, SRULAUP, SRULAUU, DRULAUT
      )
    values (#{irulrid,jdbcType=INTEGER}, #{iruttyp,jdbcType=CHAR}, #{crulcon,jdbcType=CHAR}, 
      #{crulres,jdbcType=CHAR}, #{srulaup,jdbcType=CHAR}, #{srulauu,jdbcType=CHAR}, #{drulaut,jdbcType=TIMESTAMP}
      )
  </insert>
  <insert id="insertSelective" parameterType="com.ibm.dk.alr.zscm.scrt.storing.mybatis.model.WLMSPC">
    insert into WLMSPC
    <trim prefix="(" suffix=")" suffixOverrides=",">
      <if test="irulrid != null">
        IRULRID,
      </if>
      <if test="iruttyp != null">
        IRUTTYP,
      </if>
      <if test="crulcon != null">
        CRULCON,
      </if>
      <if test="crulres != null">
        CRULRES,
      </if>
      <if test="srulaup != null">
        SRULAUP,
      </if>
      <if test="srulauu != null">
        SRULAUU,
      </if>
      <if test="drulaut != null">
        DRULAUT,
      </if>
    </trim>
    <trim prefix="values (" suffix=")" suffixOverrides=",">
      <if test="irulrid != null">
        #{irulrid,jdbcType=INTEGER},
      </if>
      <if test="iruttyp != null">
        #{iruttyp,jdbcType=CHAR},
      </if>
      <if test="crulcon != null">
        #{crulcon,jdbcType=CHAR},
      </if>
      <if test="crulres != null">
        #{crulres,jdbcType=CHAR},
      </if>
      <if test="srulaup != null">
        #{srulaup,jdbcType=CHAR},
      </if>
      <if test="srulauu != null">
        #{srulauu,jdbcType=CHAR},
      </if>
      <if test="drulaut != null">
        #{drulaut,jdbcType=TIMESTAMP},
      </if>
    </trim>
  </insert>
  <resultMap id="BaseResultMap" type="com.ibm.dk.alr.zscm.scrt.storing.mybatis.model.WLMSPC">
    <id column="ISUBRID" jdbcType="CHAR" property="isubrid" />
    <result column="CSPCCAF" jdbcType="CHAR" property="cspccaf" />
    <result column="CSPCCAP" jdbcType="CHAR" property="cspccap" />
    <result column="CSPCICA" jdbcType="CHAR" property="cspcica" />
    <result column="CSPCIPL" jdbcType="CHAR" property="cspcipl" />
    <result column="CSPCREA" jdbcType="CHAR" property="cspcrea" />
    <result column="CSPCVAL" jdbcType="CHAR" property="cspcval" />
    <result column="DPERPER" jdbcType="CHAR" property="dperper" />
    <result column="DSPCAUT" jdbcType="TIMESTAMP" property="dspcaut" />
    <result column="DSUBSTS" jdbcType="TIMESTAMP" property="dsubsts" />
    <result column="FSPCEMA" jdbcType="CHAR" property="fspcema" />
    <result column="FSPCREP" jdbcType="CHAR" property="fspcrep" />
    <result column="FSPCSNS" jdbcType="CHAR" property="fspcsns" />
    <result column="FSUBSTE" jdbcType="CHAR" property="fsubste" />
    <result column="ISPCCNM" jdbcType="CHAR" property="ispccnm" />
    <result column="ISPCCTY" jdbcType="CHAR" property="ispccty" />
    <result column="ISPCCUS" jdbcType="CHAR" property="ispccus" />
    <result column="ISPCMCH" jdbcType="CHAR" property="ispcmch" />
    <result column="QSPCCOU" jdbcType="INTEGER" property="qspccou" />
    <result column="QSPCPMC" jdbcType="INTEGER" property="qspcpmc" />
    <result column="QSPCTMC" jdbcType="INTEGER" property="qspctmc" />
    <result column="SSPCAUP" jdbcType="CHAR" property="sspcaup" />
    <result column="SSPCAUU" jdbcType="CHAR" property="sspcauu" />
  </resultMap>
  <sql id="Base_Column_List">
    ISUBRID, CSPCCAF, CSPCCAP, CSPCICA, CSPCIPL, CSPCREA, CSPCVAL, DPERPER, DSPCAUT, 
    DSUBSTS, FSPCEMA, FSPCREP, FSPCSNS, FSUBSTE, ISPCCNM, ISPCCTY, ISPCCUS, ISPCMCH, 
    QSPCCOU, QSPCPMC, QSPCTMC, SSPCAUP, SSPCAUU
  </sql>
  <select id="selectByPrimaryKey" parameterType="java.lang.String" resultMap="BaseResultMap">
    select 
    <include refid="Base_Column_List" />
    from WLMSPC
    where ISUBRID = #{isubrid,jdbcType=CHAR}
  </select>
  <delete id="deleteByPrimaryKey" parameterType="java.lang.String">
    delete from WLMSPC
    where ISUBRID = #{isubrid,jdbcType=CHAR}
  </delete>
  <insert id="insert" parameterType="com.ibm.dk.alr.zscm.scrt.storing.mybatis.model.WLMSPC">
    insert into WLMSPC (ISUBRID, CSPCCAF, CSPCCAP, 
      CSPCICA, CSPCIPL, CSPCREA, CSPCVAL, 
      DPERPER, DSPCAUT, DSUBSTS, 
      FSPCEMA, FSPCREP, FSPCSNS, FSUBSTE, 
      ISPCCNM, ISPCCTY, ISPCCUS, ISPCMCH, 
      QSPCCOU, QSPCPMC, QSPCTMC, 
      SSPCAUP, SSPCAUU)
    values (#{isubrid,jdbcType=CHAR}, #{cspccaf,jdbcType=CHAR}, #{cspccap,jdbcType=CHAR}, 
      #{cspcica,jdbcType=CHAR}, #{cspcipl,jdbcType=CHAR}, #{cspcrea,jdbcType=CHAR}, #{cspcval,jdbcType=CHAR}, 
      #{dperper,jdbcType=CHAR}, #{dspcaut,jdbcType=TIMESTAMP}, #{dsubsts,jdbcType=TIMESTAMP}, 
      #{fspcema,jdbcType=CHAR}, #{fspcrep,jdbcType=CHAR}, #{fspcsns,jdbcType=CHAR}, #{fsubste,jdbcType=CHAR}, 
      #{ispccnm,jdbcType=CHAR}, #{ispccty,jdbcType=CHAR}, #{ispccus,jdbcType=CHAR}, #{ispcmch,jdbcType=CHAR}, 
      #{qspccou,jdbcType=INTEGER}, #{qspcpmc,jdbcType=INTEGER}, #{qspctmc,jdbcType=INTEGER}, 
      #{sspcaup,jdbcType=CHAR}, #{sspcauu,jdbcType=CHAR})
  </insert>
  <insert id="insertSelective" parameterType="com.ibm.dk.alr.zscm.scrt.storing.mybatis.model.WLMSPC">
    insert into WLMSPC
    <trim prefix="(" suffix=")" suffixOverrides=",">
      <if test="isubrid != null">
        ISUBRID,
      </if>
      <if test="cspccaf != null">
        CSPCCAF,
      </if>
      <if test="cspccap != null">
        CSPCCAP,
      </if>
      <if test="cspcica != null">
        CSPCICA,
      </if>
      <if test="cspcipl != null">
        CSPCIPL,
      </if>
      <if test="cspcrea != null">
        CSPCREA,
      </if>
      <if test="cspcval != null">
        CSPCVAL,
      </if>
      <if test="dperper != null">
        DPERPER,
      </if>
      <if test="dspcaut != null">
        DSPCAUT,
      </if>
      <if test="dsubsts != null">
        DSUBSTS,
      </if>
      <if test="fspcema != null">
        FSPCEMA,
      </if>
      <if test="fspcrep != null">
        FSPCREP,
      </if>
      <if test="fspcsns != null">
        FSPCSNS,
      </if>
      <if test="fsubste != null">
        FSUBSTE,
      </if>
      <if test="ispccnm != null">
        ISPCCNM,
      </if>
      <if test="ispccty != null">
        ISPCCTY,
      </if>
      <if test="ispccus != null">
        ISPCCUS,
      </if>
      <if test="ispcmch != null">
        ISPCMCH,
      </if>
      <if test="qspccou != null">
        QSPCCOU,
      </if>
      <if test="qspcpmc != null">
        QSPCPMC,
      </if>
      <if test="qspctmc != null">
        QSPCTMC,
      </if>
      <if test="sspcaup != null">
        SSPCAUP,
      </if>
      <if test="sspcauu != null">
        SSPCAUU,
      </if>
    </trim>
    <trim prefix="values (" suffix=")" suffixOverrides=",">
      <if test="isubrid != null">
        #{isubrid,jdbcType=CHAR},
      </if>
      <if test="cspccaf != null">
        #{cspccaf,jdbcType=CHAR},
      </if>
      <if test="cspccap != null">
        #{cspccap,jdbcType=CHAR},
      </if>
      <if test="cspcica != null">
        #{cspcica,jdbcType=CHAR},
      </if>
      <if test="cspcipl != null">
        #{cspcipl,jdbcType=CHAR},
      </if>
      <if test="cspcrea != null">
        #{cspcrea,jdbcType=CHAR},
      </if>
      <if test="cspcval != null">
        #{cspcval,jdbcType=CHAR},
      </if>
      <if test="dperper != null">
        #{dperper,jdbcType=CHAR},
      </if>
      <if test="dspcaut != null">
        #{dspcaut,jdbcType=TIMESTAMP},
      </if>
      <if test="dsubsts != null">
        #{dsubsts,jdbcType=TIMESTAMP},
      </if>
      <if test="fspcema != null">
        #{fspcema,jdbcType=CHAR},
      </if>
      <if test="fspcrep != null">
        #{fspcrep,jdbcType=CHAR},
      </if>
      <if test="fspcsns != null">
        #{fspcsns,jdbcType=CHAR},
      </if>
      <if test="fsubste != null">
        #{fsubste,jdbcType=CHAR},
      </if>
      <if test="ispccnm != null">
        #{ispccnm,jdbcType=CHAR},
      </if>
      <if test="ispccty != null">
        #{ispccty,jdbcType=CHAR},
      </if>
      <if test="ispccus != null">
        #{ispccus,jdbcType=CHAR},
      </if>
      <if test="ispcmch != null">
        #{ispcmch,jdbcType=CHAR},
      </if>
      <if test="qspccou != null">
        #{qspccou,jdbcType=INTEGER},
      </if>
      <if test="qspcpmc != null">
        #{qspcpmc,jdbcType=INTEGER},
      </if>
      <if test="qspctmc != null">
        #{qspctmc,jdbcType=INTEGER},
      </if>
      <if test="sspcaup != null">
        #{sspcaup,jdbcType=CHAR},
      </if>
      <if test="sspcauu != null">
        #{sspcauu,jdbcType=CHAR},
      </if>
    </trim>
  </insert>
  <update id="updateByPrimaryKeySelective" parameterType="com.ibm.dk.alr.zscm.scrt.storing.mybatis.model.WLMSPC">
    update WLMSPC
    <set>
      <if test="cspccaf != null">
        CSPCCAF = #{cspccaf,jdbcType=CHAR},
      </if>
      <if test="cspccap != null">
        CSPCCAP = #{cspccap,jdbcType=CHAR},
      </if>
      <if test="cspcica != null">
        CSPCICA = #{cspcica,jdbcType=CHAR},
      </if>
      <if test="cspcipl != null">
        CSPCIPL = #{cspcipl,jdbcType=CHAR},
      </if>
      <if test="cspcrea != null">
        CSPCREA = #{cspcrea,jdbcType=CHAR},
      </if>
      <if test="cspcval != null">
        CSPCVAL = #{cspcval,jdbcType=CHAR},
      </if>
      <if test="dperper != null">
        DPERPER = #{dperper,jdbcType=CHAR},
      </if>
      <if test="dspcaut != null">
        DSPCAUT = #{dspcaut,jdbcType=TIMESTAMP},
      </if>
      <if test="dsubsts != null">
        DSUBSTS = #{dsubsts,jdbcType=TIMESTAMP},
      </if>
      <if test="fspcema != null">
        FSPCEMA = #{fspcema,jdbcType=CHAR},
      </if>
      <if test="fspcrep != null">
        FSPCREP = #{fspcrep,jdbcType=CHAR},
      </if>
      <if test="fspcsns != null">
        FSPCSNS = #{fspcsns,jdbcType=CHAR},
      </if>
      <if test="fsubste != null">
        FSUBSTE = #{fsubste,jdbcType=CHAR},
      </if>
      <if test="ispccnm != null">
        ISPCCNM = #{ispccnm,jdbcType=CHAR},
      </if>
      <if test="ispccty != null">
        ISPCCTY = #{ispccty,jdbcType=CHAR},
      </if>
      <if test="ispccus != null">
        ISPCCUS = #{ispccus,jdbcType=CHAR},
      </if>
      <if test="ispcmch != null">
        ISPCMCH = #{ispcmch,jdbcType=CHAR},
      </if>
      <if test="qspccou != null">
        QSPCCOU = #{qspccou,jdbcType=INTEGER},
      </if>
      <if test="qspcpmc != null">
        QSPCPMC = #{qspcpmc,jdbcType=INTEGER},
      </if>
      <if test="qspctmc != null">
        QSPCTMC = #{qspctmc,jdbcType=INTEGER},
      </if>
      <if test="sspcaup != null">
        SSPCAUP = #{sspcaup,jdbcType=CHAR},
      </if>
      <if test="sspcauu != null">
        SSPCAUU = #{sspcauu,jdbcType=CHAR},
      </if>
    </set>
    where ISUBRID = #{isubrid,jdbcType=CHAR}
  </update>
  <update id="updateByPrimaryKey" parameterType="com.ibm.dk.alr.zscm.scrt.storing.mybatis.model.WLMSPC">
    update WLMSPC
    set CSPCCAF = #{cspccaf,jdbcType=CHAR},
      CSPCCAP = #{cspccap,jdbcType=CHAR},
      CSPCICA = #{cspcica,jdbcType=CHAR},
      CSPCIPL = #{cspcipl,jdbcType=CHAR},
      CSPCREA = #{cspcrea,jdbcType=CHAR},
      CSPCVAL = #{cspcval,jdbcType=CHAR},
      DPERPER = #{dperper,jdbcType=CHAR},
      DSPCAUT = #{dspcaut,jdbcType=TIMESTAMP},
      DSUBSTS = #{dsubsts,jdbcType=TIMESTAMP},
      FSPCEMA = #{fspcema,jdbcType=CHAR},
      FSPCREP = #{fspcrep,jdbcType=CHAR},
      FSPCSNS = #{fspcsns,jdbcType=CHAR},
      FSUBSTE = #{fsubste,jdbcType=CHAR},
      ISPCCNM = #{ispccnm,jdbcType=CHAR},
      ISPCCTY = #{ispccty,jdbcType=CHAR},
      ISPCCUS = #{ispccus,jdbcType=CHAR},
      ISPCMCH = #{ispcmch,jdbcType=CHAR},
      QSPCCOU = #{qspccou,jdbcType=INTEGER},
      QSPCPMC = #{qspcpmc,jdbcType=INTEGER},
      QSPCTMC = #{qspctmc,jdbcType=INTEGER},
      SSPCAUP = #{sspcaup,jdbcType=CHAR},
      SSPCAUU = #{sspcauu,jdbcType=CHAR}
    where ISUBRID = #{isubrid,jdbcType=CHAR}
  </update>
  <resultMap id="BaseResultMap" type="com.ibm.dk.alr.zscm.scrt.storing.mybatis.model.WLMSPC">
    <id column="ISUBRID" jdbcType="CHAR" property="isubrid" />
    <id column="ISUBREP" jdbcType="INTEGER" property="isubrep" />
    <result column="DSUBSTS" jdbcType="TIMESTAMP" property="dsubsts" />
    <result column="CSPCCAP" jdbcType="CHAR" property="cspccap" />
    <result column="CSPCVAL" jdbcType="CHAR" property="cspcval" />
    <result column="FSUBSTE" jdbcType="CHAR" property="fsubste" />
    <result column="CSPCCAF" jdbcType="CHAR" property="cspccaf" />
    <result column="CSPCREA" jdbcType="CHAR" property="cspcrea" />
    <result column="DPERPER" jdbcType="CHAR" property="dperper" />
    <result column="DSPCAUT" jdbcType="TIMESTAMP" property="dspcaut" />
    <result column="SSPCAUU" jdbcType="CHAR" property="sspcauu" />
    <result column="SSPCAUP" jdbcType="CHAR" property="sspcaup" />
    <result column="ISPCMCH" jdbcType="CHAR" property="ispcmch" />
    <result column="FSPCSNS" jdbcType="CHAR" property="fspcsns" />
    <result column="FSPCREP" jdbcType="CHAR" property="fspcrep" />
    <result column="FSPCEMA" jdbcType="CHAR" property="fspcema" />
    <result column="ISPCCUS" jdbcType="CHAR" property="ispccus" />
    <result column="ISPCCTY" jdbcType="CHAR" property="ispccty" />
    <result column="QSPCCOU" jdbcType="INTEGER" property="qspccou" />
    <result column="QSPCPMC" jdbcType="INTEGER" property="qspcpmc" />
    <result column="QSPCTMC" jdbcType="INTEGER" property="qspctmc" />
    <result column="CSPCICA" jdbcType="CHAR" property="cspcica" />
    <result column="CSPCIPL" jdbcType="CHAR" property="cspcipl" />
    <result column="ISPCCNM" jdbcType="CHAR" property="ispccnm" />
    <result column="CSPCTYP" jdbcType="CHAR" property="cspctyp" />
    <result column="CSPCREM" jdbcType="CHAR" property="cspcrem" />
    <result column="FSPCVAL" jdbcType="CHAR" property="fspcval" />
    <result column="FSPCDBC" jdbcType="CHAR" property="fspcdbc" />
  </resultMap>
  <sql id="Base_Column_List">
    ISUBRID, ISUBREP, DSUBSTS, CSPCCAP, CSPCVAL, FSUBSTE, CSPCCAF, CSPCREA, DPERPER, 
    DSPCAUT, SSPCAUU, SSPCAUP, ISPCMCH, FSPCSNS, FSPCREP, FSPCEMA, ISPCCUS, ISPCCTY, 
    QSPCCOU, QSPCPMC, QSPCTMC, CSPCICA, CSPCIPL, ISPCCNM, CSPCTYP, CSPCREM, FSPCVAL, 
    FSPCDBC
  </sql>
  <select id="selectByPrimaryKey" parameterType="com.ibm.dk.alr.zscm.scrt.storing.mybatis.model.WLMSPCKey" resultMap="BaseResultMap">
    select 
    <include refid="Base_Column_List" />
    from WLMSPC
    where ISUBRID = #{isubrid,jdbcType=CHAR}
      and ISUBREP = #{isubrep,jdbcType=INTEGER}
  </select>
  <delete id="deleteByPrimaryKey" parameterType="com.ibm.dk.alr.zscm.scrt.storing.mybatis.model.WLMSPCKey">
    delete from WLMSPC
    where ISUBRID = #{isubrid,jdbcType=CHAR}
      and ISUBREP = #{isubrep,jdbcType=INTEGER}
  </delete>
  <insert id="insert" parameterType="com.ibm.dk.alr.zscm.scrt.storing.mybatis.model.WLMSPC">
    insert into WLMSPC (ISUBRID, ISUBREP, DSUBSTS, 
      CSPCCAP, CSPCVAL, FSUBSTE, CSPCCAF, 
      CSPCREA, DPERPER, DSPCAUT, 
      SSPCAUU, SSPCAUP, ISPCMCH, FSPCSNS, 
      FSPCREP, FSPCEMA, ISPCCUS, ISPCCTY, 
      QSPCCOU, QSPCPMC, QSPCTMC, 
      CSPCICA, CSPCIPL, ISPCCNM, CSPCTYP, 
      CSPCREM, FSPCVAL, FSPCDBC)
    values (#{isubrid,jdbcType=CHAR}, #{isubrep,jdbcType=INTEGER}, #{dsubsts,jdbcType=TIMESTAMP}, 
      #{cspccap,jdbcType=CHAR}, #{cspcval,jdbcType=CHAR}, #{fsubste,jdbcType=CHAR}, #{cspccaf,jdbcType=CHAR}, 
      #{cspcrea,jdbcType=CHAR}, #{dperper,jdbcType=CHAR}, #{dspcaut,jdbcType=TIMESTAMP}, 
      #{sspcauu,jdbcType=CHAR}, #{sspcaup,jdbcType=CHAR}, #{ispcmch,jdbcType=CHAR}, #{fspcsns,jdbcType=CHAR}, 
      #{fspcrep,jdbcType=CHAR}, #{fspcema,jdbcType=CHAR}, #{ispccus,jdbcType=CHAR}, #{ispccty,jdbcType=CHAR}, 
      #{qspccou,jdbcType=INTEGER}, #{qspcpmc,jdbcType=INTEGER}, #{qspctmc,jdbcType=INTEGER}, 
      #{cspcica,jdbcType=CHAR}, #{cspcipl,jdbcType=CHAR}, #{ispccnm,jdbcType=CHAR}, #{cspctyp,jdbcType=CHAR}, 
      #{cspcrem,jdbcType=CHAR}, #{fspcval,jdbcType=CHAR}, #{fspcdbc,jdbcType=CHAR})
  </insert>
  <insert id="insertSelective" parameterType="com.ibm.dk.alr.zscm.scrt.storing.mybatis.model.WLMSPC">
    insert into WLMSPC
    <trim prefix="(" suffix=")" suffixOverrides=",">
      <if test="isubrid != null">
        ISUBRID,
      </if>
      <if test="isubrep != null">
        ISUBREP,
      </if>
      <if test="dsubsts != null">
        DSUBSTS,
      </if>
      <if test="cspccap != null">
        CSPCCAP,
      </if>
      <if test="cspcval != null">
        CSPCVAL,
      </if>
      <if test="fsubste != null">
        FSUBSTE,
      </if>
      <if test="cspccaf != null">
        CSPCCAF,
      </if>
      <if test="cspcrea != null">
        CSPCREA,
      </if>
      <if test="dperper != null">
        DPERPER,
      </if>
      <if test="dspcaut != null">
        DSPCAUT,
      </if>
      <if test="sspcauu != null">
        SSPCAUU,
      </if>
      <if test="sspcaup != null">
        SSPCAUP,
      </if>
      <if test="ispcmch != null">
        ISPCMCH,
      </if>
      <if test="fspcsns != null">
        FSPCSNS,
      </if>
      <if test="fspcrep != null">
        FSPCREP,
      </if>
      <if test="fspcema != null">
        FSPCEMA,
      </if>
      <if test="ispccus != null">
        ISPCCUS,
      </if>
      <if test="ispccty != null">
        ISPCCTY,
      </if>
      <if test="qspccou != null">
        QSPCCOU,
      </if>
      <if test="qspcpmc != null">
        QSPCPMC,
      </if>
      <if test="qspctmc != null">
        QSPCTMC,
      </if>
      <if test="cspcica != null">
        CSPCICA,
      </if>
      <if test="cspcipl != null">
        CSPCIPL,
      </if>
      <if test="ispccnm != null">
        ISPCCNM,
      </if>
      <if test="cspctyp != null">
        CSPCTYP,
      </if>
      <if test="cspcrem != null">
        CSPCREM,
      </if>
      <if test="fspcval != null">
        FSPCVAL,
      </if>
      <if test="fspcdbc != null">
        FSPCDBC,
      </if>
    </trim>
    <trim prefix="values (" suffix=")" suffixOverrides=",">
      <if test="isubrid != null">
        #{isubrid,jdbcType=CHAR},
      </if>
      <if test="isubrep != null">
        #{isubrep,jdbcType=INTEGER},
      </if>
      <if test="dsubsts != null">
        #{dsubsts,jdbcType=TIMESTAMP},
      </if>
      <if test="cspccap != null">
        #{cspccap,jdbcType=CHAR},
      </if>
      <if test="cspcval != null">
        #{cspcval,jdbcType=CHAR},
      </if>
      <if test="fsubste != null">
        #{fsubste,jdbcType=CHAR},
      </if>
      <if test="cspccaf != null">
        #{cspccaf,jdbcType=CHAR},
      </if>
      <if test="cspcrea != null">
        #{cspcrea,jdbcType=CHAR},
      </if>
      <if test="dperper != null">
        #{dperper,jdbcType=CHAR},
      </if>
      <if test="dspcaut != null">
        #{dspcaut,jdbcType=TIMESTAMP},
      </if>
      <if test="sspcauu != null">
        #{sspcauu,jdbcType=CHAR},
      </if>
      <if test="sspcaup != null">
        #{sspcaup,jdbcType=CHAR},
      </if>
      <if test="ispcmch != null">
        #{ispcmch,jdbcType=CHAR},
      </if>
      <if test="fspcsns != null">
        #{fspcsns,jdbcType=CHAR},
      </if>
      <if test="fspcrep != null">
        #{fspcrep,jdbcType=CHAR},
      </if>
      <if test="fspcema != null">
        #{fspcema,jdbcType=CHAR},
      </if>
      <if test="ispccus != null">
        #{ispccus,jdbcType=CHAR},
      </if>
      <if test="ispccty != null">
        #{ispccty,jdbcType=CHAR},
      </if>
      <if test="qspccou != null">
        #{qspccou,jdbcType=INTEGER},
      </if>
      <if test="qspcpmc != null">
        #{qspcpmc,jdbcType=INTEGER},
      </if>
      <if test="qspctmc != null">
        #{qspctmc,jdbcType=INTEGER},
      </if>
      <if test="cspcica != null">
        #{cspcica,jdbcType=CHAR},
      </if>
      <if test="cspcipl != null">
        #{cspcipl,jdbcType=CHAR},
      </if>
      <if test="ispccnm != null">
        #{ispccnm,jdbcType=CHAR},
      </if>
      <if test="cspctyp != null">
        #{cspctyp,jdbcType=CHAR},
      </if>
      <if test="cspcrem != null">
        #{cspcrem,jdbcType=CHAR},
      </if>
      <if test="fspcval != null">
        #{fspcval,jdbcType=CHAR},
      </if>
      <if test="fspcdbc != null">
        #{fspcdbc,jdbcType=CHAR},
      </if>
    </trim>
  </insert>
  <update id="updateByPrimaryKeySelective" parameterType="com.ibm.dk.alr.zscm.scrt.storing.mybatis.model.WLMSPC">
    update WLMSPC
    <set>
      <if test="dsubsts != null">
        DSUBSTS = #{dsubsts,jdbcType=TIMESTAMP},
      </if>
      <if test="cspccap != null">
        CSPCCAP = #{cspccap,jdbcType=CHAR},
      </if>
      <if test="cspcval != null">
        CSPCVAL = #{cspcval,jdbcType=CHAR},
      </if>
      <if test="fsubste != null">
        FSUBSTE = #{fsubste,jdbcType=CHAR},
      </if>
      <if test="cspccaf != null">
        CSPCCAF = #{cspccaf,jdbcType=CHAR},
      </if>
      <if test="cspcrea != null">
        CSPCREA = #{cspcrea,jdbcType=CHAR},
      </if>
      <if test="dperper != null">
        DPERPER = #{dperper,jdbcType=CHAR},
      </if>
      <if test="dspcaut != null">
        DSPCAUT = #{dspcaut,jdbcType=TIMESTAMP},
      </if>
      <if test="sspcauu != null">
        SSPCAUU = #{sspcauu,jdbcType=CHAR},
      </if>
      <if test="sspcaup != null">
        SSPCAUP = #{sspcaup,jdbcType=CHAR},
      </if>
      <if test="ispcmch != null">
        ISPCMCH = #{ispcmch,jdbcType=CHAR},
      </if>
      <if test="fspcsns != null">
        FSPCSNS = #{fspcsns,jdbcType=CHAR},
      </if>
      <if test="fspcrep != null">
        FSPCREP = #{fspcrep,jdbcType=CHAR},
      </if>
      <if test="fspcema != null">
        FSPCEMA = #{fspcema,jdbcType=CHAR},
      </if>
      <if test="ispccus != null">
        ISPCCUS = #{ispccus,jdbcType=CHAR},
      </if>
      <if test="ispccty != null">
        ISPCCTY = #{ispccty,jdbcType=CHAR},
      </if>
      <if test="qspccou != null">
        QSPCCOU = #{qspccou,jdbcType=INTEGER},
      </if>
      <if test="qspcpmc != null">
        QSPCPMC = #{qspcpmc,jdbcType=INTEGER},
      </if>
      <if test="qspctmc != null">
        QSPCTMC = #{qspctmc,jdbcType=INTEGER},
      </if>
      <if test="cspcica != null">
        CSPCICA = #{cspcica,jdbcType=CHAR},
      </if>
      <if test="cspcipl != null">
        CSPCIPL = #{cspcipl,jdbcType=CHAR},
      </if>
      <if test="ispccnm != null">
        ISPCCNM = #{ispccnm,jdbcType=CHAR},
      </if>
      <if test="cspctyp != null">
        CSPCTYP = #{cspctyp,jdbcType=CHAR},
      </if>
      <if test="cspcrem != null">
        CSPCREM = #{cspcrem,jdbcType=CHAR},
      </if>
      <if test="fspcval != null">
        FSPCVAL = #{fspcval,jdbcType=CHAR},
      </if>
      <if test="fspcdbc != null">
        FSPCDBC = #{fspcdbc,jdbcType=CHAR},
      </if>
    </set>
    where ISUBRID = #{isubrid,jdbcType=CHAR}
      and ISUBREP = #{isubrep,jdbcType=INTEGER}
  </update>
  <update id="updateByPrimaryKey" parameterType="com.ibm.dk.alr.zscm.scrt.storing.mybatis.model.WLMSPC">
    update WLMSPC
    set DSUBSTS = #{dsubsts,jdbcType=TIMESTAMP},
      CSPCCAP = #{cspccap,jdbcType=CHAR},
      CSPCVAL = #{cspcval,jdbcType=CHAR},
      FSUBSTE = #{fsubste,jdbcType=CHAR},
      CSPCCAF = #{cspccaf,jdbcType=CHAR},
      CSPCREA = #{cspcrea,jdbcType=CHAR},
      DPERPER = #{dperper,jdbcType=CHAR},
      DSPCAUT = #{dspcaut,jdbcType=TIMESTAMP},
      SSPCAUU = #{sspcauu,jdbcType=CHAR},
      SSPCAUP = #{sspcaup,jdbcType=CHAR},
      ISPCMCH = #{ispcmch,jdbcType=CHAR},
      FSPCSNS = #{fspcsns,jdbcType=CHAR},
      FSPCREP = #{fspcrep,jdbcType=CHAR},
      FSPCEMA = #{fspcema,jdbcType=CHAR},
      ISPCCUS = #{ispccus,jdbcType=CHAR},
      ISPCCTY = #{ispccty,jdbcType=CHAR},
      QSPCCOU = #{qspccou,jdbcType=INTEGER},
      QSPCPMC = #{qspcpmc,jdbcType=INTEGER},
      QSPCTMC = #{qspctmc,jdbcType=INTEGER},
      CSPCICA = #{cspcica,jdbcType=CHAR},
      CSPCIPL = #{cspcipl,jdbcType=CHAR},
      ISPCCNM = #{ispccnm,jdbcType=CHAR},
      CSPCTYP = #{cspctyp,jdbcType=CHAR},
      CSPCREM = #{cspcrem,jdbcType=CHAR},
      FSPCVAL = #{fspcval,jdbcType=CHAR},
      FSPCDBC = #{fspcdbc,jdbcType=CHAR}
    where ISUBRID = #{isubrid,jdbcType=CHAR}
      and ISUBREP = #{isubrep,jdbcType=INTEGER}
  </update>
  <resultMap id="BaseResultMap" type="com.ibm.dk.alr.zscm.scrt.storing.mybatis.model.WLMSPC">
    <id column="ISUBRID" jdbcType="CHAR" property="isubrid" />
    <result column="CSPCCAF" jdbcType="CHAR" property="cspccaf" />
    <result column="CSPCCAP" jdbcType="CHAR" property="cspccap" />
    <result column="CSPCICA" jdbcType="CHAR" property="cspcica" />
    <result column="CSPCIPL" jdbcType="CHAR" property="cspcipl" />
    <result column="CSPCREA" jdbcType="CHAR" property="cspcrea" />
    <result column="CSPCVAL" jdbcType="CHAR" property="cspcval" />
    <result column="DPERPER" jdbcType="CHAR" property="dperper" />
    <result column="DSPCAUT" jdbcType="TIMESTAMP" property="dspcaut" />
    <result column="DSUBSTS" jdbcType="TIMESTAMP" property="dsubsts" />
    <result column="FSPCEMA" jdbcType="CHAR" property="fspcema" />
    <result column="FSPCREP" jdbcType="CHAR" property="fspcrep" />
    <result column="FSPCSNS" jdbcType="CHAR" property="fspcsns" />
    <result column="FSUBSTE" jdbcType="CHAR" property="fsubste" />
    <result column="ISPCCNM" jdbcType="CHAR" property="ispccnm" />
    <result column="ISPCCTY" jdbcType="CHAR" property="ispccty" />
    <result column="ISPCCUS" jdbcType="CHAR" property="ispccus" />
    <result column="ISPCMCH" jdbcType="CHAR" property="ispcmch" />
    <result column="QSPCCOU" jdbcType="INTEGER" property="qspccou" />
    <result column="QSPCPMC" jdbcType="INTEGER" property="qspcpmc" />
    <result column="QSPCTMC" jdbcType="INTEGER" property="qspctmc" />
    <result column="SSPCAUP" jdbcType="CHAR" property="sspcaup" />
    <result column="SSPCAUU" jdbcType="CHAR" property="sspcauu" />
  </resultMap>
  <sql id="Base_Column_List">
    ISUBRID, CSPCCAF, CSPCCAP, CSPCICA, CSPCIPL, CSPCREA, CSPCVAL, DPERPER, DSPCAUT, 
    DSUBSTS, FSPCEMA, FSPCREP, FSPCSNS, FSUBSTE, ISPCCNM, ISPCCTY, ISPCCUS, ISPCMCH, 
    QSPCCOU, QSPCPMC, QSPCTMC, SSPCAUP, SSPCAUU
  </sql>
  <select id="selectByPrimaryKey" parameterType="java.lang.String" resultMap="BaseResultMap">
    select 
    <include refid="Base_Column_List" />
    from WLMSPC
    where ISUBRID = #{isubrid,jdbcType=CHAR}
  </select>
  <delete id="deleteByPrimaryKey" parameterType="java.lang.String">
    delete from WLMSPC
    where ISUBRID = #{isubrid,jdbcType=CHAR}
  </delete>
  <insert id="insert" parameterType="com.ibm.dk.alr.zscm.scrt.storing.mybatis.model.WLMSPC">
    insert into WLMSPC (ISUBRID, CSPCCAF, CSPCCAP, 
      CSPCICA, CSPCIPL, CSPCREA, CSPCVAL, 
      DPERPER, DSPCAUT, DSUBSTS, 
      FSPCEMA, FSPCREP, FSPCSNS, FSUBSTE, 
      ISPCCNM, ISPCCTY, ISPCCUS, ISPCMCH, 
      QSPCCOU, QSPCPMC, QSPCTMC, 
      SSPCAUP, SSPCAUU)
    values (#{isubrid,jdbcType=CHAR}, #{cspccaf,jdbcType=CHAR}, #{cspccap,jdbcType=CHAR}, 
      #{cspcica,jdbcType=CHAR}, #{cspcipl,jdbcType=CHAR}, #{cspcrea,jdbcType=CHAR}, #{cspcval,jdbcType=CHAR}, 
      #{dperper,jdbcType=CHAR}, #{dspcaut,jdbcType=TIMESTAMP}, #{dsubsts,jdbcType=TIMESTAMP}, 
      #{fspcema,jdbcType=CHAR}, #{fspcrep,jdbcType=CHAR}, #{fspcsns,jdbcType=CHAR}, #{fsubste,jdbcType=CHAR}, 
      #{ispccnm,jdbcType=CHAR}, #{ispccty,jdbcType=CHAR}, #{ispccus,jdbcType=CHAR}, #{ispcmch,jdbcType=CHAR}, 
      #{qspccou,jdbcType=INTEGER}, #{qspcpmc,jdbcType=INTEGER}, #{qspctmc,jdbcType=INTEGER}, 
      #{sspcaup,jdbcType=CHAR}, #{sspcauu,jdbcType=CHAR})
  </insert>
  <insert id="insertSelective" parameterType="com.ibm.dk.alr.zscm.scrt.storing.mybatis.model.WLMSPC">
    insert into WLMSPC
    <trim prefix="(" suffix=")" suffixOverrides=",">
      <if test="isubrid != null">
        ISUBRID,
      </if>
      <if test="cspccaf != null">
        CSPCCAF,
      </if>
      <if test="cspccap != null">
        CSPCCAP,
      </if>
      <if test="cspcica != null">
        CSPCICA,
      </if>
      <if test="cspcipl != null">
        CSPCIPL,
      </if>
      <if test="cspcrea != null">
        CSPCREA,
      </if>
      <if test="cspcval != null">
        CSPCVAL,
      </if>
      <if test="dperper != null">
        DPERPER,
      </if>
      <if test="dspcaut != null">
        DSPCAUT,
      </if>
      <if test="dsubsts != null">
        DSUBSTS,
      </if>
      <if test="fspcema != null">
        FSPCEMA,
      </if>
      <if test="fspcrep != null">
        FSPCREP,
      </if>
      <if test="fspcsns != null">
        FSPCSNS,
      </if>
      <if test="fsubste != null">
        FSUBSTE,
      </if>
      <if test="ispccnm != null">
        ISPCCNM,
      </if>
      <if test="ispccty != null">
        ISPCCTY,
      </if>
      <if test="ispccus != null">
        ISPCCUS,
      </if>
      <if test="ispcmch != null">
        ISPCMCH,
      </if>
      <if test="qspccou != null">
        QSPCCOU,
      </if>
      <if test="qspcpmc != null">
        QSPCPMC,
      </if>
      <if test="qspctmc != null">
        QSPCTMC,
      </if>
      <if test="sspcaup != null">
        SSPCAUP,
      </if>
      <if test="sspcauu != null">
        SSPCAUU,
      </if>
    </trim>
    <trim prefix="values (" suffix=")" suffixOverrides=",">
      <if test="isubrid != null">
        #{isubrid,jdbcType=CHAR},
      </if>
      <if test="cspccaf != null">
        #{cspccaf,jdbcType=CHAR},
      </if>
      <if test="cspccap != null">
        #{cspccap,jdbcType=CHAR},
      </if>
      <if test="cspcica != null">
        #{cspcica,jdbcType=CHAR},
      </if>
      <if test="cspcipl != null">
        #{cspcipl,jdbcType=CHAR},
      </if>
      <if test="cspcrea != null">
        #{cspcrea,jdbcType=CHAR},
      </if>
      <if test="cspcval != null">
        #{cspcval,jdbcType=CHAR},
      </if>
      <if test="dperper != null">
        #{dperper,jdbcType=CHAR},
      </if>
      <if test="dspcaut != null">
        #{dspcaut,jdbcType=TIMESTAMP},
      </if>
      <if test="dsubsts != null">
        #{dsubsts,jdbcType=TIMESTAMP},
      </if>
      <if test="fspcema != null">
        #{fspcema,jdbcType=CHAR},
      </if>
      <if test="fspcrep != null">
        #{fspcrep,jdbcType=CHAR},
      </if>
      <if test="fspcsns != null">
        #{fspcsns,jdbcType=CHAR},
      </if>
      <if test="fsubste != null">
        #{fsubste,jdbcType=CHAR},
      </if>
      <if test="ispccnm != null">
        #{ispccnm,jdbcType=CHAR},
      </if>
      <if test="ispccty != null">
        #{ispccty,jdbcType=CHAR},
      </if>
      <if test="ispccus != null">
        #{ispccus,jdbcType=CHAR},
      </if>
      <if test="ispcmch != null">
        #{ispcmch,jdbcType=CHAR},
      </if>
      <if test="qspccou != null">
        #{qspccou,jdbcType=INTEGER},
      </if>
      <if test="qspcpmc != null">
        #{qspcpmc,jdbcType=INTEGER},
      </if>
      <if test="qspctmc != null">
        #{qspctmc,jdbcType=INTEGER},
      </if>
      <if test="sspcaup != null">
        #{sspcaup,jdbcType=CHAR},
      </if>
      <if test="sspcauu != null">
        #{sspcauu,jdbcType=CHAR},
      </if>
    </trim>
  </insert>
  <update id="updateByPrimaryKeySelective" parameterType="com.ibm.dk.alr.zscm.scrt.storing.mybatis.model.WLMSPC">
    update WLMSPC
    <set>
      <if test="cspccaf != null">
        CSPCCAF = #{cspccaf,jdbcType=CHAR},
      </if>
      <if test="cspccap != null">
        CSPCCAP = #{cspccap,jdbcType=CHAR},
      </if>
      <if test="cspcica != null">
        CSPCICA = #{cspcica,jdbcType=CHAR},
      </if>
      <if test="cspcipl != null">
        CSPCIPL = #{cspcipl,jdbcType=CHAR},
      </if>
      <if test="cspcrea != null">
        CSPCREA = #{cspcrea,jdbcType=CHAR},
      </if>
      <if test="cspcval != null">
        CSPCVAL = #{cspcval,jdbcType=CHAR},
      </if>
      <if test="dperper != null">
        DPERPER = #{dperper,jdbcType=CHAR},
      </if>
      <if test="dspcaut != null">
        DSPCAUT = #{dspcaut,jdbcType=TIMESTAMP},
      </if>
      <if test="dsubsts != null">
        DSUBSTS = #{dsubsts,jdbcType=TIMESTAMP},
      </if>
      <if test="fspcema != null">
        FSPCEMA = #{fspcema,jdbcType=CHAR},
      </if>
      <if test="fspcrep != null">
        FSPCREP = #{fspcrep,jdbcType=CHAR},
      </if>
      <if test="fspcsns != null">
        FSPCSNS = #{fspcsns,jdbcType=CHAR},
      </if>
      <if test="fsubste != null">
        FSUBSTE = #{fsubste,jdbcType=CHAR},
      </if>
      <if test="ispccnm != null">
        ISPCCNM = #{ispccnm,jdbcType=CHAR},
      </if>
      <if test="ispccty != null">
        ISPCCTY = #{ispccty,jdbcType=CHAR},
      </if>
      <if test="ispccus != null">
        ISPCCUS = #{ispccus,jdbcType=CHAR},
      </if>
      <if test="ispcmch != null">
        ISPCMCH = #{ispcmch,jdbcType=CHAR},
      </if>
      <if test="qspccou != null">
        QSPCCOU = #{qspccou,jdbcType=INTEGER},
      </if>
      <if test="qspcpmc != null">
        QSPCPMC = #{qspcpmc,jdbcType=INTEGER},
      </if>
      <if test="qspctmc != null">
        QSPCTMC = #{qspctmc,jdbcType=INTEGER},
      </if>
      <if test="sspcaup != null">
        SSPCAUP = #{sspcaup,jdbcType=CHAR},
      </if>
      <if test="sspcauu != null">
        SSPCAUU = #{sspcauu,jdbcType=CHAR},
      </if>
    </set>
    where ISUBRID = #{isubrid,jdbcType=CHAR}
  </update>
  <update id="updateByPrimaryKey" parameterType="com.ibm.dk.alr.zscm.scrt.storing.mybatis.model.WLMSPC">
    update WLMSPC
    set CSPCCAF = #{cspccaf,jdbcType=CHAR},
      CSPCCAP = #{cspccap,jdbcType=CHAR},
      CSPCICA = #{cspcica,jdbcType=CHAR},
      CSPCIPL = #{cspcipl,jdbcType=CHAR},
      CSPCREA = #{cspcrea,jdbcType=CHAR},
      CSPCVAL = #{cspcval,jdbcType=CHAR},
      DPERPER = #{dperper,jdbcType=CHAR},
      DSPCAUT = #{dspcaut,jdbcType=TIMESTAMP},
      DSUBSTS = #{dsubsts,jdbcType=TIMESTAMP},
      FSPCEMA = #{fspcema,jdbcType=CHAR},
      FSPCREP = #{fspcrep,jdbcType=CHAR},
      FSPCSNS = #{fspcsns,jdbcType=CHAR},
      FSUBSTE = #{fsubste,jdbcType=CHAR},
      ISPCCNM = #{ispccnm,jdbcType=CHAR},
      ISPCCTY = #{ispccty,jdbcType=CHAR},
      ISPCCUS = #{ispccus,jdbcType=CHAR},
      ISPCMCH = #{ispcmch,jdbcType=CHAR},
      QSPCCOU = #{qspccou,jdbcType=INTEGER},
      QSPCPMC = #{qspcpmc,jdbcType=INTEGER},
      QSPCTMC = #{qspctmc,jdbcType=INTEGER},
      SSPCAUP = #{sspcaup,jdbcType=CHAR},
      SSPCAUU = #{sspcauu,jdbcType=CHAR}
    where ISUBRID = #{isubrid,jdbcType=CHAR}
  </update>
  <resultMap id="BaseResultMap" type="com.ibm.dk.alr.zscm.scrt.storing.mybatis.model.WLMSPC">
    <id column="ISUBRID" jdbcType="CHAR" property="isubrid" />
    <id column="ISUBREP" jdbcType="INTEGER" property="isubrep" />
    <result column="DSUBSTS" jdbcType="TIMESTAMP" property="dsubsts" />
    <result column="CSPCCAP" jdbcType="CHAR" property="cspccap" />
    <result column="CSPCVAL" jdbcType="CHAR" property="cspcval" />
    <result column="FSUBSTE" jdbcType="CHAR" property="fsubste" />
    <result column="CSPCCAF" jdbcType="CHAR" property="cspccaf" />
    <result column="CSPCREA" jdbcType="CHAR" property="cspcrea" />
    <result column="DPERPER" jdbcType="CHAR" property="dperper" />
    <result column="DSPCAUT" jdbcType="TIMESTAMP" property="dspcaut" />
    <result column="SSPCAUU" jdbcType="CHAR" property="sspcauu" />
    <result column="SSPCAUP" jdbcType="CHAR" property="sspcaup" />
    <result column="ISPCMCH" jdbcType="CHAR" property="ispcmch" />
    <result column="FSPCSNS" jdbcType="CHAR" property="fspcsns" />
    <result column="FSPCREP" jdbcType="CHAR" property="fspcrep" />
    <result column="FSPCEMA" jdbcType="CHAR" property="fspcema" />
    <result column="ISPCCUS" jdbcType="CHAR" property="ispccus" />
    <result column="ISPCCTY" jdbcType="CHAR" property="ispccty" />
    <result column="QSPCCOU" jdbcType="INTEGER" property="qspccou" />
    <result column="QSPCPMC" jdbcType="INTEGER" property="qspcpmc" />
    <result column="QSPCTMC" jdbcType="INTEGER" property="qspctmc" />
    <result column="CSPCICA" jdbcType="CHAR" property="cspcica" />
    <result column="CSPCIPL" jdbcType="CHAR" property="cspcipl" />
    <result column="ISPCCNM" jdbcType="CHAR" property="ispccnm" />
    <result column="CSPCTYP" jdbcType="CHAR" property="cspctyp" />
    <result column="CSPCREM" jdbcType="CHAR" property="cspcrem" />
    <result column="FSPCVAL" jdbcType="CHAR" property="fspcval" />
    <result column="FSPCDBC" jdbcType="CHAR" property="fspcdbc" />
  </resultMap>
  <sql id="Base_Column_List">
    ISUBRID, ISUBREP, DSUBSTS, CSPCCAP, CSPCVAL, FSUBSTE, CSPCCAF, CSPCREA, DPERPER, 
    DSPCAUT, SSPCAUU, SSPCAUP, ISPCMCH, FSPCSNS, FSPCREP, FSPCEMA, ISPCCUS, ISPCCTY, 
    QSPCCOU, QSPCPMC, QSPCTMC, CSPCICA, CSPCIPL, ISPCCNM, CSPCTYP, CSPCREM, FSPCVAL, 
    FSPCDBC
  </sql>
  <select id="selectByPrimaryKey" parameterType="com.ibm.dk.alr.zscm.scrt.storing.mybatis.model.WLMSPCKey" resultMap="BaseResultMap">
    select 
    <include refid="Base_Column_List" />
    from WLMSPC
    where ISUBRID = #{isubrid,jdbcType=CHAR}
      and ISUBREP = #{isubrep,jdbcType=INTEGER}
  </select>
  <delete id="deleteByPrimaryKey" parameterType="com.ibm.dk.alr.zscm.scrt.storing.mybatis.model.WLMSPCKey">
    delete from WLMSPC
    where ISUBRID = #{isubrid,jdbcType=CHAR}
      and ISUBREP = #{isubrep,jdbcType=INTEGER}
  </delete>
  <insert id="insert" parameterType="com.ibm.dk.alr.zscm.scrt.storing.mybatis.model.WLMSPC">
    insert into WLMSPC (ISUBRID, ISUBREP, DSUBSTS, 
      CSPCCAP, CSPCVAL, FSUBSTE, CSPCCAF, 
      CSPCREA, DPERPER, DSPCAUT, 
      SSPCAUU, SSPCAUP, ISPCMCH, FSPCSNS, 
      FSPCREP, FSPCEMA, ISPCCUS, ISPCCTY, 
      QSPCCOU, QSPCPMC, QSPCTMC, 
      CSPCICA, CSPCIPL, ISPCCNM, CSPCTYP, 
      CSPCREM, FSPCVAL, FSPCDBC)
    values (#{isubrid,jdbcType=CHAR}, #{isubrep,jdbcType=INTEGER}, #{dsubsts,jdbcType=TIMESTAMP}, 
      #{cspccap,jdbcType=CHAR}, #{cspcval,jdbcType=CHAR}, #{fsubste,jdbcType=CHAR}, #{cspccaf,jdbcType=CHAR}, 
      #{cspcrea,jdbcType=CHAR}, #{dperper,jdbcType=CHAR}, #{dspcaut,jdbcType=TIMESTAMP}, 
      #{sspcauu,jdbcType=CHAR}, #{sspcaup,jdbcType=CHAR}, #{ispcmch,jdbcType=CHAR}, #{fspcsns,jdbcType=CHAR}, 
      #{fspcrep,jdbcType=CHAR}, #{fspcema,jdbcType=CHAR}, #{ispccus,jdbcType=CHAR}, #{ispccty,jdbcType=CHAR}, 
      #{qspccou,jdbcType=INTEGER}, #{qspcpmc,jdbcType=INTEGER}, #{qspctmc,jdbcType=INTEGER}, 
      #{cspcica,jdbcType=CHAR}, #{cspcipl,jdbcType=CHAR}, #{ispccnm,jdbcType=CHAR}, #{cspctyp,jdbcType=CHAR}, 
      #{cspcrem,jdbcType=CHAR}, #{fspcval,jdbcType=CHAR}, #{fspcdbc,jdbcType=CHAR})
  </insert>
  <insert id="insertSelective" parameterType="com.ibm.dk.alr.zscm.scrt.storing.mybatis.model.WLMSPC">
    insert into WLMSPC
    <trim prefix="(" suffix=")" suffixOverrides=",">
      <if test="isubrid != null">
        ISUBRID,
      </if>
      <if test="isubrep != null">
        ISUBREP,
      </if>
      <if test="dsubsts != null">
        DSUBSTS,
      </if>
      <if test="cspccap != null">
        CSPCCAP,
      </if>
      <if test="cspcval != null">
        CSPCVAL,
      </if>
      <if test="fsubste != null">
        FSUBSTE,
      </if>
      <if test="cspccaf != null">
        CSPCCAF,
      </if>
      <if test="cspcrea != null">
        CSPCREA,
      </if>
      <if test="dperper != null">
        DPERPER,
      </if>
      <if test="dspcaut != null">
        DSPCAUT,
      </if>
      <if test="sspcauu != null">
        SSPCAUU,
      </if>
      <if test="sspcaup != null">
        SSPCAUP,
      </if>
      <if test="ispcmch != null">
        ISPCMCH,
      </if>
      <if test="fspcsns != null">
        FSPCSNS,
      </if>
      <if test="fspcrep != null">
        FSPCREP,
      </if>
      <if test="fspcema != null">
        FSPCEMA,
      </if>
      <if test="ispccus != null">
        ISPCCUS,
      </if>
      <if test="ispccty != null">
        ISPCCTY,
      </if>
      <if test="qspccou != null">
        QSPCCOU,
      </if>
      <if test="qspcpmc != null">
        QSPCPMC,
      </if>
      <if test="qspctmc != null">
        QSPCTMC,
      </if>
      <if test="cspcica != null">
        CSPCICA,
      </if>
      <if test="cspcipl != null">
        CSPCIPL,
      </if>
      <if test="ispccnm != null">
        ISPCCNM,
      </if>
      <if test="cspctyp != null">
        CSPCTYP,
      </if>
      <if test="cspcrem != null">
        CSPCREM,
      </if>
      <if test="fspcval != null">
        FSPCVAL,
      </if>
      <if test="fspcdbc != null">
        FSPCDBC,
      </if>
    </trim>
    <trim prefix="values (" suffix=")" suffixOverrides=",">
      <if test="isubrid != null">
        #{isubrid,jdbcType=CHAR},
      </if>
      <if test="isubrep != null">
        #{isubrep,jdbcType=INTEGER},
      </if>
      <if test="dsubsts != null">
        #{dsubsts,jdbcType=TIMESTAMP},
      </if>
      <if test="cspccap != null">
        #{cspccap,jdbcType=CHAR},
      </if>
      <if test="cspcval != null">
        #{cspcval,jdbcType=CHAR},
      </if>
      <if test="fsubste != null">
        #{fsubste,jdbcType=CHAR},
      </if>
      <if test="cspccaf != null">
        #{cspccaf,jdbcType=CHAR},
      </if>
      <if test="cspcrea != null">
        #{cspcrea,jdbcType=CHAR},
      </if>
      <if test="dperper != null">
        #{dperper,jdbcType=CHAR},
      </if>
      <if test="dspcaut != null">
        #{dspcaut,jdbcType=TIMESTAMP},
      </if>
      <if test="sspcauu != null">
        #{sspcauu,jdbcType=CHAR},
      </if>
      <if test="sspcaup != null">
        #{sspcaup,jdbcType=CHAR},
      </if>
      <if test="ispcmch != null">
        #{ispcmch,jdbcType=CHAR},
      </if>
      <if test="fspcsns != null">
        #{fspcsns,jdbcType=CHAR},
      </if>
      <if test="fspcrep != null">
        #{fspcrep,jdbcType=CHAR},
      </if>
      <if test="fspcema != null">
        #{fspcema,jdbcType=CHAR},
      </if>
      <if test="ispccus != null">
        #{ispccus,jdbcType=CHAR},
      </if>
      <if test="ispccty != null">
        #{ispccty,jdbcType=CHAR},
      </if>
      <if test="qspccou != null">
        #{qspccou,jdbcType=INTEGER},
      </if>
      <if test="qspcpmc != null">
        #{qspcpmc,jdbcType=INTEGER},
      </if>
      <if test="qspctmc != null">
        #{qspctmc,jdbcType=INTEGER},
      </if>
      <if test="cspcica != null">
        #{cspcica,jdbcType=CHAR},
      </if>
      <if test="cspcipl != null">
        #{cspcipl,jdbcType=CHAR},
      </if>
      <if test="ispccnm != null">
        #{ispccnm,jdbcType=CHAR},
      </if>
      <if test="cspctyp != null">
        #{cspctyp,jdbcType=CHAR},
      </if>
      <if test="cspcrem != null">
        #{cspcrem,jdbcType=CHAR},
      </if>
      <if test="fspcval != null">
        #{fspcval,jdbcType=CHAR},
      </if>
      <if test="fspcdbc != null">
        #{fspcdbc,jdbcType=CHAR},
      </if>
    </trim>
  </insert>
  <update id="updateByPrimaryKeySelective" parameterType="com.ibm.dk.alr.zscm.scrt.storing.mybatis.model.WLMSPC">
    update WLMSPC
    <set>
      <if test="dsubsts != null">
        DSUBSTS = #{dsubsts,jdbcType=TIMESTAMP},
      </if>
      <if test="cspccap != null">
        CSPCCAP = #{cspccap,jdbcType=CHAR},
      </if>
      <if test="cspcval != null">
        CSPCVAL = #{cspcval,jdbcType=CHAR},
      </if>
      <if test="fsubste != null">
        FSUBSTE = #{fsubste,jdbcType=CHAR},
      </if>
      <if test="cspccaf != null">
        CSPCCAF = #{cspccaf,jdbcType=CHAR},
      </if>
      <if test="cspcrea != null">
        CSPCREA = #{cspcrea,jdbcType=CHAR},
      </if>
      <if test="dperper != null">
        DPERPER = #{dperper,jdbcType=CHAR},
      </if>
      <if test="dspcaut != null">
        DSPCAUT = #{dspcaut,jdbcType=TIMESTAMP},
      </if>
      <if test="sspcauu != null">
        SSPCAUU = #{sspcauu,jdbcType=CHAR},
      </if>
      <if test="sspcaup != null">
        SSPCAUP = #{sspcaup,jdbcType=CHAR},
      </if>
      <if test="ispcmch != null">
        ISPCMCH = #{ispcmch,jdbcType=CHAR},
      </if>
      <if test="fspcsns != null">
        FSPCSNS = #{fspcsns,jdbcType=CHAR},
      </if>
      <if test="fspcrep != null">
        FSPCREP = #{fspcrep,jdbcType=CHAR},
      </if>
      <if test="fspcema != null">
        FSPCEMA = #{fspcema,jdbcType=CHAR},
      </if>
      <if test="ispccus != null">
        ISPCCUS = #{ispccus,jdbcType=CHAR},
      </if>
      <if test="ispccty != null">
        ISPCCTY = #{ispccty,jdbcType=CHAR},
      </if>
      <if test="qspccou != null">
        QSPCCOU = #{qspccou,jdbcType=INTEGER},
      </if>
      <if test="qspcpmc != null">
        QSPCPMC = #{qspcpmc,jdbcType=INTEGER},
      </if>
      <if test="qspctmc != null">
        QSPCTMC = #{qspctmc,jdbcType=INTEGER},
      </if>
      <if test="cspcica != null">
        CSPCICA = #{cspcica,jdbcType=CHAR},
      </if>
      <if test="cspcipl != null">
        CSPCIPL = #{cspcipl,jdbcType=CHAR},
      </if>
      <if test="ispccnm != null">
        ISPCCNM = #{ispccnm,jdbcType=CHAR},
      </if>
      <if test="cspctyp != null">
        CSPCTYP = #{cspctyp,jdbcType=CHAR},
      </if>
      <if test="cspcrem != null">
        CSPCREM = #{cspcrem,jdbcType=CHAR},
      </if>
      <if test="fspcval != null">
        FSPCVAL = #{fspcval,jdbcType=CHAR},
      </if>
      <if test="fspcdbc != null">
        FSPCDBC = #{fspcdbc,jdbcType=CHAR},
      </if>
    </set>
    where ISUBRID = #{isubrid,jdbcType=CHAR}
      and ISUBREP = #{isubrep,jdbcType=INTEGER}
  </update>
  <update id="updateByPrimaryKey" parameterType="com.ibm.dk.alr.zscm.scrt.storing.mybatis.model.WLMSPC">
    update WLMSPC
    set DSUBSTS = #{dsubsts,jdbcType=TIMESTAMP},
      CSPCCAP = #{cspccap,jdbcType=CHAR},
      CSPCVAL = #{cspcval,jdbcType=CHAR},
      FSUBSTE = #{fsubste,jdbcType=CHAR},
      CSPCCAF = #{cspccaf,jdbcType=CHAR},
      CSPCREA = #{cspcrea,jdbcType=CHAR},
      DPERPER = #{dperper,jdbcType=CHAR},
      DSPCAUT = #{dspcaut,jdbcType=TIMESTAMP},
      SSPCAUU = #{sspcauu,jdbcType=CHAR},
      SSPCAUP = #{sspcaup,jdbcType=CHAR},
      ISPCMCH = #{ispcmch,jdbcType=CHAR},
      FSPCSNS = #{fspcsns,jdbcType=CHAR},
      FSPCREP = #{fspcrep,jdbcType=CHAR},
      FSPCEMA = #{fspcema,jdbcType=CHAR},
      ISPCCUS = #{ispccus,jdbcType=CHAR},
      ISPCCTY = #{ispccty,jdbcType=CHAR},
      QSPCCOU = #{qspccou,jdbcType=INTEGER},
      QSPCPMC = #{qspcpmc,jdbcType=INTEGER},
      QSPCTMC = #{qspctmc,jdbcType=INTEGER},
      CSPCICA = #{cspcica,jdbcType=CHAR},
      CSPCIPL = #{cspcipl,jdbcType=CHAR},
      ISPCCNM = #{ispccnm,jdbcType=CHAR},
      CSPCTYP = #{cspctyp,jdbcType=CHAR},
      CSPCREM = #{cspcrem,jdbcType=CHAR},
      FSPCVAL = #{fspcval,jdbcType=CHAR},
      FSPCDBC = #{fspcdbc,jdbcType=CHAR}
    where ISUBRID = #{isubrid,jdbcType=CHAR}
      and ISUBREP = #{isubrep,jdbcType=INTEGER}
  </update>
  <resultMap id="BaseResultMap" type="com.ibm.dk.alr.zscm.scrt.storing.mybatis.model.WLMSPC">
    <id column="ISUBRID" jdbcType="CHAR" property="isubrid" />
    <id column="ISUBREP" jdbcType="INTEGER" property="isubrep" />
    <result column="DSUBSTS" jdbcType="TIMESTAMP" property="dsubsts" />
    <result column="CSPCCAP" jdbcType="CHAR" property="cspccap" />
    <result column="CSPCVAL" jdbcType="CHAR" property="cspcval" />
    <result column="FSUBSTE" jdbcType="CHAR" property="fsubste" />
    <result column="CSPCCAF" jdbcType="CHAR" property="cspccaf" />
    <result column="CSPCREA" jdbcType="CHAR" property="cspcrea" />
    <result column="DPERPER" jdbcType="CHAR" property="dperper" />
    <result column="DSPCAUT" jdbcType="TIMESTAMP" property="dspcaut" />
    <result column="SSPCAUU" jdbcType="CHAR" property="sspcauu" />
    <result column="SSPCAUP" jdbcType="CHAR" property="sspcaup" />
    <result column="ISPCMCH" jdbcType="CHAR" property="ispcmch" />
    <result column="FSPCSNS" jdbcType="CHAR" property="fspcsns" />
    <result column="FSPCREP" jdbcType="CHAR" property="fspcrep" />
    <result column="FSPCEMA" jdbcType="CHAR" property="fspcema" />
    <result column="ISPCCUS" jdbcType="CHAR" property="ispccus" />
    <result column="ISPCCTY" jdbcType="CHAR" property="ispccty" />
    <result column="QSPCCOU" jdbcType="INTEGER" property="qspccou" />
    <result column="QSPCPMC" jdbcType="INTEGER" property="qspcpmc" />
    <result column="QSPCTMC" jdbcType="INTEGER" property="qspctmc" />
    <result column="CSPCICA" jdbcType="CHAR" property="cspcica" />
    <result column="CSPCIPL" jdbcType="CHAR" property="cspcipl" />
    <result column="ISPCCNM" jdbcType="CHAR" property="ispccnm" />
    <result column="CSPCTYP" jdbcType="CHAR" property="cspctyp" />
    <result column="CSPCREM" jdbcType="CHAR" property="cspcrem" />
    <result column="FSPCVAL" jdbcType="CHAR" property="fspcval" />
    <result column="FSPCDBC" jdbcType="CHAR" property="fspcdbc" />
  </resultMap>
  <sql id="Base_Column_List">
    ISUBRID, ISUBREP, DSUBSTS, CSPCCAP, CSPCVAL, FSUBSTE, CSPCCAF, CSPCREA, DPERPER, 
    DSPCAUT, SSPCAUU, SSPCAUP, ISPCMCH, FSPCSNS, FSPCREP, FSPCEMA, ISPCCUS, ISPCCTY, 
    QSPCCOU, QSPCPMC, QSPCTMC, CSPCICA, CSPCIPL, ISPCCNM, CSPCTYP, CSPCREM, FSPCVAL, 
    FSPCDBC
  </sql>
  <select id="selectByPrimaryKey" parameterType="com.ibm.dk.alr.zscm.scrt.storing.mybatis.model.WLMSPCKey" resultMap="BaseResultMap">
    select 
    <include refid="Base_Column_List" />
    from WLMSPC
    where ISUBRID = #{isubrid,jdbcType=CHAR}
      and ISUBREP = #{isubrep,jdbcType=INTEGER}
  </select>
  <delete id="deleteByPrimaryKey" parameterType="com.ibm.dk.alr.zscm.scrt.storing.mybatis.model.WLMSPCKey">
    delete from WLMSPC
    where ISUBRID = #{isubrid,jdbcType=CHAR}
      and ISUBREP = #{isubrep,jdbcType=INTEGER}
  </delete>
  <insert id="insert" parameterType="com.ibm.dk.alr.zscm.scrt.storing.mybatis.model.WLMSPC">
    insert into WLMSPC (ISUBRID, ISUBREP, DSUBSTS, 
      CSPCCAP, CSPCVAL, FSUBSTE, CSPCCAF, 
      CSPCREA, DPERPER, DSPCAUT, 
      SSPCAUU, SSPCAUP, ISPCMCH, FSPCSNS, 
      FSPCREP, FSPCEMA, ISPCCUS, ISPCCTY, 
      QSPCCOU, QSPCPMC, QSPCTMC, 
      CSPCICA, CSPCIPL, ISPCCNM, CSPCTYP, 
      CSPCREM, FSPCVAL, FSPCDBC)
    values (#{isubrid,jdbcType=CHAR}, #{isubrep,jdbcType=INTEGER}, #{dsubsts,jdbcType=TIMESTAMP}, 
      #{cspccap,jdbcType=CHAR}, #{cspcval,jdbcType=CHAR}, #{fsubste,jdbcType=CHAR}, #{cspccaf,jdbcType=CHAR}, 
      #{cspcrea,jdbcType=CHAR}, #{dperper,jdbcType=CHAR}, #{dspcaut,jdbcType=TIMESTAMP}, 
      #{sspcauu,jdbcType=CHAR}, #{sspcaup,jdbcType=CHAR}, #{ispcmch,jdbcType=CHAR}, #{fspcsns,jdbcType=CHAR}, 
      #{fspcrep,jdbcType=CHAR}, #{fspcema,jdbcType=CHAR}, #{ispccus,jdbcType=CHAR}, #{ispccty,jdbcType=CHAR}, 
      #{qspccou,jdbcType=INTEGER}, #{qspcpmc,jdbcType=INTEGER}, #{qspctmc,jdbcType=INTEGER}, 
      #{cspcica,jdbcType=CHAR}, #{cspcipl,jdbcType=CHAR}, #{ispccnm,jdbcType=CHAR}, #{cspctyp,jdbcType=CHAR}, 
      #{cspcrem,jdbcType=CHAR}, #{fspcval,jdbcType=CHAR}, #{fspcdbc,jdbcType=CHAR})
  </insert>
  <insert id="insertSelective" parameterType="com.ibm.dk.alr.zscm.scrt.storing.mybatis.model.WLMSPC">
    insert into WLMSPC
    <trim prefix="(" suffix=")" suffixOverrides=",">
      <if test="isubrid != null">
        ISUBRID,
      </if>
      <if test="isubrep != null">
        ISUBREP,
      </if>
      <if test="dsubsts != null">
        DSUBSTS,
      </if>
      <if test="cspccap != null">
        CSPCCAP,
      </if>
      <if test="cspcval != null">
        CSPCVAL,
      </if>
      <if test="fsubste != null">
        FSUBSTE,
      </if>
      <if test="cspccaf != null">
        CSPCCAF,
      </if>
      <if test="cspcrea != null">
        CSPCREA,
      </if>
      <if test="dperper != null">
        DPERPER,
      </if>
      <if test="dspcaut != null">
        DSPCAUT,
      </if>
      <if test="sspcauu != null">
        SSPCAUU,
      </if>
      <if test="sspcaup != null">
        SSPCAUP,
      </if>
      <if test="ispcmch != null">
        ISPCMCH,
      </if>
      <if test="fspcsns != null">
        FSPCSNS,
      </if>
      <if test="fspcrep != null">
        FSPCREP,
      </if>
      <if test="fspcema != null">
        FSPCEMA,
      </if>
      <if test="ispccus != null">
        ISPCCUS,
      </if>
      <if test="ispccty != null">
        ISPCCTY,
      </if>
      <if test="qspccou != null">
        QSPCCOU,
      </if>
      <if test="qspcpmc != null">
        QSPCPMC,
      </if>
      <if test="qspctmc != null">
        QSPCTMC,
      </if>
      <if test="cspcica != null">
        CSPCICA,
      </if>
      <if test="cspcipl != null">
        CSPCIPL,
      </if>
      <if test="ispccnm != null">
        ISPCCNM,
      </if>
      <if test="cspctyp != null">
        CSPCTYP,
      </if>
      <if test="cspcrem != null">
        CSPCREM,
      </if>
      <if test="fspcval != null">
        FSPCVAL,
      </if>
      <if test="fspcdbc != null">
        FSPCDBC,
      </if>
    </trim>
    <trim prefix="values (" suffix=")" suffixOverrides=",">
      <if test="isubrid != null">
        #{isubrid,jdbcType=CHAR},
      </if>
      <if test="isubrep != null">
        #{isubrep,jdbcType=INTEGER},
      </if>
      <if test="dsubsts != null">
        #{dsubsts,jdbcType=TIMESTAMP},
      </if>
      <if test="cspccap != null">
        #{cspccap,jdbcType=CHAR},
      </if>
      <if test="cspcval != null">
        #{cspcval,jdbcType=CHAR},
      </if>
      <if test="fsubste != null">
        #{fsubste,jdbcType=CHAR},
      </if>
      <if test="cspccaf != null">
        #{cspccaf,jdbcType=CHAR},
      </if>
      <if test="cspcrea != null">
        #{cspcrea,jdbcType=CHAR},
      </if>
      <if test="dperper != null">
        #{dperper,jdbcType=CHAR},
      </if>
      <if test="dspcaut != null">
        #{dspcaut,jdbcType=TIMESTAMP},
      </if>
      <if test="sspcauu != null">
        #{sspcauu,jdbcType=CHAR},
      </if>
      <if test="sspcaup != null">
        #{sspcaup,jdbcType=CHAR},
      </if>
      <if test="ispcmch != null">
        #{ispcmch,jdbcType=CHAR},
      </if>
      <if test="fspcsns != null">
        #{fspcsns,jdbcType=CHAR},
      </if>
      <if test="fspcrep != null">
        #{fspcrep,jdbcType=CHAR},
      </if>
      <if test="fspcema != null">
        #{fspcema,jdbcType=CHAR},
      </if>
      <if test="ispccus != null">
        #{ispccus,jdbcType=CHAR},
      </if>
      <if test="ispccty != null">
        #{ispccty,jdbcType=CHAR},
      </if>
      <if test="qspccou != null">
        #{qspccou,jdbcType=INTEGER},
      </if>
      <if test="qspcpmc != null">
        #{qspcpmc,jdbcType=INTEGER},
      </if>
      <if test="qspctmc != null">
        #{qspctmc,jdbcType=INTEGER},
      </if>
      <if test="cspcica != null">
        #{cspcica,jdbcType=CHAR},
      </if>
      <if test="cspcipl != null">
        #{cspcipl,jdbcType=CHAR},
      </if>
      <if test="ispccnm != null">
        #{ispccnm,jdbcType=CHAR},
      </if>
      <if test="cspctyp != null">
        #{cspctyp,jdbcType=CHAR},
      </if>
      <if test="cspcrem != null">
        #{cspcrem,jdbcType=CHAR},
      </if>
      <if test="fspcval != null">
        #{fspcval,jdbcType=CHAR},
      </if>
      <if test="fspcdbc != null">
        #{fspcdbc,jdbcType=CHAR},
      </if>
    </trim>
  </insert>
  <update id="updateByPrimaryKeySelective" parameterType="com.ibm.dk.alr.zscm.scrt.storing.mybatis.model.WLMSPC">
    update WLMSPC
    <set>
      <if test="dsubsts != null">
        DSUBSTS = #{dsubsts,jdbcType=TIMESTAMP},
      </if>
      <if test="cspccap != null">
        CSPCCAP = #{cspccap,jdbcType=CHAR},
      </if>
      <if test="cspcval != null">
        CSPCVAL = #{cspcval,jdbcType=CHAR},
      </if>
      <if test="fsubste != null">
        FSUBSTE = #{fsubste,jdbcType=CHAR},
      </if>
      <if test="cspccaf != null">
        CSPCCAF = #{cspccaf,jdbcType=CHAR},
      </if>
      <if test="cspcrea != null">
        CSPCREA = #{cspcrea,jdbcType=CHAR},
      </if>
      <if test="dperper != null">
        DPERPER = #{dperper,jdbcType=CHAR},
      </if>
      <if test="dspcaut != null">
        DSPCAUT = #{dspcaut,jdbcType=TIMESTAMP},
      </if>
      <if test="sspcauu != null">
        SSPCAUU = #{sspcauu,jdbcType=CHAR},
      </if>
      <if test="sspcaup != null">
        SSPCAUP = #{sspcaup,jdbcType=CHAR},
      </if>
      <if test="ispcmch != null">
        ISPCMCH = #{ispcmch,jdbcType=CHAR},
      </if>
      <if test="fspcsns != null">
        FSPCSNS = #{fspcsns,jdbcType=CHAR},
      </if>
      <if test="fspcrep != null">
        FSPCREP = #{fspcrep,jdbcType=CHAR},
      </if>
      <if test="fspcema != null">
        FSPCEMA = #{fspcema,jdbcType=CHAR},
      </if>
      <if test="ispccus != null">
        ISPCCUS = #{ispccus,jdbcType=CHAR},
      </if>
      <if test="ispccty != null">
        ISPCCTY = #{ispccty,jdbcType=CHAR},
      </if>
      <if test="qspccou != null">
        QSPCCOU = #{qspccou,jdbcType=INTEGER},
      </if>
      <if test="qspcpmc != null">
        QSPCPMC = #{qspcpmc,jdbcType=INTEGER},
      </if>
      <if test="qspctmc != null">
        QSPCTMC = #{qspctmc,jdbcType=INTEGER},
      </if>
      <if test="cspcica != null">
        CSPCICA = #{cspcica,jdbcType=CHAR},
      </if>
      <if test="cspcipl != null">
        CSPCIPL = #{cspcipl,jdbcType=CHAR},
      </if>
      <if test="ispccnm != null">
        ISPCCNM = #{ispccnm,jdbcType=CHAR},
      </if>
      <if test="cspctyp != null">
        CSPCTYP = #{cspctyp,jdbcType=CHAR},
      </if>
      <if test="cspcrem != null">
        CSPCREM = #{cspcrem,jdbcType=CHAR},
      </if>
      <if test="fspcval != null">
        FSPCVAL = #{fspcval,jdbcType=CHAR},
      </if>
      <if test="fspcdbc != null">
        FSPCDBC = #{fspcdbc,jdbcType=CHAR},
      </if>
    </set>
    where ISUBRID = #{isubrid,jdbcType=CHAR}
      and ISUBREP = #{isubrep,jdbcType=INTEGER}
  </update>
  <update id="updateByPrimaryKey" parameterType="com.ibm.dk.alr.zscm.scrt.storing.mybatis.model.WLMSPC">
    update WLMSPC
    set DSUBSTS = #{dsubsts,jdbcType=TIMESTAMP},
      CSPCCAP = #{cspccap,jdbcType=CHAR},
      CSPCVAL = #{cspcval,jdbcType=CHAR},
      FSUBSTE = #{fsubste,jdbcType=CHAR},
      CSPCCAF = #{cspccaf,jdbcType=CHAR},
      CSPCREA = #{cspcrea,jdbcType=CHAR},
      DPERPER = #{dperper,jdbcType=CHAR},
      DSPCAUT = #{dspcaut,jdbcType=TIMESTAMP},
      SSPCAUU = #{sspcauu,jdbcType=CHAR},
      SSPCAUP = #{sspcaup,jdbcType=CHAR},
      ISPCMCH = #{ispcmch,jdbcType=CHAR},
      FSPCSNS = #{fspcsns,jdbcType=CHAR},
      FSPCREP = #{fspcrep,jdbcType=CHAR},
      FSPCEMA = #{fspcema,jdbcType=CHAR},
      ISPCCUS = #{ispccus,jdbcType=CHAR},
      ISPCCTY = #{ispccty,jdbcType=CHAR},
      QSPCCOU = #{qspccou,jdbcType=INTEGER},
      QSPCPMC = #{qspcpmc,jdbcType=INTEGER},
      QSPCTMC = #{qspctmc,jdbcType=INTEGER},
      CSPCICA = #{cspcica,jdbcType=CHAR},
      CSPCIPL = #{cspcipl,jdbcType=CHAR},
      ISPCCNM = #{ispccnm,jdbcType=CHAR},
      CSPCTYP = #{cspctyp,jdbcType=CHAR},
      CSPCREM = #{cspcrem,jdbcType=CHAR},
      FSPCVAL = #{fspcval,jdbcType=CHAR},
      FSPCDBC = #{fspcdbc,jdbcType=CHAR}
    where ISUBRID = #{isubrid,jdbcType=CHAR}
      and ISUBREP = #{isubrep,jdbcType=INTEGER}
  </update>
</mapper>