<?xml version="1.0" encoding="UTF-8"?>
<!DOCTYPE mapper PUBLIC "-//mybatis.org//DTD Mapper 3.0//EN" "http://mybatis.org/dtd/mybatis-3-mapper.dtd">
<mapper namespace="com.ibm.dk.alr.zscm.scrt.storing.mybatis.data.WLMZMFMapper">
  <resultMap id="BaseResultMap" type="com.ibm.dk.alr.zscm.scrt.storing.mybatis.model.WLMZMF">
    <id column="ISUBMID" jdbcType="CHAR" property="isubmid" />
    <id column="ISUBREP" jdbcType="INTEGER" property="isubrep" />
    <result column="DZMFAUT" jdbcType="TIMESTAMP" property="dzmfaut" />
    <result column="SZMFAUU" jdbcType="CHAR" property="szmfauu" />
    <result column="SZMFAUP" jdbcType="CHAR" property="szmfaup" />
    <result column="DB2_GENERATED_ROWID_FOR_LOBS" jdbcType="OTHER" property="db2GeneratedRowidForLobs" />
  </resultMap>
  <resultMap extends="BaseResultMap" id="ResultMapWithBLOBs" type="com.ibm.dk.alr.zscm.scrt.storing.mybatis.model.WLMZMF">
    <result column="BZMFFLE" jdbcType="BLOB" property="bzmffle" />
  </resultMap>
  <sql id="Base_Column_List">
    ISUBMID, ISUBREP, DZMFAUT, SZMFAUU, SZMFAUP, DB2_GENERATED_ROWID_FOR_LOBS
  </sql>
  <sql id="Blob_Column_List">
    BZMFFLE
  </sql>
  <select id="selectByPrimaryKey" parameterType="com.ibm.dk.alr.zscm.scrt.storing.mybatis.model.WLMZMFKey" resultMap="ResultMapWithBLOBs">
    select 
    <include refid="Base_Column_List" />
    ,
    <include refid="Blob_Column_List" />
    from WLMZMF
    where ISUBMID = #{isubmid,jdbcType=CHAR}
      and ISUBREP = #{isubrep,jdbcType=INTEGER}
  </select>
  <delete id="deleteByPrimaryKey" parameterType="com.ibm.dk.alr.zscm.scrt.storing.mybatis.model.WLMZMFKey">
    delete from WLMZMF
    where ISUBMID = #{isubmid,jdbcType=CHAR}
      and ISUBREP = #{isubrep,jdbcType=INTEGER}
  </delete>
  <insert id="insert" parameterType="com.ibm.dk.alr.zscm.scrt.storing.mybatis.model.WLMZMF">
    insert into WLMZMF (ISUBMID, ISUBREP, DZMFAUT, 
      SZMFAUU, SZMFAUP, DB2_GENERATED_ROWID_FOR_LOBS, 
      BZMFFLE)
    values (#{isubmid,jdbcType=CHAR}, #{isubrep,jdbcType=INTEGER}, #{dzmfaut,jdbcType=TIMESTAMP}, 
      #{szmfauu,jdbcType=CHAR}, #{szmfaup,jdbcType=CHAR}, #{db2GeneratedRowidForLobs,jdbcType=OTHER}, 
      #{bzmffle,jdbcType=BLOB})
  </insert>
  <insert id="insertSelective" parameterType="com.ibm.dk.alr.zscm.scrt.storing.mybatis.model.WLMZMF">
    insert into WLMZMF
    <trim prefix="(" suffix=")" suffixOverrides=",">
      <if test="isubmid != null">
        ISUBMID,
      </if>
      <if test="isubrep != null">
        ISUBREP,
      </if>
      <if test="dzmfaut != null">
        DZMFAUT,
      </if>
      <if test="szmfauu != null">
        SZMFAUU,
      </if>
      <if test="szmfaup != null">
        SZMFAUP,
      </if>
      <if test="db2GeneratedRowidForLobs != null">
        DB2_GENERATED_ROWID_FOR_LOBS,
      </if>
      <if test="bzmffle != null">
        BZMFFLE,
      </if>
    </trim>
    <trim prefix="values (" suffix=")" suffixOverrides=",">
      <if test="isubmid != null">
        #{isubmid,jdbcType=CHAR},
      </if>
      <if test="isubrep != null">
        #{isubrep,jdbcType=INTEGER},
      </if>
      <if test="dzmfaut != null">
        #{dzmfaut,jdbcType=TIMESTAMP},
      </if>
      <if test="szmfauu != null">
        #{szmfauu,jdbcType=CHAR},
      </if>
      <if test="szmfaup != null">
        #{szmfaup,jdbcType=CHAR},
      </if>
      <if test="db2GeneratedRowidForLobs != null">
        #{db2GeneratedRowidForLobs,jdbcType=OTHER},
      </if>
      <if test="bzmffle != null">
        #{bzmffle,jdbcType=BLOB},
      </if>
    </trim>
  </insert>
  <update id="updateByPrimaryKeySelective" parameterType="com.ibm.dk.alr.zscm.scrt.storing.mybatis.model.WLMZMF">
    update WLMZMF
    <set>
      <if test="dzmfaut != null">
        DZMFAUT = #{dzmfaut,jdbcType=TIMESTAMP},
      </if>
      <if test="szmfauu != null">
        SZMFAUU = #{szmfauu,jdbcType=CHAR},
      </if>
      <if test="szmfaup != null">
        SZMFAUP = #{szmfaup,jdbcType=CHAR},
      </if>
      <if test="db2GeneratedRowidForLobs != null">
        DB2_GENERATED_ROWID_FOR_LOBS = #{db2GeneratedRowidForLobs,jdbcType=OTHER},
      </if>
      <if test="bzmffle != null">
        BZMFFLE = #{bzmffle,jdbcType=BLOB},
      </if>
    </set>
    where ISUBMID = #{isubmid,jdbcType=CHAR}
      and ISUBREP = #{isubrep,jdbcType=INTEGER}
  </update>
  <update id="updateByPrimaryKeyWithBLOBs" parameterType="com.ibm.dk.alr.zscm.scrt.storing.mybatis.model.WLMZMF">
    update WLMZMF
    set DZMFAUT = #{dzmfaut,jdbcType=TIMESTAMP},
      SZMFAUU = #{szmfauu,jdbcType=CHAR},
      SZMFAUP = #{szmfaup,jdbcType=CHAR},
      DB2_GENERATED_ROWID_FOR_LOBS = #{db2GeneratedRowidForLobs,jdbcType=OTHER},
      BZMFFLE = #{bzmffle,jdbcType=BLOB}
    where ISUBMID = #{isubmid,jdbcType=CHAR}
      and ISUBREP = #{isubrep,jdbcType=INTEGER}
  </update>
  <update id="updateByPrimaryKey" parameterType="com.ibm.dk.alr.zscm.scrt.storing.mybatis.model.WLMZMF">
    update WLMZMF
    set DZMFAUT = #{dzmfaut,jdbcType=TIMESTAMP},
      SZMFAUU = #{szmfauu,jdbcType=CHAR},
      SZMFAUP = #{szmfaup,jdbcType=CHAR},
      DB2_GENERATED_ROWID_FOR_LOBS = #{db2GeneratedRowidForLobs,jdbcType=OTHER}
    where ISUBMID = #{isubmid,jdbcType=CHAR}
      and ISUBREP = #{isubrep,jdbcType=INTEGER}
  </update>
  <resultMap id="BaseResultMap" type="com.ibm.dk.alr.zscm.scrt.storing.mybatis.model.WLMZMF">
    <id column="ISUBMID" jdbcType="CHAR" property="isubmid" />
    <id column="ISUBREP" jdbcType="INTEGER" property="isubrep" />
    <result column="DZMFAUT" jdbcType="TIMESTAMP" property="dzmfaut" />
    <result column="SZMFAUU" jdbcType="CHAR" property="szmfauu" />
    <result column="SZMFAUP" jdbcType="CHAR" property="szmfaup" />
    <result column="DB2_GENERATED_ROWID_FOR_LOBS" jdbcType="OTHER" property="db2GeneratedRowidForLobs" />
  </resultMap>
  <resultMap extends="BaseResultMap" id="ResultMapWithBLOBs" type="com.ibm.dk.alr.zscm.scrt.storing.mybatis.model.WLMZMF">
    <result column="BZMFFLE" jdbcType="BLOB" property="bzmffle" />
  </resultMap>
  <sql id="Base_Column_List">
    ISUBMID, ISUBREP, DZMFAUT, SZMFAUU, SZMFAUP, DB2_GENERATED_ROWID_FOR_LOBS
  </sql>
  <sql id="Blob_Column_List">
    BZMFFLE
  </sql>
  <select id="selectByPrimaryKey" parameterType="com.ibm.dk.alr.zscm.scrt.storing.mybatis.model.WLMZMFKey" resultMap="ResultMapWithBLOBs">
    select 
    <include refid="Base_Column_List" />
    ,
    <include refid="Blob_Column_List" />
    from WLMZMF
    where ISUBMID = #{isubmid,jdbcType=CHAR}
      and ISUBREP = #{isubrep,jdbcType=INTEGER}
  </select>
  <delete id="deleteByPrimaryKey" parameterType="com.ibm.dk.alr.zscm.scrt.storing.mybatis.model.WLMZMFKey">
    delete from WLMZMF
    where ISUBMID = #{isubmid,jdbcType=CHAR}
      and ISUBREP = #{isubrep,jdbcType=INTEGER}
  </delete>
  <insert id="insert" parameterType="com.ibm.dk.alr.zscm.scrt.storing.mybatis.model.WLMZMF">
    insert into WLMZMF (ISUBMID, ISUBREP, DZMFAUT, 
      SZMFAUU, SZMFAUP, DB2_GENERATED_ROWID_FOR_LOBS, 
      BZMFFLE)
    values (#{isubmid,jdbcType=CHAR}, #{isubrep,jdbcType=INTEGER}, #{dzmfaut,jdbcType=TIMESTAMP}, 
      #{szmfauu,jdbcType=CHAR}, #{szmfaup,jdbcType=CHAR}, #{db2GeneratedRowidForLobs,jdbcType=OTHER}, 
      #{bzmffle,jdbcType=BLOB})
  </insert>
  <insert id="insertSelective" parameterType="com.ibm.dk.alr.zscm.scrt.storing.mybatis.model.WLMZMF">
    insert into WLMZMF
    <trim prefix="(" suffix=")" suffixOverrides=",">
      <if test="isubmid != null">
        ISUBMID,
      </if>
      <if test="isubrep != null">
        ISUBREP,
      </if>
      <if test="dzmfaut != null">
        DZMFAUT,
      </if>
      <if test="szmfauu != null">
        SZMFAUU,
      </if>
      <if test="szmfaup != null">
        SZMFAUP,
      </if>
      <if test="db2GeneratedRowidForLobs != null">
        DB2_GENERATED_ROWID_FOR_LOBS,
      </if>
      <if test="bzmffle != null">
        BZMFFLE,
      </if>
    </trim>
    <trim prefix="values (" suffix=")" suffixOverrides=",">
      <if test="isubmid != null">
        #{isubmid,jdbcType=CHAR},
      </if>
      <if test="isubrep != null">
        #{isubrep,jdbcType=INTEGER},
      </if>
      <if test="dzmfaut != null">
        #{dzmfaut,jdbcType=TIMESTAMP},
      </if>
      <if test="szmfauu != null">
        #{szmfauu,jdbcType=CHAR},
      </if>
      <if test="szmfaup != null">
        #{szmfaup,jdbcType=CHAR},
      </if>
      <if test="db2GeneratedRowidForLobs != null">
        #{db2GeneratedRowidForLobs,jdbcType=OTHER},
      </if>
      <if test="bzmffle != null">
        #{bzmffle,jdbcType=BLOB},
      </if>
    </trim>
  </insert>
  <update id="updateByPrimaryKeySelective" parameterType="com.ibm.dk.alr.zscm.scrt.storing.mybatis.model.WLMZMF">
    update WLMZMF
    <set>
      <if test="dzmfaut != null">
        DZMFAUT = #{dzmfaut,jdbcType=TIMESTAMP},
      </if>
      <if test="szmfauu != null">
        SZMFAUU = #{szmfauu,jdbcType=CHAR},
      </if>
      <if test="szmfaup != null">
        SZMFAUP = #{szmfaup,jdbcType=CHAR},
      </if>
      <if test="db2GeneratedRowidForLobs != null">
        DB2_GENERATED_ROWID_FOR_LOBS = #{db2GeneratedRowidForLobs,jdbcType=OTHER},
      </if>
      <if test="bzmffle != null">
        BZMFFLE = #{bzmffle,jdbcType=BLOB},
      </if>
    </set>
    where ISUBMID = #{isubmid,jdbcType=CHAR}
      and ISUBREP = #{isubrep,jdbcType=INTEGER}
  </update>
  <update id="updateByPrimaryKeyWithBLOBs" parameterType="com.ibm.dk.alr.zscm.scrt.storing.mybatis.model.WLMZMF">
    update WLMZMF
    set DZMFAUT = #{dzmfaut,jdbcType=TIMESTAMP},
      SZMFAUU = #{szmfauu,jdbcType=CHAR},
      SZMFAUP = #{szmfaup,jdbcType=CHAR},
      DB2_GENERATED_ROWID_FOR_LOBS = #{db2GeneratedRowidForLobs,jdbcType=OTHER},
      BZMFFLE = #{bzmffle,jdbcType=BLOB}
    where ISUBMID = #{isubmid,jdbcType=CHAR}
      and ISUBREP = #{isubrep,jdbcType=INTEGER}
  </update>
  <update id="updateByPrimaryKey" parameterType="com.ibm.dk.alr.zscm.scrt.storing.mybatis.model.WLMZMF">
    update WLMZMF
    set DZMFAUT = #{dzmfaut,jdbcType=TIMESTAMP},
      SZMFAUU = #{szmfauu,jdbcType=CHAR},
      SZMFAUP = #{szmfaup,jdbcType=CHAR},
      DB2_GENERATED_ROWID_FOR_LOBS = #{db2GeneratedRowidForLobs,jdbcType=OTHER}
    where ISUBMID = #{isubmid,jdbcType=CHAR}
      and ISUBREP = #{isubrep,jdbcType=INTEGER}
  </update>
  <resultMap id="BaseResultMap" type="com.ibm.dk.alr.zscm.scrt.storing.mybatis.model.WLMZMF">
    <id column="ISUBMID" jdbcType="CHAR" property="isubmid" />
    <id column="ISUBREP" jdbcType="INTEGER" property="isubrep" />
    <result column="DZMFAUT" jdbcType="TIMESTAMP" property="dzmfaut" />
    <result column="SZMFAUU" jdbcType="CHAR" property="szmfauu" />
    <result column="SZMFAUP" jdbcType="CHAR" property="szmfaup" />
    <result column="DB2_GENERATED_ROWID_FOR_LOBS" jdbcType="OTHER" property="db2GeneratedRowidForLobs" />
  </resultMap>
  <resultMap extends="BaseResultMap" id="ResultMapWithBLOBs" type="com.ibm.dk.alr.zscm.scrt.storing.mybatis.model.WLMZMF">
    <result column="BZMFFLE" jdbcType="BLOB" property="bzmffle" />
  </resultMap>
  <sql id="Base_Column_List">
    ISUBMID, ISUBREP, DZMFAUT, SZMFAUU, SZMFAUP, DB2_GENERATED_ROWID_FOR_LOBS
  </sql>
  <sql id="Blob_Column_List">
    BZMFFLE
  </sql>
  <select id="selectByPrimaryKey" parameterType="com.ibm.dk.alr.zscm.scrt.storing.mybatis.model.WLMZMFKey" resultMap="ResultMapWithBLOBs">
    select 
    <include refid="Base_Column_List" />
    ,
    <include refid="Blob_Column_List" />
    from WLMZMF
    where ISUBMID = #{isubmid,jdbcType=CHAR}
      and ISUBREP = #{isubrep,jdbcType=INTEGER}
  </select>
  <delete id="deleteByPrimaryKey" parameterType="com.ibm.dk.alr.zscm.scrt.storing.mybatis.model.WLMZMFKey">
    delete from WLMZMF
    where ISUBMID = #{isubmid,jdbcType=CHAR}
      and ISUBREP = #{isubrep,jdbcType=INTEGER}
  </delete>
  <insert id="insert" parameterType="com.ibm.dk.alr.zscm.scrt.storing.mybatis.model.WLMZMF">
    insert into WLMZMF (ISUBMID, ISUBREP, DZMFAUT, 
      SZMFAUU, SZMFAUP, DB2_GENERATED_ROWID_FOR_LOBS, 
      BZMFFLE)
    values (#{isubmid,jdbcType=CHAR}, #{isubrep,jdbcType=INTEGER}, #{dzmfaut,jdbcType=TIMESTAMP}, 
      #{szmfauu,jdbcType=CHAR}, #{szmfaup,jdbcType=CHAR}, #{db2GeneratedRowidForLobs,jdbcType=OTHER}, 
      #{bzmffle,jdbcType=BLOB})
  </insert>
  <insert id="insertSelective" parameterType="com.ibm.dk.alr.zscm.scrt.storing.mybatis.model.WLMZMF">
    insert into WLMZMF
    <trim prefix="(" suffix=")" suffixOverrides=",">
      <if test="isubmid != null">
        ISUBMID,
      </if>
      <if test="isubrep != null">
        ISUBREP,
      </if>
      <if test="dzmfaut != null">
        DZMFAUT,
      </if>
      <if test="szmfauu != null">
        SZMFAUU,
      </if>
      <if test="szmfaup != null">
        SZMFAUP,
      </if>
      <if test="db2GeneratedRowidForLobs != null">
        DB2_GENERATED_ROWID_FOR_LOBS,
      </if>
      <if test="bzmffle != null">
        BZMFFLE,
      </if>
    </trim>
    <trim prefix="values (" suffix=")" suffixOverrides=",">
      <if test="isubmid != null">
        #{isubmid,jdbcType=CHAR},
      </if>
      <if test="isubrep != null">
        #{isubrep,jdbcType=INTEGER},
      </if>
      <if test="dzmfaut != null">
        #{dzmfaut,jdbcType=TIMESTAMP},
      </if>
      <if test="szmfauu != null">
        #{szmfauu,jdbcType=CHAR},
      </if>
      <if test="szmfaup != null">
        #{szmfaup,jdbcType=CHAR},
      </if>
      <if test="db2GeneratedRowidForLobs != null">
        #{db2GeneratedRowidForLobs,jdbcType=OTHER},
      </if>
      <if test="bzmffle != null">
        #{bzmffle,jdbcType=BLOB},
      </if>
    </trim>
  </insert>
  <update id="updateByPrimaryKeySelective" parameterType="com.ibm.dk.alr.zscm.scrt.storing.mybatis.model.WLMZMF">
    update WLMZMF
    <set>
      <if test="dzmfaut != null">
        DZMFAUT = #{dzmfaut,jdbcType=TIMESTAMP},
      </if>
      <if test="szmfauu != null">
        SZMFAUU = #{szmfauu,jdbcType=CHAR},
      </if>
      <if test="szmfaup != null">
        SZMFAUP = #{szmfaup,jdbcType=CHAR},
      </if>
      <if test="db2GeneratedRowidForLobs != null">
        DB2_GENERATED_ROWID_FOR_LOBS = #{db2GeneratedRowidForLobs,jdbcType=OTHER},
      </if>
      <if test="bzmffle != null">
        BZMFFLE = #{bzmffle,jdbcType=BLOB},
      </if>
    </set>
    where ISUBMID = #{isubmid,jdbcType=CHAR}
      and ISUBREP = #{isubrep,jdbcType=INTEGER}
  </update>
  <update id="updateByPrimaryKeyWithBLOBs" parameterType="com.ibm.dk.alr.zscm.scrt.storing.mybatis.model.WLMZMF">
    update WLMZMF
    set DZMFAUT = #{dzmfaut,jdbcType=TIMESTAMP},
      SZMFAUU = #{szmfauu,jdbcType=CHAR},
      SZMFAUP = #{szmfaup,jdbcType=CHAR},
      DB2_GENERATED_ROWID_FOR_LOBS = #{db2GeneratedRowidForLobs,jdbcType=OTHER},
      BZMFFLE = #{bzmffle,jdbcType=BLOB}
    where ISUBMID = #{isubmid,jdbcType=CHAR}
      and ISUBREP = #{isubrep,jdbcType=INTEGER}
  </update>
  <update id="updateByPrimaryKey" parameterType="com.ibm.dk.alr.zscm.scrt.storing.mybatis.model.WLMZMF">
    update WLMZMF
    set DZMFAUT = #{dzmfaut,jdbcType=TIMESTAMP},
      SZMFAUU = #{szmfauu,jdbcType=CHAR},
      SZMFAUP = #{szmfaup,jdbcType=CHAR},
      DB2_GENERATED_ROWID_FOR_LOBS = #{db2GeneratedRowidForLobs,jdbcType=OTHER}
    where ISUBMID = #{isubmid,jdbcType=CHAR}
      and ISUBREP = #{isubrep,jdbcType=INTEGER}
  </update>
  <resultMap id="BaseResultMap" type="com.ibm.dk.alr.zscm.scrt.storing.mybatis.model.WLMZMF">
    <id column="ISUBMID" jdbcType="CHAR" property="isubmid" />
    <id column="ISUBREP" jdbcType="INTEGER" property="isubrep" />
    <result column="DZMFAUT" jdbcType="TIMESTAMP" property="dzmfaut" />
    <result column="SZMFAUU" jdbcType="CHAR" property="szmfauu" />
    <result column="SZMFAUP" jdbcType="CHAR" property="szmfaup" />
    <result column="DB2_GENERATED_ROWID_FOR_LOBS" jdbcType="OTHER" property="db2GeneratedRowidForLobs" />
  </resultMap>
  <resultMap extends="BaseResultMap" id="ResultMapWithBLOBs" type="com.ibm.dk.alr.zscm.scrt.storing.mybatis.model.WLMZMF">
    <result column="BZMFFLE" jdbcType="BLOB" property="bzmffle" />
  </resultMap>
  <sql id="Base_Column_List">
    ISUBMID, ISUBREP, DZMFAUT, SZMFAUU, SZMFAUP, DB2_GENERATED_ROWID_FOR_LOBS
  </sql>
  <sql id="Blob_Column_List">
    BZMFFLE
  </sql>
  <select id="selectByPrimaryKey" parameterType="com.ibm.dk.alr.zscm.scrt.storing.mybatis.model.WLMZMFKey" resultMap="ResultMapWithBLOBs">
    select 
    <include refid="Base_Column_List" />
    ,
    <include refid="Blob_Column_List" />
    from WLMZMF
    where ISUBMID = #{isubmid,jdbcType=CHAR}
      and ISUBREP = #{isubrep,jdbcType=INTEGER}
  </select>
  <delete id="deleteByPrimaryKey" parameterType="com.ibm.dk.alr.zscm.scrt.storing.mybatis.model.WLMZMFKey">
    delete from WLMZMF
    where ISUBMID = #{isubmid,jdbcType=CHAR}
      and ISUBREP = #{isubrep,jdbcType=INTEGER}
  </delete>
  <insert id="insert" parameterType="com.ibm.dk.alr.zscm.scrt.storing.mybatis.model.WLMZMF">
    insert into WLMZMF (ISUBMID, ISUBREP, DZMFAUT, 
      SZMFAUU, SZMFAUP, DB2_GENERATED_ROWID_FOR_LOBS, 
      BZMFFLE)
    values (#{isubmid,jdbcType=CHAR}, #{isubrep,jdbcType=INTEGER}, #{dzmfaut,jdbcType=TIMESTAMP}, 
      #{szmfauu,jdbcType=CHAR}, #{szmfaup,jdbcType=CHAR}, #{db2GeneratedRowidForLobs,jdbcType=OTHER}, 
      #{bzmffle,jdbcType=BLOB})
  </insert>
  <insert id="insertSelective" parameterType="com.ibm.dk.alr.zscm.scrt.storing.mybatis.model.WLMZMF">
    insert into WLMZMF
    <trim prefix="(" suffix=")" suffixOverrides=",">
      <if test="isubmid != null">
        ISUBMID,
      </if>
      <if test="isubrep != null">
        ISUBREP,
      </if>
      <if test="dzmfaut != null">
        DZMFAUT,
      </if>
      <if test="szmfauu != null">
        SZMFAUU,
      </if>
      <if test="szmfaup != null">
        SZMFAUP,
      </if>
      <if test="db2GeneratedRowidForLobs != null">
        DB2_GENERATED_ROWID_FOR_LOBS,
      </if>
      <if test="bzmffle != null">
        BZMFFLE,
      </if>
    </trim>
    <trim prefix="values (" suffix=")" suffixOverrides=",">
      <if test="isubmid != null">
        #{isubmid,jdbcType=CHAR},
      </if>
      <if test="isubrep != null">
        #{isubrep,jdbcType=INTEGER},
      </if>
      <if test="dzmfaut != null">
        #{dzmfaut,jdbcType=TIMESTAMP},
      </if>
      <if test="szmfauu != null">
        #{szmfauu,jdbcType=CHAR},
      </if>
      <if test="szmfaup != null">
        #{szmfaup,jdbcType=CHAR},
      </if>
      <if test="db2GeneratedRowidForLobs != null">
        #{db2GeneratedRowidForLobs,jdbcType=OTHER},
      </if>
      <if test="bzmffle != null">
        #{bzmffle,jdbcType=BLOB},
      </if>
    </trim>
  </insert>
  <update id="updateByPrimaryKeySelective" parameterType="com.ibm.dk.alr.zscm.scrt.storing.mybatis.model.WLMZMF">
    update WLMZMF
    <set>
      <if test="dzmfaut != null">
        DZMFAUT = #{dzmfaut,jdbcType=TIMESTAMP},
      </if>
      <if test="szmfauu != null">
        SZMFAUU = #{szmfauu,jdbcType=CHAR},
      </if>
      <if test="szmfaup != null">
        SZMFAUP = #{szmfaup,jdbcType=CHAR},
      </if>
      <if test="db2GeneratedRowidForLobs != null">
        DB2_GENERATED_ROWID_FOR_LOBS = #{db2GeneratedRowidForLobs,jdbcType=OTHER},
      </if>
      <if test="bzmffle != null">
        BZMFFLE = #{bzmffle,jdbcType=BLOB},
      </if>
    </set>
    where ISUBMID = #{isubmid,jdbcType=CHAR}
      and ISUBREP = #{isubrep,jdbcType=INTEGER}
  </update>
  <update id="updateByPrimaryKeyWithBLOBs" parameterType="com.ibm.dk.alr.zscm.scrt.storing.mybatis.model.WLMZMF">
    update WLMZMF
    set DZMFAUT = #{dzmfaut,jdbcType=TIMESTAMP},
      SZMFAUU = #{szmfauu,jdbcType=CHAR},
      SZMFAUP = #{szmfaup,jdbcType=CHAR},
      DB2_GENERATED_ROWID_FOR_LOBS = #{db2GeneratedRowidForLobs,jdbcType=OTHER},
      BZMFFLE = #{bzmffle,jdbcType=BLOB}
    where ISUBMID = #{isubmid,jdbcType=CHAR}
      and ISUBREP = #{isubrep,jdbcType=INTEGER}
  </update>
  <update id="updateByPrimaryKey" parameterType="com.ibm.dk.alr.zscm.scrt.storing.mybatis.model.WLMZMF">
    update WLMZMF
    set DZMFAUT = #{dzmfaut,jdbcType=TIMESTAMP},
      SZMFAUU = #{szmfauu,jdbcType=CHAR},
      SZMFAUP = #{szmfaup,jdbcType=CHAR},
      DB2_GENERATED_ROWID_FOR_LOBS = #{db2GeneratedRowidForLobs,jdbcType=OTHER}
    where ISUBMID = #{isubmid,jdbcType=CHAR}
      and ISUBREP = #{isubrep,jdbcType=INTEGER}
  </update>
  <resultMap id="BaseResultMap" type="com.ibm.dk.alr.zscm.scrt.storing.mybatis.model.WLMZMF">
    <id column="ISUBMID" jdbcType="CHAR" property="isubmid" />
    <id column="ISUBREP" jdbcType="INTEGER" property="isubrep" />
    <result column="DZMFAUT" jdbcType="TIMESTAMP" property="dzmfaut" />
    <result column="SZMFAUU" jdbcType="CHAR" property="szmfauu" />
    <result column="SZMFAUP" jdbcType="CHAR" property="szmfaup" />
    <result column="DB2_GENERATED_ROWID_FOR_LOBS" jdbcType="OTHER" property="db2GeneratedRowidForLobs" />
  </resultMap>
  <resultMap extends="BaseResultMap" id="ResultMapWithBLOBs" type="com.ibm.dk.alr.zscm.scrt.storing.mybatis.model.WLMZMF">
    <result column="BZMFFLE" jdbcType="BLOB" property="bzmffle" />
  </resultMap>
  <sql id="Base_Column_List">
    ISUBMID, ISUBREP, DZMFAUT, SZMFAUU, SZMFAUP, DB2_GENERATED_ROWID_FOR_LOBS
  </sql>
  <sql id="Blob_Column_List">
    BZMFFLE
  </sql>
  <select id="selectByPrimaryKey" parameterType="com.ibm.dk.alr.zscm.scrt.storing.mybatis.model.WLMZMFKey" resultMap="ResultMapWithBLOBs">
    select 
    <include refid="Base_Column_List" />
    ,
    <include refid="Blob_Column_List" />
    from WLMZMF
    where ISUBMID = #{isubmid,jdbcType=CHAR}
      and ISUBREP = #{isubrep,jdbcType=INTEGER}
  </select>
  <delete id="deleteByPrimaryKey" parameterType="com.ibm.dk.alr.zscm.scrt.storing.mybatis.model.WLMZMFKey">
    delete from WLMZMF
    where ISUBMID = #{isubmid,jdbcType=CHAR}
      and ISUBREP = #{isubrep,jdbcType=INTEGER}
  </delete>
  <insert id="insert" parameterType="com.ibm.dk.alr.zscm.scrt.storing.mybatis.model.WLMZMF">
    insert into WLMZMF (ISUBMID, ISUBREP, DZMFAUT, 
      SZMFAUU, SZMFAUP, DB2_GENERATED_ROWID_FOR_LOBS, 
      BZMFFLE)
    values (#{isubmid,jdbcType=CHAR}, #{isubrep,jdbcType=INTEGER}, #{dzmfaut,jdbcType=TIMESTAMP}, 
      #{szmfauu,jdbcType=CHAR}, #{szmfaup,jdbcType=CHAR}, #{db2GeneratedRowidForLobs,jdbcType=OTHER}, 
      #{bzmffle,jdbcType=BLOB})
  </insert>
  <insert id="insertSelective" parameterType="com.ibm.dk.alr.zscm.scrt.storing.mybatis.model.WLMZMF">
    insert into WLMZMF
    <trim prefix="(" suffix=")" suffixOverrides=",">
      <if test="isubmid != null">
        ISUBMID,
      </if>
      <if test="isubrep != null">
        ISUBREP,
      </if>
      <if test="dzmfaut != null">
        DZMFAUT,
      </if>
      <if test="szmfauu != null">
        SZMFAUU,
      </if>
      <if test="szmfaup != null">
        SZMFAUP,
      </if>
      <if test="db2GeneratedRowidForLobs != null">
        DB2_GENERATED_ROWID_FOR_LOBS,
      </if>
      <if test="bzmffle != null">
        BZMFFLE,
      </if>
    </trim>
    <trim prefix="values (" suffix=")" suffixOverrides=",">
      <if test="isubmid != null">
        #{isubmid,jdbcType=CHAR},
      </if>
      <if test="isubrep != null">
        #{isubrep,jdbcType=INTEGER},
      </if>
      <if test="dzmfaut != null">
        #{dzmfaut,jdbcType=TIMESTAMP},
      </if>
      <if test="szmfauu != null">
        #{szmfauu,jdbcType=CHAR},
      </if>
      <if test="szmfaup != null">
        #{szmfaup,jdbcType=CHAR},
      </if>
      <if test="db2GeneratedRowidForLobs != null">
        #{db2GeneratedRowidForLobs,jdbcType=OTHER},
      </if>
      <if test="bzmffle != null">
        #{bzmffle,jdbcType=BLOB},
      </if>
    </trim>
  </insert>
  <update id="updateByPrimaryKeySelective" parameterType="com.ibm.dk.alr.zscm.scrt.storing.mybatis.model.WLMZMF">
    update WLMZMF
    <set>
      <if test="dzmfaut != null">
        DZMFAUT = #{dzmfaut,jdbcType=TIMESTAMP},
      </if>
      <if test="szmfauu != null">
        SZMFAUU = #{szmfauu,jdbcType=CHAR},
      </if>
      <if test="szmfaup != null">
        SZMFAUP = #{szmfaup,jdbcType=CHAR},
      </if>
      <if test="db2GeneratedRowidForLobs != null">
        DB2_GENERATED_ROWID_FOR_LOBS = #{db2GeneratedRowidForLobs,jdbcType=OTHER},
      </if>
      <if test="bzmffle != null">
        BZMFFLE = #{bzmffle,jdbcType=BLOB},
      </if>
    </set>
    where ISUBMID = #{isubmid,jdbcType=CHAR}
      and ISUBREP = #{isubrep,jdbcType=INTEGER}
  </update>
  <update id="updateByPrimaryKeyWithBLOBs" parameterType="com.ibm.dk.alr.zscm.scrt.storing.mybatis.model.WLMZMF">
    update WLMZMF
    set DZMFAUT = #{dzmfaut,jdbcType=TIMESTAMP},
      SZMFAUU = #{szmfauu,jdbcType=CHAR},
      SZMFAUP = #{szmfaup,jdbcType=CHAR},
      DB2_GENERATED_ROWID_FOR_LOBS = #{db2GeneratedRowidForLobs,jdbcType=OTHER},
      BZMFFLE = #{bzmffle,jdbcType=BLOB}
    where ISUBMID = #{isubmid,jdbcType=CHAR}
      and ISUBREP = #{isubrep,jdbcType=INTEGER}
  </update>
  <update id="updateByPrimaryKey" parameterType="com.ibm.dk.alr.zscm.scrt.storing.mybatis.model.WLMZMF">
    update WLMZMF
    set DZMFAUT = #{dzmfaut,jdbcType=TIMESTAMP},
      SZMFAUU = #{szmfauu,jdbcType=CHAR},
      SZMFAUP = #{szmfaup,jdbcType=CHAR},
      DB2_GENERATED_ROWID_FOR_LOBS = #{db2GeneratedRowidForLobs,jdbcType=OTHER}
    where ISUBMID = #{isubmid,jdbcType=CHAR}
      and ISUBREP = #{isubrep,jdbcType=INTEGER}
  </update>
  <resultMap id="BaseResultMap" type="com.ibm.dk.alr.zscm.scrt.storing.mybatis.model.WLMZMF">
    <id column="ISUBMID" jdbcType="CHAR" property="isubmid" />
    <id column="ISUBREP" jdbcType="INTEGER" property="isubrep" />
    <result column="DZMFAUT" jdbcType="TIMESTAMP" property="dzmfaut" />
    <result column="SZMFAUU" jdbcType="CHAR" property="szmfauu" />
    <result column="SZMFAUP" jdbcType="CHAR" property="szmfaup" />
    <result column="DB2_GENERATED_ROWID_FOR_LOBS" jdbcType="OTHER" property="db2GeneratedRowidForLobs" />
  </resultMap>
  <resultMap extends="BaseResultMap" id="ResultMapWithBLOBs" type="com.ibm.dk.alr.zscm.scrt.storing.mybatis.model.WLMZMF">
    <result column="BZMFFLE" jdbcType="BLOB" property="bzmffle" />
  </resultMap>
  <sql id="Base_Column_List">
    ISUBMID, ISUBREP, DZMFAUT, SZMFAUU, SZMFAUP, DB2_GENERATED_ROWID_FOR_LOBS
  </sql>
  <sql id="Blob_Column_List">
    BZMFFLE
  </sql>
  <select id="selectByPrimaryKey" parameterType="com.ibm.dk.alr.zscm.scrt.storing.mybatis.model.WLMZMFKey" resultMap="ResultMapWithBLOBs">
    select 
    <include refid="Base_Column_List" />
    ,
    <include refid="Blob_Column_List" />
    from WLMZMF
    where ISUBMID = #{isubmid,jdbcType=CHAR}
      and ISUBREP = #{isubrep,jdbcType=INTEGER}
  </select>
  <delete id="deleteByPrimaryKey" parameterType="com.ibm.dk.alr.zscm.scrt.storing.mybatis.model.WLMZMFKey">
    delete from WLMZMF
    where ISUBMID = #{isubmid,jdbcType=CHAR}
      and ISUBREP = #{isubrep,jdbcType=INTEGER}
  </delete>
  <insert id="insert" parameterType="com.ibm.dk.alr.zscm.scrt.storing.mybatis.model.WLMZMF">
    insert into WLMZMF (ISUBMID, ISUBREP, DZMFAUT, 
      SZMFAUU, SZMFAUP, DB2_GENERATED_ROWID_FOR_LOBS, 
      BZMFFLE)
    values (#{isubmid,jdbcType=CHAR}, #{isubrep,jdbcType=INTEGER}, #{dzmfaut,jdbcType=TIMESTAMP}, 
      #{szmfauu,jdbcType=CHAR}, #{szmfaup,jdbcType=CHAR}, #{db2GeneratedRowidForLobs,jdbcType=OTHER}, 
      #{bzmffle,jdbcType=BLOB})
  </insert>
  <insert id="insertSelective" parameterType="com.ibm.dk.alr.zscm.scrt.storing.mybatis.model.WLMZMF">
    insert into WLMZMF
    <trim prefix="(" suffix=")" suffixOverrides=",">
      <if test="isubmid != null">
        ISUBMID,
      </if>
      <if test="isubrep != null">
        ISUBREP,
      </if>
      <if test="dzmfaut != null">
        DZMFAUT,
      </if>
      <if test="szmfauu != null">
        SZMFAUU,
      </if>
      <if test="szmfaup != null">
        SZMFAUP,
      </if>
      <if test="db2GeneratedRowidForLobs != null">
        DB2_GENERATED_ROWID_FOR_LOBS,
      </if>
      <if test="bzmffle != null">
        BZMFFLE,
      </if>
    </trim>
    <trim prefix="values (" suffix=")" suffixOverrides=",">
      <if test="isubmid != null">
        #{isubmid,jdbcType=CHAR},
      </if>
      <if test="isubrep != null">
        #{isubrep,jdbcType=INTEGER},
      </if>
      <if test="dzmfaut != null">
        #{dzmfaut,jdbcType=TIMESTAMP},
      </if>
      <if test="szmfauu != null">
        #{szmfauu,jdbcType=CHAR},
      </if>
      <if test="szmfaup != null">
        #{szmfaup,jdbcType=CHAR},
      </if>
      <if test="db2GeneratedRowidForLobs != null">
        #{db2GeneratedRowidForLobs,jdbcType=OTHER},
      </if>
      <if test="bzmffle != null">
        #{bzmffle,jdbcType=BLOB},
      </if>
    </trim>
  </insert>
  <update id="updateByPrimaryKeySelective" parameterType="com.ibm.dk.alr.zscm.scrt.storing.mybatis.model.WLMZMF">
    update WLMZMF
    <set>
      <if test="dzmfaut != null">
        DZMFAUT = #{dzmfaut,jdbcType=TIMESTAMP},
      </if>
      <if test="szmfauu != null">
        SZMFAUU = #{szmfauu,jdbcType=CHAR},
      </if>
      <if test="szmfaup != null">
        SZMFAUP = #{szmfaup,jdbcType=CHAR},
      </if>
      <if test="db2GeneratedRowidForLobs != null">
        DB2_GENERATED_ROWID_FOR_LOBS = #{db2GeneratedRowidForLobs,jdbcType=OTHER},
      </if>
      <if test="bzmffle != null">
        BZMFFLE = #{bzmffle,jdbcType=BLOB},
      </if>
    </set>
    where ISUBMID = #{isubmid,jdbcType=CHAR}
      and ISUBREP = #{isubrep,jdbcType=INTEGER}
  </update>
  <update id="updateByPrimaryKeyWithBLOBs" parameterType="com.ibm.dk.alr.zscm.scrt.storing.mybatis.model.WLMZMF">
    update WLMZMF
    set DZMFAUT = #{dzmfaut,jdbcType=TIMESTAMP},
      SZMFAUU = #{szmfauu,jdbcType=CHAR},
      SZMFAUP = #{szmfaup,jdbcType=CHAR},
      DB2_GENERATED_ROWID_FOR_LOBS = #{db2GeneratedRowidForLobs,jdbcType=OTHER},
      BZMFFLE = #{bzmffle,jdbcType=BLOB}
    where ISUBMID = #{isubmid,jdbcType=CHAR}
      and ISUBREP = #{isubrep,jdbcType=INTEGER}
  </update>
  <update id="updateByPrimaryKey" parameterType="com.ibm.dk.alr.zscm.scrt.storing.mybatis.model.WLMZMF">
    update WLMZMF
    set DZMFAUT = #{dzmfaut,jdbcType=TIMESTAMP},
      SZMFAUU = #{szmfauu,jdbcType=CHAR},
      SZMFAUP = #{szmfaup,jdbcType=CHAR},
      DB2_GENERATED_ROWID_FOR_LOBS = #{db2GeneratedRowidForLobs,jdbcType=OTHER}
    where ISUBMID = #{isubmid,jdbcType=CHAR}
      and ISUBREP = #{isubrep,jdbcType=INTEGER}
  </update>
</mapper>